sample_id,split,kind,speech_speaker,speech_file,music_track_id,music_license,snr_db,npy_path
1,train,clean_speech,3576,/home/aidevcon/Downloads/DATASET/librispeech/LibriSpeech/dev-clean/3576/138058/3576-138058-0005.flac,,,,/tmp/phi1/dataset/000001.npy
2,train,clean_speech,5536,/home/aidevcon/Downloads/DATASET/librispeech/LibriSpeech/dev-clean/5536/43359/5536-43359-0007.flac,,,,/tmp/phi1/dataset/000002.npy
3,train,clean_speech,84,/home/aidevcon/Downloads/DATASET/librispeech/LibriSpeech/dev-clean/84/121550/84-121550-0034.flac,,,,/tmp/phi1/dataset/000003.npy
4,train,clean_speech,1272,/home/aidevcon/Downloads/DATASET/librispeech/LibriSpeech/dev-clean/1272/141231/1272-141231-0026.flac,,,,/tmp/phi1/dataset/000004.npy
5,train,clean_speech,3752,/home/aidevcon/Downloads/DATASET/librispeech/LibriSpeech/dev-clean/3752/4943/3752-4943-0001.flac,,,,/tmp/phi1/dataset/000005.npy
6,train,clean_speech,2803,/home/aidevcon/Downloads/DATASET/librispeech/LibriSpeech/dev-clean/2803/154320/2803-154320-0012.flac,,,,/tmp/phi1/dataset/000006.npy
7,train,clean_speech,5694,/home/aidevcon/Downloads/DATASET/librispeech/LibriSpeech/dev-clean/5694/64025/5694-64025-0014.flac,,,,/tmp/phi1/dataset/000007.npy
8,train,clean_speech,5895,/home/aidevcon/Downloads/DATASET/librispeech/LibriSpeech/dev-clean/5895/34622/5895-34622-0009.flac,,,,/tmp/phi1/dataset/000008.npy
9,train,clean_speech,6319,/home/aidevcon/Downloads/DATASET/librispeech/LibriSpeech/dev-clean/6319/64726/6319-64726-0009.flac,,,,/tmp/phi1/dataset/000009.npy
10,train,clean_speech,6345,/home/aidevcon/Downloads/DATASET/librispeech/LibriSpeech/dev-clean/6345/64257/6345-64257-0000.flac,,,,/tmp/phi1/dataset/000010.npy
11,train,clean_speech,5895,/home/aidevcon/Downloads/DATASET/librispeech/LibriSpeech/dev-clean/5895/34622/5895-34622-0022.flac,,,,/tmp/phi1/dataset/000011.npy
12,train,clean_speech,2086,/home/aidevcon/Downloads/DATASET/librispeech/LibriSpeech/dev-clean/2086/149220/2086-149220-0034.flac,,,,/tmp/phi1/dataset/000012.npy
13,train,clean_speech,251,/home/aidevcon/Downloads/DATASET/librispeech/LibriSpeech/dev-clean/251/118436/251-118436-0016.flac,,,,/tmp/phi1/dataset/000013.npy
14,train,clean_speech,8297,/home/aidevcon/Downloads/DATASET/librispeech/LibriSpeech/dev-clean/8297/275155/8297-275155-0002.flac,,,,/tmp/phi1/dataset/000014.npy
15,train,clean_speech,5694,/home/aidevcon/Downloads/DATASET/librispeech/LibriSpeech/dev-clean/5694/64038/5694-64038-0018.flac,,,,/tmp/phi1/dataset/000015.npy
16,train,clean_speech,3752,/home/aidevcon/Downloads/DATASET/librispeech/LibriSpeech/dev-clean/3752/4944/3752-4944-0047.flac,,,,/tmp/phi1/dataset/000016.npy
17,train,clean_speech,6313,/home/aidevcon/Downloads/DATASET/librispeech/LibriSpeech/dev-clean/6313/66129/6313-66129-0026.flac,,,,/tmp/phi1/dataset/000017.npy
18,train,clean_speech,652,/home/aidevcon/Downloads/DATASET/librispeech/LibriSpeech/dev-clean/652/130726/652-130726-0013.flac,,,,/tmp/phi1/dataset/000018.npy
19,train,clean_speech,3170,/home/aidevcon/Downloads/DATASET/librispeech/LibriSpeech/dev-clean/3170/137482/3170-137482-0007.flac,,,,/tmp/phi1/dataset/000019.npy
20,train,clean_speech,8842,/home/aidevcon/Downloads/DATASET/librispeech/LibriSpeech/dev-clean/8842/302196/8842-302196-0000.flac,,,,/tmp/phi1/dataset/000020.npy
21,train,clean_speech,1673,/home/aidevcon/Downloads/DATASET/librispeech/LibriSpeech/dev-clean/1673/143397/1673-143397-0020.flac,,,,/tmp/phi1/dataset/000021.npy
22,train,clean_speech,7850,/home/aidevcon/Downloads/DATASET/librispeech/LibriSpeech/dev-clean/7850/281318/7850-281318-0011.flac,,,,/tmp/phi1/dataset/000022.npy
23,train,clean_speech,7976,/home/aidevcon/Downloads/DATASET/librispeech/LibriSpeech/dev-clean/7976/105575/7976-105575-0015.flac,,,,/tmp/phi1/dataset/000023.npy
24,train,clean_speech,251,/home/aidevcon/Downloads/DATASET/librispeech/LibriSpeech/dev-clean/251/118436/251-118436-0013.flac,,,,/tmp/phi1/dataset/000024.npy
25,train,clean_speech,777,/home/aidevcon/Downloads/DATASET/librispeech/LibriSpeech/dev-clean/777/126732/777-126732-0057.flac,,,,/tmp/phi1/dataset/000025.npy
26,train,clean_speech,6295,/home/aidevcon/Downloads/DATASET/librispeech/LibriSpeech/dev-clean/6295/244435/6295-244435-0004.flac,,,,/tmp/phi1/dataset/000026.npy
27,train,clean_speech,2086,/home/aidevcon/Downloads/DATASET/librispeech/LibriSpeech/dev-clean/2086/149220/2086-149220-0002.flac,,,,/tmp/phi1/dataset/000027.npy
28,train,clean_speech,2412,/home/aidevcon/Downloads/DATASET/librispeech/LibriSpeech/dev-clean/2412/153947/2412-153947-0013.flac,,,,/tmp/phi1/dataset/000028.npy
29,train,clean_speech,1673,/home/aidevcon/Downloads/DATASET/librispeech/LibriSpeech/dev-clean/1673/143397/1673-143397-0012.flac,,,,/tmp/phi1/dataset/000029.npy
30,train,clean_speech,3752,/home/aidevcon/Downloads/DATASET/librispeech/LibriSpeech/dev-clean/3752/4943/3752-4943-0007.flac,,,,/tmp/phi1/dataset/000030.npy
31,train,clean_speech,3170,/home/aidevcon/Downloads/DATASET/librispeech/LibriSpeech/dev-clean/3170/137482/3170-137482-0000.flac,,,,/tmp/phi1/dataset/000031.npy
32,train,clean_speech,652,/home/aidevcon/Downloads/DATASET/librispeech/LibriSpeech/dev-clean/652/129742/652-129742-0018.flac,,,,/tmp/phi1/dataset/000032.npy
33,train,clean_speech,2428,/home/aidevcon/Downloads/DATASET/librispeech/LibriSpeech/dev-clean/2428/83699/2428-83699-0008.flac,,,,/tmp/phi1/dataset/000033.npy
34,train,clean_speech,8842,/home/aidevcon/Downloads/DATASET/librispeech/LibriSpeech/dev-clean/8842/302201/8842-302201-0001.flac,,,,/tmp/phi1/dataset/000034.npy
35,train,clean_speech,6319,/home/aidevcon/Downloads/DATASET/librispeech/LibriSpeech/dev-clean/6319/57405/6319-57405-0008.flac,,,,/tmp/phi1/dataset/000035.npy
36,train,clean_speech,3170,/home/aidevcon/Downloads/DATASET/librispeech/LibriSpeech/dev-clean/3170/137482/3170-137482-0001.flac,,,,/tmp/phi1/dataset/000036.npy
37,train,clean_speech,7850,/home/aidevcon/Downloads/DATASET/librispeech/LibriSpeech/dev-clean/7850/286674/7850-286674-0010.flac,,,,/tmp/phi1/dataset/000037.npy
38,train,clean_speech,6241,/home/aidevcon/Downloads/DATASET/librispeech/LibriSpeech/dev-clean/6241/66616/6241-66616-0017.flac,,,,/tmp/phi1/dataset/000038.npy
39,train,clean_speech,5536,/home/aidevcon/Downloads/DATASET/librispeech/LibriSpeech/dev-clean/5536/43363/5536-43363-0018.flac,,,,/tmp/phi1/dataset/000039.npy
40,train,clean_speech,2086,/home/aidevcon/Downloads/DATASET/librispeech/LibriSpeech/dev-clean/2086/149214/2086-149214-0004.flac,,,,/tmp/phi1/dataset/000040.npy
41,train,clean_speech,8297,/home/aidevcon/Downloads/DATASET/librispeech/LibriSpeech/dev-clean/8297/275156/8297-275156-0013.flac,,,,/tmp/phi1/dataset/000041.npy
42,train,clean_speech,2428,/home/aidevcon/Downloads/DATASET/librispeech/LibriSpeech/dev-clean/2428/83705/2428-83705-0034.flac,,,,/tmp/phi1/dataset/000042.npy
43,train,clean_speech,7850,/home/aidevcon/Downloads/DATASET/librispeech/LibriSpeech/dev-clean/7850/111771/7850-111771-0002.flac,,,,/tmp/phi1/dataset/000043.npy
44,train,clean_speech,7976,/home/aidevcon/Downloads/DATASET/librispeech/LibriSpeech/dev-clean/7976/110523/7976-110523-0013.flac,,,,/tmp/phi1/dataset/000044.npy
45,train,clean_speech,174,/home/aidevcon/Downloads/DATASET/librispeech/LibriSpeech/dev-clean/174/50561/174-50561-0008.flac,,,,/tmp/phi1/dataset/000045.npy
46,train,clean_speech,8297,/home/aidevcon/Downloads/DATASET/librispeech/LibriSpeech/dev-clean/8297/275156/8297-275156-0009.flac,,,,/tmp/phi1/dataset/000046.npy
47,train,clean_speech,2412,/home/aidevcon/Downloads/DATASET/librispeech/LibriSpeech/dev-clean/2412/153954/2412-153954-0010.flac,,,,/tmp/phi1/dataset/000047.npy
48,train,clean_speech,6241,/home/aidevcon/Downloads/DATASET/librispeech/LibriSpeech/dev-clean/6241/66616/6241-66616-0025.flac,,,,/tmp/phi1/dataset/000048.npy
49,train,clean_speech,6345,/home/aidevcon/Downloads/DATASET/librispeech/LibriSpeech/dev-clean/6345/64257/6345-64257-0001.flac,,,,/tmp/phi1/dataset/000049.npy
50,train,clean_speech,174,/home/aidevcon/Downloads/DATASET/librispeech/LibriSpeech/dev-clean/174/50561/174-50561-0015.flac,,,,/tmp/phi1/dataset/000050.npy
51,train,clean_speech,6345,/home/aidevcon/Downloads/DATASET/librispeech/LibriSpeech/dev-clean/6345/93302/6345-93302-0001.flac,,,,/tmp/phi1/dataset/000051.npy
52,train,clean_speech,5536,/home/aidevcon/Downloads/DATASET/librispeech/LibriSpeech/dev-clean/5536/43358/5536-43358-0018.flac,,,,/tmp/phi1/dataset/000052.npy
53,train,clean_speech,84,/home/aidevcon/Downloads/DATASET/librispeech/LibriSpeech/dev-clean/84/121550/84-121550-0020.flac,,,,/tmp/phi1/dataset/000053.npy
54,train,clean_speech,7976,/home/aidevcon/Downloads/DATASET/librispeech/LibriSpeech/dev-clean/7976/105575/7976-105575-0008.flac,,,,/tmp/phi1/dataset/000054.npy
55,train,clean_speech,6313,/home/aidevcon/Downloads/DATASET/librispeech/LibriSpeech/dev-clean/6313/66129/6313-66129-0021.flac,,,,/tmp/phi1/dataset/000055.npy
56,train,clean_speech,3576,/home/aidevcon/Downloads/DATASET/librispeech/LibriSpeech/dev-clean/3576/138058/3576-138058-0020.flac,,,,/tmp/phi1/dataset/000056.npy
57,train,clean_speech,1673,/home/aidevcon/Downloads/DATASET/librispeech/LibriSpeech/dev-clean/1673/143397/1673-143397-0005.flac,,,,/tmp/phi1/dataset/000057.npy
58,train,clean_speech,2428,/home/aidevcon/Downloads/DATASET/librispeech/LibriSpeech/dev-clean/2428/83699/2428-83699-0007.flac,,,,/tmp/phi1/dataset/000058.npy
59,train,clean_speech,6319,/home/aidevcon/Downloads/DATASET/librispeech/LibriSpeech/dev-clean/6319/64726/6319-64726-0019.flac,,,,/tmp/phi1/dataset/000059.npy
60,train,clean_speech,7850,/home/aidevcon/Downloads/DATASET/librispeech/LibriSpeech/dev-clean/7850/73752/7850-73752-0010.flac,,,,/tmp/phi1/dataset/000060.npy
61,train,clean_speech,2412,/home/aidevcon/Downloads/DATASET/librispeech/LibriSpeech/dev-clean/2412/153947/2412-153947-0015.flac,,,,/tmp/phi1/dataset/000061.npy
62,train,clean_speech,7850,/home/aidevcon/Downloads/DATASET/librispeech/LibriSpeech/dev-clean/7850/286674/7850-286674-0014.flac,,,,/tmp/phi1/dataset/000062.npy
63,train,clean_speech,1993,/home/aidevcon/Downloads/DATASET/librispeech/LibriSpeech/dev-clean/1993/147149/1993-147149-0029.flac,,,,/tmp/phi1/dataset/000063.npy
64,train,clean_speech,6345,/home/aidevcon/Downloads/DATASET/librispeech/LibriSpeech/dev-clean/6345/93306/6345-93306-0013.flac,,,,/tmp/phi1/dataset/000064.npy
65,train,clean_speech,5694,/home/aidevcon/Downloads/DATASET/librispeech/LibriSpeech/dev-clean/5694/64025/5694-64025-0023.flac,,,,/tmp/phi1/dataset/000065.npy
66,train,clean_speech,2078,/home/aidevcon/Downloads/DATASET/librispeech/LibriSpeech/dev-clean/2078/142845/2078-142845-0025.flac,,,,/tmp/phi1/dataset/000066.npy
67,train,clean_speech,6319,/home/aidevcon/Downloads/DATASET/librispeech/LibriSpeech/dev-clean/6319/57405/6319-57405-0005.flac,,,,/tmp/phi1/dataset/000067.npy
68,train,clean_speech,3853,/home/aidevcon/Downloads/DATASET/librispeech/LibriSpeech/dev-clean/3853/163249/3853-163249-0012.flac,,,,/tmp/phi1/dataset/000068.npy
69,train,clean_speech,6345,/home/aidevcon/Downloads/DATASET/librispeech/LibriSpeech/dev-clean/6345/93306/6345-93306-0023.flac,,,,/tmp/phi1/dataset/000069.npy
70,train,clean_speech,6345,/home/aidevcon/Downloads/DATASET/librispeech/LibriSpeech/dev-clean/6345/64257/6345-64257-0003.flac,,,,/tmp/phi1/dataset/000070.npy
71,train,clean_speech,1988,/home/aidevcon/Downloads/DATASET/librispeech/LibriSpeech/dev-clean/1988/147956/1988-147956-0026.flac,,,,/tmp/phi1/dataset/000071.npy
72,train,clean_speech,777,/home/aidevcon/Downloads/DATASET/librispeech/LibriSpeech/dev-clean/777/126732/777-126732-0057.flac,,,,/tmp/phi1/dataset/000072.npy
73,train,clean_speech,7850,/home/aidevcon/Downloads/DATASET/librispeech/LibriSpeech/dev-clean/7850/73752/7850-73752-0006.flac,,,,/tmp/phi1/dataset/000073.npy
74,train,clean_speech,2086,/home/aidevcon/Downloads/DATASET/librispeech/LibriSpeech/dev-clean/2086/149220/2086-149220-0040.flac,,,,/tmp/phi1/dataset/000074.npy
75,train,clean_speech,84,/home/aidevcon/Downloads/DATASET/librispeech/LibriSpeech/dev-clean/84/121550/84-121550-0013.flac,,,,/tmp/phi1/dataset/000075.npy
76,train,clean_speech,6345,/home/aidevcon/Downloads/DATASET/librispeech/LibriSpeech/dev-clean/6345/93306/6345-93306-0017.flac,,,,/tmp/phi1/dataset/000076.npy
77,train,clean_speech,8842,/home/aidevcon/Downloads/DATASET/librispeech/LibriSpeech/dev-clean/8842/302203/8842-302203-0010.flac,,,,/tmp/phi1/dataset/000077.npy
78,train,clean_speech,2412,/home/aidevcon/Downloads/DATASET/librispeech/LibriSpeech/dev-clean/2412/153954/2412-153954-0004.flac,,,,/tmp/phi1/dataset/000078.npy
79,train,clean_speech,6319,/home/aidevcon/Downloads/DATASET/librispeech/LibriSpeech/dev-clean/6319/275224/6319-275224-0006.flac,,,,/tmp/phi1/dataset/000079.npy
80,train,clean_speech,8297,/home/aidevcon/Downloads/DATASET/librispeech/LibriSpeech/dev-clean/8297/275155/8297-275155-0032.flac,,,,/tmp/phi1/dataset/000080.npy
81,train,clean_speech,5895,/home/aidevcon/Downloads/DATASET/librispeech/LibriSpeech/dev-clean/5895/34629/5895-34629-0022.flac,,,,/tmp/phi1/dataset/000081.npy
82,train,clean_speech,1988,/home/aidevcon/Downloads/DATASET/librispeech/LibriSpeech/dev-clean/1988/147956/1988-147956-0022.flac,,,,/tmp/phi1/dataset/000082.npy
83,train,clean_speech,2086,/home/aidevcon/Downloads/DATASET/librispeech/LibriSpeech/dev-clean/2086/149214/2086-149214-0001.flac,,,,/tmp/phi1/dataset/000083.npy
84,train,clean_speech,5536,/home/aidevcon/Downloads/DATASET/librispeech/LibriSpeech/dev-clean/5536/43359/5536-43359-0003.flac,,,,/tmp/phi1/dataset/000084.npy
85,train,clean_speech,8297,/home/aidevcon/Downloads/DATASET/librispeech/LibriSpeech/dev-clean/8297/275154/8297-275154-0004.flac,,,,/tmp/phi1/dataset/000085.npy
86,train,clean_speech,2086,/home/aidevcon/Downloads/DATASET/librispeech/LibriSpeech/dev-clean/2086/149214/2086-149214-0003.flac,,,,/tmp/phi1/dataset/000086.npy
87,train,clean_speech,6319,/home/aidevcon/Downloads/DATASET/librispeech/LibriSpeech/dev-clean/6319/275224/6319-275224-0001.flac,,,,/tmp/phi1/dataset/000087.npy
88,train,clean_speech,2078,/home/aidevcon/Downloads/DATASET/librispeech/LibriSpeech/dev-clean/2078/142845/2078-142845-0025.flac,,,,/tmp/phi1/dataset/000088.npy
89,train,clean_speech,8297,/home/aidevcon/Downloads/DATASET/librispeech/LibriSpeech/dev-clean/8297/275154/8297-275154-0014.flac,,,,/tmp/phi1/dataset/000089.npy
90,train,clean_speech,2086,/home/aidevcon/Downloads/DATASET/librispeech/LibriSpeech/dev-clean/2086/149220/2086-149220-0006.flac,,,,/tmp/phi1/dataset/000090.npy
91,train,clean_speech,6295,/home/aidevcon/Downloads/DATASET/librispeech/LibriSpeech/dev-clean/6295/64301/6295-64301-0003.flac,,,,/tmp/phi1/dataset/000091.npy
92,train,clean_speech,3853,/home/aidevcon/Downloads/DATASET/librispeech/LibriSpeech/dev-clean/3853/163249/3853-163249-0007.flac,,,,/tmp/phi1/dataset/000092.npy
93,train,clean_speech,7850,/home/aidevcon/Downloads/DATASET/librispeech/LibriSpeech/dev-clean/7850/281318/7850-281318-0013.flac,,,,/tmp/phi1/dataset/000093.npy
94,train,clean_speech,777,/home/aidevcon/Downloads/DATASET/librispeech/LibriSpeech/dev-clean/777/126732/777-126732-0025.flac,,,,/tmp/phi1/dataset/000094.npy
95,train,clean_speech,3752,/home/aidevcon/Downloads/DATASET/librispeech/LibriSpeech/dev-clean/3752/4944/3752-4944-0020.flac,,,,/tmp/phi1/dataset/000095.npy
96,train,clean_speech,6313,/home/aidevcon/Downloads/DATASET/librispeech/LibriSpeech/dev-clean/6313/66129/6313-66129-0014.flac,,,,/tmp/phi1/dataset/000096.npy
97,train,clean_speech,2078,/home/aidevcon/Downloads/DATASET/librispeech/LibriSpeech/dev-clean/2078/142845/2078-142845-0005.flac,,,,/tmp/phi1/dataset/000097.npy
98,train,clean_speech,3853,/home/aidevcon/Downloads/DATASET/librispeech/LibriSpeech/dev-clean/3853/163249/3853-163249-0054.flac,,,,/tmp/phi1/dataset/000098.npy
99,train,clean_speech,3170,/home/aidevcon/Downloads/DATASET/librispeech/LibriSpeech/dev-clean/3170/137482/3170-137482-0030.flac,,,,/tmp/phi1/dataset/000099.npy
100,train,clean_speech,6319,/home/aidevcon/Downloads/DATASET/librispeech/LibriSpeech/dev-clean/6319/275224/6319-275224-0019.flac,,,,/tmp/phi1/dataset/000100.npy
101,train,clean_speech,777,/home/aidevcon/Downloads/DATASET/librispeech/LibriSpeech/dev-clean/777/126732/777-126732-0041.flac,,,,/tmp/phi1/dataset/000101.npy
102,train,clean_speech,652,/home/aidevcon/Downloads/DATASET/librispeech/LibriSpeech/dev-clean/652/130726/652-130726-0024.flac,,,,/tmp/phi1/dataset/000102.npy
103,train,clean_speech,6345,/home/aidevcon/Downloads/DATASET/librispeech/LibriSpeech/dev-clean/6345/64257/6345-64257-0011.flac,,,,/tmp/phi1/dataset/000103.npy
104,train,clean_speech,777,/home/aidevcon/Downloads/DATASET/librispeech/LibriSpeech/dev-clean/777/126732/777-126732-0031.flac,,,,/tmp/phi1/dataset/000104.npy
105,train,clean_speech,1272,/home/aidevcon/Downloads/DATASET/librispeech/LibriSpeech/dev-clean/1272/141231/1272-141231-0001.flac,,,,/tmp/phi1/dataset/000105.npy
106,train,clean_speech,2086,/home/aidevcon/Downloads/DATASET/librispeech/LibriSpeech/dev-clean/2086/149220/2086-149220-0029.flac,,,,/tmp/phi1/dataset/000106.npy
107,train,clean_speech,2086,/home/aidevcon/Downloads/DATASET/librispeech/LibriSpeech/dev-clean/2086/149220/2086-149220-0003.flac,,,,/tmp/phi1/dataset/000107.npy
108,train,clean_speech,6241,/home/aidevcon/Downloads/DATASET/librispeech/LibriSpeech/dev-clean/6241/61946/6241-61946-0006.flac,,,,/tmp/phi1/dataset/000108.npy
109,train,clean_speech,652,/home/aidevcon/Downloads/DATASET/librispeech/LibriSpeech/dev-clean/652/129742/652-129742-0016.flac,,,,/tmp/phi1/dataset/000109.npy
110,train,clean_speech,5694,/home/aidevcon/Downloads/DATASET/librispeech/LibriSpeech/dev-clean/5694/64038/5694-64038-0017.flac,,,,/tmp/phi1/dataset/000110.npy
111,train,clean_speech,1993,/home/aidevcon/Downloads/DATASET/librispeech/LibriSpeech/dev-clean/1993/147149/1993-147149-0025.flac,,,,/tmp/phi1/dataset/000111.npy
112,train,clean_speech,2412,/home/aidevcon/Downloads/DATASET/librispeech/LibriSpeech/dev-clean/2412/153954/2412-153954-0009.flac,,,,/tmp/phi1/dataset/000112.npy
113,train,clean_speech,3576,/home/aidevcon/Downloads/DATASET/librispeech/LibriSpeech/dev-clean/3576/138058/3576-138058-0011.flac,,,,/tmp/phi1/dataset/000113.npy
114,train,clean_speech,777,/home/aidevcon/Downloads/DATASET/librispeech/LibriSpeech/dev-clean/777/126732/777-126732-0048.flac,,,,/tmp/phi1/dataset/000114.npy
115,train,clean_speech,1272,/home/aidevcon/Downloads/DATASET/librispeech/LibriSpeech/dev-clean/1272/135031/1272-135031-0015.flac,,,,/tmp/phi1/dataset/000115.npy
116,train,clean_speech,3576,/home/aidevcon/Downloads/DATASET/librispeech/LibriSpeech/dev-clean/3576/138058/3576-138058-0023.flac,,,,/tmp/phi1/dataset/000116.npy
117,train,clean_speech,5895,/home/aidevcon/Downloads/DATASET/librispeech/LibriSpeech/dev-clean/5895/34629/5895-34629-0011.flac,,,,/tmp/phi1/dataset/000117.npy
118,train,clean_speech,3576,/home/aidevcon/Downloads/DATASET/librispeech/LibriSpeech/dev-clean/3576/138058/3576-138058-0033.flac,,,,/tmp/phi1/dataset/000118.npy
119,train,clean_speech,652,/home/aidevcon/Downloads/DATASET/librispeech/LibriSpeech/dev-clean/652/130726/652-130726-0034.flac,,,,/tmp/phi1/dataset/000119.npy
120,train,clean_speech,777,/home/aidevcon/Downloads/DATASET/librispeech/LibriSpeech/dev-clean/777/126732/777-126732-0050.flac,,,,/tmp/phi1/dataset/000120.npy
121,train,clean_speech,8842,/home/aidevcon/Downloads/DATASET/librispeech/LibriSpeech/dev-clean/8842/302196/8842-302196-0001.flac,,,,/tmp/phi1/dataset/000121.npy
122,train,clean_speech,5536,/home/aidevcon/Downloads/DATASET/librispeech/LibriSpeech/dev-clean/5536/43363/5536-43363-0006.flac,,,,/tmp/phi1/dataset/000122.npy
123,train,clean_speech,1673,/home/aidevcon/Downloads/DATASET/librispeech/LibriSpeech/dev-clean/1673/143397/1673-143397-0016.flac,,,,/tmp/phi1/dataset/000123.npy
124,train,clean_speech,5536,/home/aidevcon/Downloads/DATASET/librispeech/LibriSpeech/dev-clean/5536/43363/5536-43363-0013.flac,,,,/tmp/phi1/dataset/000124.npy
125,train,clean_speech,3576,/home/aidevcon/Downloads/DATASET/librispeech/LibriSpeech/dev-clean/3576/138058/3576-138058-0011.flac,,,,/tmp/phi1/dataset/000125.npy
126,train,clean_speech,1272,/home/aidevcon/Downloads/DATASET/librispeech/LibriSpeech/dev-clean/1272/141231/1272-141231-0010.flac,,,,/tmp/phi1/dataset/000126.npy
127,train,clean_speech,174,/home/aidevcon/Downloads/DATASET/librispeech/LibriSpeech/dev-clean/174/168635/174-168635-0018.flac,,,,/tmp/phi1/dataset/000127.npy
128,train,clean_speech,7850,/home/aidevcon/Downloads/DATASET/librispeech/LibriSpeech/dev-clean/7850/73752/7850-73752-0003.flac,,,,/tmp/phi1/dataset/000128.npy
129,train,clean_speech,6241,/home/aidevcon/Downloads/DATASET/librispeech/LibriSpeech/dev-clean/6241/61943/6241-61943-0014.flac,,,,/tmp/phi1/dataset/000129.npy
130,train,clean_speech,1272,/home/aidevcon/Downloads/DATASET/librispeech/LibriSpeech/dev-clean/1272/128104/1272-128104-0004.flac,,,,/tmp/phi1/dataset/000130.npy
131,train,clean_speech,2428,/home/aidevcon/Downloads/DATASET/librispeech/LibriSpeech/dev-clean/2428/83705/2428-83705-0038.flac,,,,/tmp/phi1/dataset/000131.npy
132,train,clean_speech,7850,/home/aidevcon/Downloads/DATASET/librispeech/LibriSpeech/dev-clean/7850/281318/7850-281318-0021.flac,,,,/tmp/phi1/dataset/000132.npy
133,train,clean_speech,2428,/home/aidevcon/Downloads/DATASET/librispeech/LibriSpeech/dev-clean/2428/83705/2428-83705-0001.flac,,,,/tmp/phi1/dataset/000133.npy
134,train,clean_speech,1988,/home/aidevcon/Downloads/DATASET/librispeech/LibriSpeech/dev-clean/1988/148538/1988-148538-0012.flac,,,,/tmp/phi1/dataset/000134.npy
135,train,clean_speech,6295,/home/aidevcon/Downloads/DATASET/librispeech/LibriSpeech/dev-clean/6295/244435/6295-244435-0033.flac,,,,/tmp/phi1/dataset/000135.npy
136,train,clean_speech,1993,/home/aidevcon/Downloads/DATASET/librispeech/LibriSpeech/dev-clean/1993/147149/1993-147149-0009.flac,,,,/tmp/phi1/dataset/000136.npy
137,train,clean_speech,6313,/home/aidevcon/Downloads/DATASET/librispeech/LibriSpeech/dev-clean/6313/66125/6313-66125-0015.flac,,,,/tmp/phi1/dataset/000137.npy
138,train,clean_speech,2428,/home/aidevcon/Downloads/DATASET/librispeech/LibriSpeech/dev-clean/2428/83705/2428-83705-0033.flac,,,,/tmp/phi1/dataset/000138.npy
139,train,clean_speech,174,/home/aidevcon/Downloads/DATASET/librispeech/LibriSpeech/dev-clean/174/50561/174-50561-0016.flac,,,,/tmp/phi1/dataset/000139.npy
140,train,clean_speech,2086,/home/aidevcon/Downloads/DATASET/librispeech/LibriSpeech/dev-clean/2086/149214/2086-149214-0002.flac,,,,/tmp/phi1/dataset/000140.npy
141,train,clean_speech,5895,/home/aidevcon/Downloads/DATASET/librispeech/LibriSpeech/dev-clean/5895/34615/5895-34615-0020.flac,,,,/tmp/phi1/dataset/000141.npy
142,train,clean_speech,3576,/home/aidevcon/Downloads/DATASET/librispeech/LibriSpeech/dev-clean/3576/138058/3576-138058-0022.flac,,,,/tmp/phi1/dataset/000142.npy
143,train,clean_speech,2078,/home/aidevcon/Downloads/DATASET/librispeech/LibriSpeech/dev-clean/2078/142845/2078-142845-0005.flac,,,,/tmp/phi1/dataset/000143.npy
144,train,clean_speech,7976,/home/aidevcon/Downloads/DATASET/librispeech/LibriSpeech/dev-clean/7976/110523/7976-110523-0006.flac,,,,/tmp/phi1/dataset/000144.npy
145,train,clean_speech,8842,/home/aidevcon/Downloads/DATASET/librispeech/LibriSpeech/dev-clean/8842/304647/8842-304647-0004.flac,,,,/tmp/phi1/dataset/000145.npy
146,train,clean_speech,1673,/home/aidevcon/Downloads/DATASET/librispeech/LibriSpeech/dev-clean/1673/143396/1673-143396-0010.flac,,,,/tmp/phi1/dataset/000146.npy
147,train,clean_speech,5895,/home/aidevcon/Downloads/DATASET/librispeech/LibriSpeech/dev-clean/5895/34622/5895-34622-0011.flac,,,,/tmp/phi1/dataset/000147.npy
148,train,clean_speech,2428,/home/aidevcon/Downloads/DATASET/librispeech/LibriSpeech/dev-clean/2428/83699/2428-83699-0000.flac,,,,/tmp/phi1/dataset/000148.npy
149,train,clean_speech,2078,/home/aidevcon/Downloads/DATASET/librispeech/LibriSpeech/dev-clean/2078/142845/2078-142845-0050.flac,,,,/tmp/phi1/dataset/000149.npy
150,train,clean_speech,1272,/home/aidevcon/Downloads/DATASET/librispeech/LibriSpeech/dev-clean/1272/128104/1272-128104-0011.flac,,,,/tmp/phi1/dataset/000150.npy
151,train,clean_speech,1272,/home/aidevcon/Downloads/DATASET/librispeech/LibriSpeech/dev-clean/1272/128104/1272-128104-0009.flac,,,,/tmp/phi1/dataset/000151.npy
152,train,clean_speech,251,/home/aidevcon/Downloads/DATASET/librispeech/LibriSpeech/dev-clean/251/118436/251-118436-0002.flac,,,,/tmp/phi1/dataset/000152.npy
153,train,clean_speech,2078,/home/aidevcon/Downloads/DATASET/librispeech/LibriSpeech/dev-clean/2078/142845/2078-142845-0033.flac,,,,/tmp/phi1/dataset/000153.npy
154,train,clean_speech,2428,/home/aidevcon/Downloads/DATASET/librispeech/LibriSpeech/dev-clean/2428/83699/2428-83699-0034.flac,,,,/tmp/phi1/dataset/000154.npy
155,train,clean_speech,1272,/home/aidevcon/Downloads/DATASET/librispeech/LibriSpeech/dev-clean/1272/141231/1272-141231-0028.flac,,,,/tmp/phi1/dataset/000155.npy
156,train,clean_speech,1673,/home/aidevcon/Downloads/DATASET/librispeech/LibriSpeech/dev-clean/1673/143396/1673-143396-0020.flac,,,,/tmp/phi1/dataset/000156.npy
157,train,clean_speech,251,/home/aidevcon/Downloads/DATASET/librispeech/LibriSpeech/dev-clean/251/118436/251-118436-0012.flac,,,,/tmp/phi1/dataset/000157.npy
158,train,clean_speech,6295,/home/aidevcon/Downloads/DATASET/librispeech/LibriSpeech/dev-clean/6295/244435/6295-244435-0016.flac,,,,/tmp/phi1/dataset/000158.npy
159,train,clean_speech,3576,/home/aidevcon/Downloads/DATASET/librispeech/LibriSpeech/dev-clean/3576/138058/3576-138058-0035.flac,,,,/tmp/phi1/dataset/000159.npy
160,train,clean_speech,174,/home/aidevcon/Downloads/DATASET/librispeech/LibriSpeech/dev-clean/174/50561/174-50561-0015.flac,,,,/tmp/phi1/dataset/000160.npy
161,train,clean_speech,5895,/home/aidevcon/Downloads/DATASET/librispeech/LibriSpeech/dev-clean/5895/34615/5895-34615-0017.flac,,,,/tmp/phi1/dataset/000161.npy
162,train,clean_speech,3170,/home/aidevcon/Downloads/DATASET/librispeech/LibriSpeech/dev-clean/3170/137482/3170-137482-0009.flac,,,,/tmp/phi1/dataset/000162.npy
163,train,clean_speech,652,/home/aidevcon/Downloads/DATASET/librispeech/LibriSpeech/dev-clean/652/130726/652-130726-0029.flac,,,,/tmp/phi1/dataset/000163.npy
164,train,clean_speech,6241,/home/aidevcon/Downloads/DATASET/librispeech/LibriSpeech/dev-clean/6241/66616/6241-66616-0011.flac,,,,/tmp/phi1/dataset/000164.npy
165,train,clean_speech,2086,/home/aidevcon/Downloads/DATASET/librispeech/LibriSpeech/dev-clean/2086/149220/2086-149220-0018.flac,,,,/tmp/phi1/dataset/000165.npy
166,train,clean_speech,7976,/home/aidevcon/Downloads/DATASET/librispeech/LibriSpeech/dev-clean/7976/110523/7976-110523-0020.flac,,,,/tmp/phi1/dataset/000166.npy
167,train,clean_speech,1272,/home/aidevcon/Downloads/DATASET/librispeech/LibriSpeech/dev-clean/1272/141231/1272-141231-0014.flac,,,,/tmp/phi1/dataset/000167.npy
168,train,clean_speech,84,/home/aidevcon/Downloads/DATASET/librispeech/LibriSpeech/dev-clean/84/121550/84-121550-0007.flac,,,,/tmp/phi1/dataset/000168.npy
169,train,clean_speech,6241,/home/aidevcon/Downloads/DATASET/librispeech/LibriSpeech/dev-clean/6241/66616/6241-66616-0000.flac,,,,/tmp/phi1/dataset/000169.npy
170,train,clean_speech,1988,/home/aidevcon/Downloads/DATASET/librispeech/LibriSpeech/dev-clean/1988/147956/1988-147956-0001.flac,,,,/tmp/phi1/dataset/000170.npy
171,train,clean_speech,3576,/home/aidevcon/Downloads/DATASET/librispeech/LibriSpeech/dev-clean/3576/138058/3576-138058-0024.flac,,,,/tmp/phi1/dataset/000171.npy
172,train,clean_speech,5536,/home/aidevcon/Downloads/DATASET/librispeech/LibriSpeech/dev-clean/5536/43359/5536-43359-0007.flac,,,,/tmp/phi1/dataset/000172.npy
173,train,clean_speech,6313,/home/aidevcon/Downloads/DATASET/librispeech/LibriSpeech/dev-clean/6313/66129/6313-66129-0027.flac,,,,/tmp/phi1/dataset/000173.npy
174,train,clean_speech,251,/home/aidevcon/Downloads/DATASET/librispeech/LibriSpeech/dev-clean/251/137823/251-137823-0016.flac,,,,/tmp/phi1/dataset/000174.npy
175,train,clean_speech,2086,/home/aidevcon/Downloads/DATASET/librispeech/LibriSpeech/dev-clean/2086/149220/2086-149220-0022.flac,,,,/tmp/phi1/dataset/000175.npy
176,train,clean_speech,777,/home/aidevcon/Downloads/DATASET/librispeech/LibriSpeech/dev-clean/777/126732/777-126732-0030.flac,,,,/tmp/phi1/dataset/000176.npy
177,train,clean_speech,6295,/home/aidevcon/Downloads/DATASET/librispeech/LibriSpeech/dev-clean/6295/244435/6295-244435-0030.flac,,,,/tmp/phi1/dataset/000177.npy
178,train,clean_speech,7976,/home/aidevcon/Downloads/DATASET/librispeech/LibriSpeech/dev-clean/7976/110523/7976-110523-0015.flac,,,,/tmp/phi1/dataset/000178.npy
179,train,clean_speech,3170,/home/aidevcon/Downloads/DATASET/librispeech/LibriSpeech/dev-clean/3170/137482/3170-137482-0003.flac,,,,/tmp/phi1/dataset/000179.npy
180,train,clean_speech,2412,/home/aidevcon/Downloads/DATASET/librispeech/LibriSpeech/dev-clean/2412/153954/2412-153954-0018.flac,,,,/tmp/phi1/dataset/000180.npy
181,train,clean_speech,3853,/home/aidevcon/Downloads/DATASET/librispeech/LibriSpeech/dev-clean/3853/163249/3853-163249-0038.flac,,,,/tmp/phi1/dataset/000181.npy
182,train,clean_speech,1988,/home/aidevcon/Downloads/DATASET/librispeech/LibriSpeech/dev-clean/1988/148538/1988-148538-0005.flac,,,,/tmp/phi1/dataset/000182.npy
183,train,clean_speech,174,/home/aidevcon/Downloads/DATASET/librispeech/LibriSpeech/dev-clean/174/168635/174-168635-0018.flac,,,,/tmp/phi1/dataset/000183.npy
184,train,clean_speech,6319,/home/aidevcon/Downloads/DATASET/librispeech/LibriSpeech/dev-clean/6319/275224/6319-275224-0015.flac,,,,/tmp/phi1/dataset/000184.npy
185,train,clean_speech,6319,/home/aidevcon/Downloads/DATASET/librispeech/LibriSpeech/dev-clean/6319/275224/6319-275224-0011.flac,,,,/tmp/phi1/dataset/000185.npy
186,train,clean_speech,1673,/home/aidevcon/Downloads/DATASET/librispeech/LibriSpeech/dev-clean/1673/143397/1673-143397-0001.flac,,,,/tmp/phi1/dataset/000186.npy
187,train,clean_speech,6295,/home/aidevcon/Downloads/DATASET/librispeech/LibriSpeech/dev-clean/6295/64301/6295-64301-0026.flac,,,,/tmp/phi1/dataset/000187.npy
188,train,clean_speech,84,/home/aidevcon/Downloads/DATASET/librispeech/LibriSpeech/dev-clean/84/121550/84-121550-0031.flac,,,,/tmp/phi1/dataset/000188.npy
189,train,clean_speech,6345,/home/aidevcon/Downloads/DATASET/librispeech/LibriSpeech/dev-clean/6345/64257/6345-64257-0019.flac,,,,/tmp/phi1/dataset/000189.npy
190,train,clean_speech,777,/home/aidevcon/Downloads/DATASET/librispeech/LibriSpeech/dev-clean/777/126732/777-126732-0005.flac,,,,/tmp/phi1/dataset/000190.npy
191,train,clean_speech,6345,/home/aidevcon/Downloads/DATASET/librispeech/LibriSpeech/dev-clean/6345/93302/6345-93302-0014.flac,,,,/tmp/phi1/dataset/000191.npy
192,train,clean_speech,5895,/home/aidevcon/Downloads/DATASET/librispeech/LibriSpeech/dev-clean/5895/34622/5895-34622-0011.flac,,,,/tmp/phi1/dataset/000192.npy
193,train,clean_speech,5694,/home/aidevcon/Downloads/DATASET/librispeech/LibriSpeech/dev-clean/5694/64025/5694-64025-0010.flac,,,,/tmp/phi1/dataset/000193.npy
194,train,clean_speech,1673,/home/aidevcon/Downloads/DATASET/librispeech/LibriSpeech/dev-clean/1673/143396/1673-143396-0004.flac,,,,/tmp/phi1/dataset/000194.npy
195,train,clean_speech,1272,/home/aidevcon/Downloads/DATASET/librispeech/LibriSpeech/dev-clean/1272/128104/1272-128104-0004.flac,,,,/tmp/phi1/dataset/000195.npy
196,train,clean_speech,2803,/home/aidevcon/Downloads/DATASET/librispeech/LibriSpeech/dev-clean/2803/154328/2803-154328-0003.flac,,,,/tmp/phi1/dataset/000196.npy
197,train,clean_speech,3576,/home/aidevcon/Downloads/DATASET/librispeech/LibriSpeech/dev-clean/3576/138058/3576-138058-0028.flac,,,,/tmp/phi1/dataset/000197.npy
198,train,clean_speech,1272,/home/aidevcon/Downloads/DATASET/librispeech/LibriSpeech/dev-clean/1272/135031/1272-135031-0000.flac,,,,/tmp/phi1/dataset/000198.npy
199,train,clean_speech,2078,/home/aidevcon/Downloads/DATASET/librispeech/LibriSpeech/dev-clean/2078/142845/2078-142845-0004.flac,,,,/tmp/phi1/dataset/000199.npy
200,train,clean_speech,251,/home/aidevcon/Downloads/DATASET/librispeech/LibriSpeech/dev-clean/251/118436/251-118436-0005.flac,,,,/tmp/phi1/dataset/000200.npy
201,train,clean_speech,6345,/home/aidevcon/Downloads/DATASET/librispeech/LibriSpeech/dev-clean/6345/64257/6345-64257-0013.flac,,,,/tmp/phi1/dataset/000201.npy
202,train,clean_speech,6345,/home/aidevcon/Downloads/DATASET/librispeech/LibriSpeech/dev-clean/6345/93306/6345-93306-0000.flac,,,,/tmp/phi1/dataset/000202.npy
203,train,clean_speech,3576,/home/aidevcon/Downloads/DATASET/librispeech/LibriSpeech/dev-clean/3576/138058/3576-138058-0010.flac,,,,/tmp/phi1/dataset/000203.npy
204,train,clean_speech,6295,/home/aidevcon/Downloads/DATASET/librispeech/LibriSpeech/dev-clean/6295/64301/6295-64301-0020.flac,,,,/tmp/phi1/dataset/000204.npy
205,train,clean_speech,3853,/home/aidevcon/Downloads/DATASET/librispeech/LibriSpeech/dev-clean/3853/163249/3853-163249-0036.flac,,,,/tmp/phi1/dataset/000205.npy
206,train,clean_speech,84,/home/aidevcon/Downloads/DATASET/librispeech/LibriSpeech/dev-clean/84/121550/84-121550-0017.flac,,,,/tmp/phi1/dataset/000206.npy
207,train,clean_speech,2078,/home/aidevcon/Downloads/DATASET/librispeech/LibriSpeech/dev-clean/2078/142845/2078-142845-0032.flac,,,,/tmp/phi1/dataset/000207.npy
208,train,clean_speech,8297,/home/aidevcon/Downloads/DATASET/librispeech/LibriSpeech/dev-clean/8297/275155/8297-275155-0006.flac,,,,/tmp/phi1/dataset/000208.npy
209,train,clean_speech,6241,/home/aidevcon/Downloads/DATASET/librispeech/LibriSpeech/dev-clean/6241/66616/6241-66616-0009.flac,,,,/tmp/phi1/dataset/000209.npy
210,train,clean_speech,6313,/home/aidevcon/Downloads/DATASET/librispeech/LibriSpeech/dev-clean/6313/76958/6313-76958-0022.flac,,,,/tmp/phi1/dataset/000210.npy
211,train,clean_speech,3853,/home/aidevcon/Downloads/DATASET/librispeech/LibriSpeech/dev-clean/3853/163249/3853-163249-0006.flac,,,,/tmp/phi1/dataset/000211.npy
212,train,clean_speech,5536,/home/aidevcon/Downloads/DATASET/librispeech/LibriSpeech/dev-clean/5536/43358/5536-43358-0009.flac,,,,/tmp/phi1/dataset/000212.npy
213,train,clean_speech,2078,/home/aidevcon/Downloads/DATASET/librispeech/LibriSpeech/dev-clean/2078/142845/2078-142845-0006.flac,,,,/tmp/phi1/dataset/000213.npy
214,train,clean_speech,2803,/home/aidevcon/Downloads/DATASET/librispeech/LibriSpeech/dev-clean/2803/154320/2803-154320-0003.flac,,,,/tmp/phi1/dataset/000214.npy
215,train,clean_speech,5895,/home/aidevcon/Downloads/DATASET/librispeech/LibriSpeech/dev-clean/5895/34615/5895-34615-0012.flac,,,,/tmp/phi1/dataset/000215.npy
216,train,clean_speech,7976,/home/aidevcon/Downloads/DATASET/librispeech/LibriSpeech/dev-clean/7976/105575/7976-105575-0019.flac,,,,/tmp/phi1/dataset/000216.npy
217,train,clean_speech,652,/home/aidevcon/Downloads/DATASET/librispeech/LibriSpeech/dev-clean/652/130726/652-130726-0003.flac,,,,/tmp/phi1/dataset/000217.npy
218,train,clean_speech,5536,/home/aidevcon/Downloads/DATASET/librispeech/LibriSpeech/dev-clean/5536/43363/5536-43363-0009.flac,,,,/tmp/phi1/dataset/000218.npy
219,train,clean_speech,8842,/home/aidevcon/Downloads/DATASET/librispeech/LibriSpeech/dev-clean/8842/302203/8842-302203-0002.flac,,,,/tmp/phi1/dataset/000219.npy
220,train,clean_speech,5536,/home/aidevcon/Downloads/DATASET/librispeech/LibriSpeech/dev-clean/5536/43358/5536-43358-0001.flac,,,,/tmp/phi1/dataset/000220.npy
221,train,clean_speech,2428,/home/aidevcon/Downloads/DATASET/librispeech/LibriSpeech/dev-clean/2428/83699/2428-83699-0000.flac,,,,/tmp/phi1/dataset/000221.npy
222,train,clean_speech,8297,/home/aidevcon/Downloads/DATASET/librispeech/LibriSpeech/dev-clean/8297/275156/8297-275156-0012.flac,,,,/tmp/phi1/dataset/000222.npy
223,train,clean_speech,7850,/home/aidevcon/Downloads/DATASET/librispeech/LibriSpeech/dev-clean/7850/281318/7850-281318-0010.flac,,,,/tmp/phi1/dataset/000223.npy
224,train,clean_speech,6313,/home/aidevcon/Downloads/DATASET/librispeech/LibriSpeech/dev-clean/6313/66129/6313-66129-0026.flac,,,,/tmp/phi1/dataset/000224.npy
225,train,clean_speech,7976,/home/aidevcon/Downloads/DATASET/librispeech/LibriSpeech/dev-clean/7976/110523/7976-110523-0010.flac,,,,/tmp/phi1/dataset/000225.npy
226,train,clean_speech,251,/home/aidevcon/Downloads/DATASET/librispeech/LibriSpeech/dev-clean/251/136532/251-136532-0003.flac,,,,/tmp/phi1/dataset/000226.npy
227,train,clean_speech,1673,/home/aidevcon/Downloads/DATASET/librispeech/LibriSpeech/dev-clean/1673/143397/1673-143397-0010.flac,,,,/tmp/phi1/dataset/000227.npy
228,train,clean_speech,1988,/home/aidevcon/Downloads/DATASET/librispeech/LibriSpeech/dev-clean/1988/24833/1988-24833-0009.flac,,,,/tmp/phi1/dataset/000228.npy
229,train,clean_speech,6319,/home/aidevcon/Downloads/DATASET/librispeech/LibriSpeech/dev-clean/6319/275224/6319-275224-0006.flac,,,,/tmp/phi1/dataset/000229.npy
230,train,clean_speech,7850,/home/aidevcon/Downloads/DATASET/librispeech/LibriSpeech/dev-clean/7850/73752/7850-73752-0008.flac,,,,/tmp/phi1/dataset/000230.npy
231,train,clean_speech,6241,/home/aidevcon/Downloads/DATASET/librispeech/LibriSpeech/dev-clean/6241/61943/6241-61943-0017.flac,,,,/tmp/phi1/dataset/000231.npy
232,train,clean_speech,2078,/home/aidevcon/Downloads/DATASET/librispeech/LibriSpeech/dev-clean/2078/142845/2078-142845-0030.flac,,,,/tmp/phi1/dataset/000232.npy
233,train,clean_speech,652,/home/aidevcon/Downloads/DATASET/librispeech/LibriSpeech/dev-clean/652/130726/652-130726-0005.flac,,,,/tmp/phi1/dataset/000233.npy
234,train,clean_speech,6295,/home/aidevcon/Downloads/DATASET/librispeech/LibriSpeech/dev-clean/6295/64301/6295-64301-0011.flac,,,,/tmp/phi1/dataset/000234.npy
235,train,clean_speech,84,/home/aidevcon/Downloads/DATASET/librispeech/LibriSpeech/dev-clean/84/121123/84-121123-0025.flac,,,,/tmp/phi1/dataset/000235.npy
236,train,clean_speech,1272,/home/aidevcon/Downloads/DATASET/librispeech/LibriSpeech/dev-clean/1272/141231/1272-141231-0015.flac,,,,/tmp/phi1/dataset/000236.npy
237,train,clean_speech,652,/home/aidevcon/Downloads/DATASET/librispeech/LibriSpeech/dev-clean/652/130726/652-130726-0005.flac,,,,/tmp/phi1/dataset/000237.npy
238,train,clean_speech,7850,/home/aidevcon/Downloads/DATASET/librispeech/LibriSpeech/dev-clean/7850/73752/7850-73752-0002.flac,,,,/tmp/phi1/dataset/000238.npy
239,train,clean_speech,6313,/home/aidevcon/Downloads/DATASET/librispeech/LibriSpeech/dev-clean/6313/66129/6313-66129-0021.flac,,,,/tmp/phi1/dataset/000239.npy
240,train,clean_speech,2078,/home/aidevcon/Downloads/DATASET/librispeech/LibriSpeech/dev-clean/2078/142845/2078-142845-0030.flac,,,,/tmp/phi1/dataset/000240.npy
241,train,clean_speech,5694,/home/aidevcon/Downloads/DATASET/librispeech/LibriSpeech/dev-clean/5694/64038/5694-64038-0003.flac,,,,/tmp/phi1/dataset/000241.npy
242,train,clean_speech,3170,/home/aidevcon/Downloads/DATASET/librispeech/LibriSpeech/dev-clean/3170/137482/3170-137482-0044.flac,,,,/tmp/phi1/dataset/000242.npy
243,train,clean_speech,5536,/home/aidevcon/Downloads/DATASET/librispeech/LibriSpeech/dev-clean/5536/43363/5536-43363-0003.flac,,,,/tmp/phi1/dataset/000243.npy
244,train,clean_speech,5536,/home/aidevcon/Downloads/DATASET/librispeech/LibriSpeech/dev-clean/5536/43363/5536-43363-0008.flac,,,,/tmp/phi1/dataset/000244.npy
245,train,clean_speech,2428,/home/aidevcon/Downloads/DATASET/librispeech/LibriSpeech/dev-clean/2428/83705/2428-83705-0042.flac,,,,/tmp/phi1/dataset/000245.npy
246,train,clean_speech,6241,/home/aidevcon/Downloads/DATASET/librispeech/LibriSpeech/dev-clean/6241/66616/6241-66616-0008.flac,,,,/tmp/phi1/dataset/000246.npy
247,train,clean_speech,5895,/home/aidevcon/Downloads/DATASET/librispeech/LibriSpeech/dev-clean/5895/34622/5895-34622-0013.flac,,,,/tmp/phi1/dataset/000247.npy
248,train,clean_speech,8842,/home/aidevcon/Downloads/DATASET/librispeech/LibriSpeech/dev-clean/8842/302201/8842-302201-0000.flac,,,,/tmp/phi1/dataset/000248.npy
249,train,clean_speech,2428,/home/aidevcon/Downloads/DATASET/librispeech/LibriSpeech/dev-clean/2428/83699/2428-83699-0040.flac,,,,/tmp/phi1/dataset/000249.npy
250,train,clean_speech,5694,/home/aidevcon/Downloads/DATASET/librispeech/LibriSpeech/dev-clean/5694/64029/5694-64029-0024.flac,,,,/tmp/phi1/dataset/000250.npy
251,train,clean_speech,8842,/home/aidevcon/Downloads/DATASET/librispeech/LibriSpeech/dev-clean/8842/304647/8842-304647-0010.flac,,,,/tmp/phi1/dataset/000251.npy
252,train,clean_speech,2086,/home/aidevcon/Downloads/DATASET/librispeech/LibriSpeech/dev-clean/2086/149220/2086-149220-0035.flac,,,,/tmp/phi1/dataset/000252.npy
253,train,clean_speech,2428,/home/aidevcon/Downloads/DATASET/librispeech/LibriSpeech/dev-clean/2428/83705/2428-83705-0019.flac,,,,/tmp/phi1/dataset/000253.npy
254,train,clean_speech,2428,/home/aidevcon/Downloads/DATASET/librispeech/LibriSpeech/dev-clean/2428/83705/2428-83705-0030.flac,,,,/tmp/phi1/dataset/000254.npy
255,train,clean_speech,2412,/home/aidevcon/Downloads/DATASET/librispeech/LibriSpeech/dev-clean/2412/153954/2412-153954-0006.flac,,,,/tmp/phi1/dataset/000255.npy
256,train,clean_speech,6319,/home/aidevcon/Downloads/DATASET/librispeech/LibriSpeech/dev-clean/6319/64726/6319-64726-0000.flac,,,,/tmp/phi1/dataset/000256.npy
257,train,clean_speech,8297,/home/aidevcon/Downloads/DATASET/librispeech/LibriSpeech/dev-clean/8297/275155/8297-275155-0014.flac,,,,/tmp/phi1/dataset/000257.npy
258,train,clean_speech,6319,/home/aidevcon/Downloads/DATASET/librispeech/LibriSpeech/dev-clean/6319/64726/6319-64726-0005.flac,,,,/tmp/phi1/dataset/000258.npy
259,train,clean_speech,777,/home/aidevcon/Downloads/DATASET/librispeech/LibriSpeech/dev-clean/777/126732/777-126732-0058.flac,,,,/tmp/phi1/dataset/000259.npy
260,train,clean_speech,3576,/home/aidevcon/Downloads/DATASET/librispeech/LibriSpeech/dev-clean/3576/138058/3576-138058-0016.flac,,,,/tmp/phi1/dataset/000260.npy
261,train,clean_speech,777,/home/aidevcon/Downloads/DATASET/librispeech/LibriSpeech/dev-clean/777/126732/777-126732-0059.flac,,,,/tmp/phi1/dataset/000261.npy
262,train,clean_speech,8842,/home/aidevcon/Downloads/DATASET/librispeech/LibriSpeech/dev-clean/8842/302196/8842-302196-0008.flac,,,,/tmp/phi1/dataset/000262.npy
263,train,clean_speech,5536,/home/aidevcon/Downloads/DATASET/librispeech/LibriSpeech/dev-clean/5536/43358/5536-43358-0011.flac,,,,/tmp/phi1/dataset/000263.npy
264,train,clean_speech,1272,/home/aidevcon/Downloads/DATASET/librispeech/LibriSpeech/dev-clean/1272/135031/1272-135031-0001.flac,,,,/tmp/phi1/dataset/000264.npy
265,train,clean_speech,6319,/home/aidevcon/Downloads/DATASET/librispeech/LibriSpeech/dev-clean/6319/275224/6319-275224-0004.flac,,,,/tmp/phi1/dataset/000265.npy
266,train,clean_speech,8842,/home/aidevcon/Downloads/DATASET/librispeech/LibriSpeech/dev-clean/8842/302196/8842-302196-0004.flac,,,,/tmp/phi1/dataset/000266.npy
267,train,clean_speech,1673,/home/aidevcon/Downloads/DATASET/librispeech/LibriSpeech/dev-clean/1673/143396/1673-143396-0017.flac,,,,/tmp/phi1/dataset/000267.npy
268,train,clean_speech,777,/home/aidevcon/Downloads/DATASET/librispeech/LibriSpeech/dev-clean/777/126732/777-126732-0056.flac,,,,/tmp/phi1/dataset/000268.npy
269,train,clean_speech,5694,/home/aidevcon/Downloads/DATASET/librispeech/LibriSpeech/dev-clean/5694/64029/5694-64029-0020.flac,,,,/tmp/phi1/dataset/000269.npy
270,train,clean_speech,6345,/home/aidevcon/Downloads/DATASET/librispeech/LibriSpeech/dev-clean/6345/93302/6345-93302-0005.flac,,,,/tmp/phi1/dataset/000270.npy
271,train,clean_speech,2078,/home/aidevcon/Downloads/DATASET/librispeech/LibriSpeech/dev-clean/2078/142845/2078-142845-0039.flac,,,,/tmp/phi1/dataset/000271.npy
272,train,clean_speech,6241,/home/aidevcon/Downloads/DATASET/librispeech/LibriSpeech/dev-clean/6241/66616/6241-66616-0014.flac,,,,/tmp/phi1/dataset/000272.npy
273,train,clean_speech,5895,/home/aidevcon/Downloads/DATASET/librispeech/LibriSpeech/dev-clean/5895/34622/5895-34622-0013.flac,,,,/tmp/phi1/dataset/000273.npy
274,train,clean_speech,3170,/home/aidevcon/Downloads/DATASET/librispeech/LibriSpeech/dev-clean/3170/137482/3170-137482-0038.flac,,,,/tmp/phi1/dataset/000274.npy
275,train,clean_speech,8842,/home/aidevcon/Downloads/DATASET/librispeech/LibriSpeech/dev-clean/8842/304647/8842-304647-0010.flac,,,,/tmp/phi1/dataset/000275.npy
276,train,clean_speech,6313,/home/aidevcon/Downloads/DATASET/librispeech/LibriSpeech/dev-clean/6313/76958/6313-76958-0012.flac,,,,/tmp/phi1/dataset/000276.npy
277,train,clean_speech,7976,/home/aidevcon/Downloads/DATASET/librispeech/LibriSpeech/dev-clean/7976/105575/7976-105575-0016.flac,,,,/tmp/phi1/dataset/000277.npy
278,train,clean_speech,3170,/home/aidevcon/Downloads/DATASET/librispeech/LibriSpeech/dev-clean/3170/137482/3170-137482-0044.flac,,,,/tmp/phi1/dataset/000278.npy
279,train,clean_speech,3170,/home/aidevcon/Downloads/DATASET/librispeech/LibriSpeech/dev-clean/3170/137482/3170-137482-0023.flac,,,,/tmp/phi1/dataset/000279.npy
280,train,clean_speech,777,/home/aidevcon/Downloads/DATASET/librispeech/LibriSpeech/dev-clean/777/126732/777-126732-0024.flac,,,,/tmp/phi1/dataset/000280.npy
281,train,clean_speech,5895,/home/aidevcon/Downloads/DATASET/librispeech/LibriSpeech/dev-clean/5895/34615/5895-34615-0021.flac,,,,/tmp/phi1/dataset/000281.npy
282,train,clean_speech,5895,/home/aidevcon/Downloads/DATASET/librispeech/LibriSpeech/dev-clean/5895/34615/5895-34615-0021.flac,,,,/tmp/phi1/dataset/000282.npy
283,train,clean_speech,84,/home/aidevcon/Downloads/DATASET/librispeech/LibriSpeech/dev-clean/84/121550/84-121550-0030.flac,,,,/tmp/phi1/dataset/000283.npy
284,train,clean_speech,3853,/home/aidevcon/Downloads/DATASET/librispeech/LibriSpeech/dev-clean/3853/163249/3853-163249-0030.flac,,,,/tmp/phi1/dataset/000284.npy
285,train,clean_speech,6345,/home/aidevcon/Downloads/DATASET/librispeech/LibriSpeech/dev-clean/6345/64257/6345-64257-0001.flac,,,,/tmp/phi1/dataset/000285.npy
286,train,clean_speech,6319,/home/aidevcon/Downloads/DATASET/librispeech/LibriSpeech/dev-clean/6319/275224/6319-275224-0018.flac,,,,/tmp/phi1/dataset/000286.npy
287,train,clean_speech,84,/home/aidevcon/Downloads/DATASET/librispeech/LibriSpeech/dev-clean/84/121550/84-121550-0006.flac,,,,/tmp/phi1/dataset/000287.npy
288,train,clean_speech,84,/home/aidevcon/Downloads/DATASET/librispeech/LibriSpeech/dev-clean/84/121123/84-121123-0005.flac,,,,/tmp/phi1/dataset/000288.npy
289,train,clean_speech,2412,/home/aidevcon/Downloads/DATASET/librispeech/LibriSpeech/dev-clean/2412/153947/2412-153947-0005.flac,,,,/tmp/phi1/dataset/000289.npy
290,train,clean_speech,6295,/home/aidevcon/Downloads/DATASET/librispeech/LibriSpeech/dev-clean/6295/64301/6295-64301-0005.flac,,,,/tmp/phi1/dataset/000290.npy
291,train,clean_speech,2412,/home/aidevcon/Downloads/DATASET/librispeech/LibriSpeech/dev-clean/2412/153954/2412-153954-0014.flac,,,,/tmp/phi1/dataset/000291.npy
292,train,clean_speech,5536,/home/aidevcon/Downloads/DATASET/librispeech/LibriSpeech/dev-clean/5536/43363/5536-43363-0004.flac,,,,/tmp/phi1/dataset/000292.npy
293,train,clean_speech,1673,/home/aidevcon/Downloads/DATASET/librispeech/LibriSpeech/dev-clean/1673/143396/1673-143396-0012.flac,,,,/tmp/phi1/dataset/000293.npy
294,train,clean_speech,7850,/home/aidevcon/Downloads/DATASET/librispeech/LibriSpeech/dev-clean/7850/281318/7850-281318-0006.flac,,,,/tmp/phi1/dataset/000294.npy
295,train,clean_speech,3170,/home/aidevcon/Downloads/DATASET/librispeech/LibriSpeech/dev-clean/3170/137482/3170-137482-0027.flac,,,,/tmp/phi1/dataset/000295.npy
296,train,clean_speech,2078,/home/aidevcon/Downloads/DATASET/librispeech/LibriSpeech/dev-clean/2078/142845/2078-142845-0034.flac,,,,/tmp/phi1/dataset/000296.npy
297,train,clean_speech,2803,/home/aidevcon/Downloads/DATASET/librispeech/LibriSpeech/dev-clean/2803/161169/2803-161169-0000.flac,,,,/tmp/phi1/dataset/000297.npy
298,train,clean_speech,652,/home/aidevcon/Downloads/DATASET/librispeech/LibriSpeech/dev-clean/652/130726/652-130726-0011.flac,,,,/tmp/phi1/dataset/000298.npy
299,train,clean_speech,2428,/home/aidevcon/Downloads/DATASET/librispeech/LibriSpeech/dev-clean/2428/83699/2428-83699-0005.flac,,,,/tmp/phi1/dataset/000299.npy
300,train,clean_speech,2412,/home/aidevcon/Downloads/DATASET/librispeech/LibriSpeech/dev-clean/2412/153948/2412-153948-0007.flac,,,,/tmp/phi1/dataset/000300.npy
301,train,clean_speech,5536,/home/aidevcon/Downloads/DATASET/librispeech/LibriSpeech/dev-clean/5536/43358/5536-43358-0008.flac,,,,/tmp/phi1/dataset/000301.npy
302,train,clean_speech,777,/home/aidevcon/Downloads/DATASET/librispeech/LibriSpeech/dev-clean/777/126732/777-126732-0063.flac,,,,/tmp/phi1/dataset/000302.npy
303,train,clean_speech,3752,/home/aidevcon/Downloads/DATASET/librispeech/LibriSpeech/dev-clean/3752/4944/3752-4944-0068.flac,,,,/tmp/phi1/dataset/000303.npy
304,train,clean_speech,3853,/home/aidevcon/Downloads/DATASET/librispeech/LibriSpeech/dev-clean/3853/163249/3853-163249-0004.flac,,,,/tmp/phi1/dataset/000304.npy
305,train,clean_speech,2078,/home/aidevcon/Downloads/DATASET/librispeech/LibriSpeech/dev-clean/2078/142845/2078-142845-0045.flac,,,,/tmp/phi1/dataset/000305.npy
306,train,clean_speech,174,/home/aidevcon/Downloads/DATASET/librispeech/LibriSpeech/dev-clean/174/84280/174-84280-0001.flac,,,,/tmp/phi1/dataset/000306.npy
307,train,clean_speech,6241,/home/aidevcon/Downloads/DATASET/librispeech/LibriSpeech/dev-clean/6241/61946/6241-61946-0003.flac,,,,/tmp/phi1/dataset/000307.npy
308,train,clean_speech,3576,/home/aidevcon/Downloads/DATASET/librispeech/LibriSpeech/dev-clean/3576/138058/3576-138058-0036.flac,,,,/tmp/phi1/dataset/000308.npy
309,train,clean_speech,2078,/home/aidevcon/Downloads/DATASET/librispeech/LibriSpeech/dev-clean/2078/142845/2078-142845-0028.flac,,,,/tmp/phi1/dataset/000309.npy
310,train,clean_speech,1988,/home/aidevcon/Downloads/DATASET/librispeech/LibriSpeech/dev-clean/1988/147956/1988-147956-0006.flac,,,,/tmp/phi1/dataset/000310.npy
311,train,clean_speech,1272,/home/aidevcon/Downloads/DATASET/librispeech/LibriSpeech/dev-clean/1272/141231/1272-141231-0031.flac,,,,/tmp/phi1/dataset/000311.npy
312,train,clean_speech,1993,/home/aidevcon/Downloads/DATASET/librispeech/LibriSpeech/dev-clean/1993/147149/1993-147149-0020.flac,,,,/tmp/phi1/dataset/000312.npy
313,train,clean_speech,251,/home/aidevcon/Downloads/DATASET/librispeech/LibriSpeech/dev-clean/251/136532/251-136532-0000.flac,,,,/tmp/phi1/dataset/000313.npy
314,train,clean_speech,6345,/home/aidevcon/Downloads/DATASET/librispeech/LibriSpeech/dev-clean/6345/64257/6345-64257-0016.flac,,,,/tmp/phi1/dataset/000314.npy
315,train,clean_speech,5895,/home/aidevcon/Downloads/DATASET/librispeech/LibriSpeech/dev-clean/5895/34622/5895-34622-0014.flac,,,,/tmp/phi1/dataset/000315.npy
316,train,clean_speech,3853,/home/aidevcon/Downloads/DATASET/librispeech/LibriSpeech/dev-clean/3853/163249/3853-163249-0026.flac,,,,/tmp/phi1/dataset/000316.npy
317,train,clean_speech,5536,/home/aidevcon/Downloads/DATASET/librispeech/LibriSpeech/dev-clean/5536/43358/5536-43358-0018.flac,,,,/tmp/phi1/dataset/000317.npy
318,train,clean_speech,174,/home/aidevcon/Downloads/DATASET/librispeech/LibriSpeech/dev-clean/174/50561/174-50561-0007.flac,,,,/tmp/phi1/dataset/000318.npy
319,train,clean_speech,8297,/home/aidevcon/Downloads/DATASET/librispeech/LibriSpeech/dev-clean/8297/275155/8297-275155-0017.flac,,,,/tmp/phi1/dataset/000319.npy
320,train,clean_speech,2803,/home/aidevcon/Downloads/DATASET/librispeech/LibriSpeech/dev-clean/2803/154320/2803-154320-0000.flac,,,,/tmp/phi1/dataset/000320.npy
321,train,clean_speech,7976,/home/aidevcon/Downloads/DATASET/librispeech/LibriSpeech/dev-clean/7976/105575/7976-105575-0022.flac,,,,/tmp/phi1/dataset/000321.npy
322,train,clean_speech,6295,/home/aidevcon/Downloads/DATASET/librispeech/LibriSpeech/dev-clean/6295/244435/6295-244435-0017.flac,,,,/tmp/phi1/dataset/000322.npy
323,train,clean_speech,6241,/home/aidevcon/Downloads/DATASET/librispeech/LibriSpeech/dev-clean/6241/61943/6241-61943-0024.flac,,,,/tmp/phi1/dataset/000323.npy
324,train,clean_speech,1993,/home/aidevcon/Downloads/DATASET/librispeech/LibriSpeech/dev-clean/1993/147149/1993-147149-0027.flac,,,,/tmp/phi1/dataset/000324.npy
325,train,clean_speech,8842,/home/aidevcon/Downloads/DATASET/librispeech/LibriSpeech/dev-clean/8842/302196/8842-302196-0010.flac,,,,/tmp/phi1/dataset/000325.npy
326,train,clean_speech,3576,/home/aidevcon/Downloads/DATASET/librispeech/LibriSpeech/dev-clean/3576/138058/3576-138058-0002.flac,,,,/tmp/phi1/dataset/000326.npy
327,train,clean_speech,777,/home/aidevcon/Downloads/DATASET/librispeech/LibriSpeech/dev-clean/777/126732/777-126732-0047.flac,,,,/tmp/phi1/dataset/000327.npy
328,train,clean_speech,3576,/home/aidevcon/Downloads/DATASET/librispeech/LibriSpeech/dev-clean/3576/138058/3576-138058-0014.flac,,,,/tmp/phi1/dataset/000328.npy
329,train,clean_speech,7976,/home/aidevcon/Downloads/DATASET/librispeech/LibriSpeech/dev-clean/7976/110523/7976-110523-0003.flac,,,,/tmp/phi1/dataset/000329.npy
330,train,clean_speech,251,/home/aidevcon/Downloads/DATASET/librispeech/LibriSpeech/dev-clean/251/136532/251-136532-0004.flac,,,,/tmp/phi1/dataset/000330.npy
331,train,clean_speech,2412,/home/aidevcon/Downloads/DATASET/librispeech/LibriSpeech/dev-clean/2412/153947/2412-153947-0006.flac,,,,/tmp/phi1/dataset/000331.npy
332,train,clean_speech,3170,/home/aidevcon/Downloads/DATASET/librispeech/LibriSpeech/dev-clean/3170/137482/3170-137482-0001.flac,,,,/tmp/phi1/dataset/000332.npy
333,train,clean_speech,5694,/home/aidevcon/Downloads/DATASET/librispeech/LibriSpeech/dev-clean/5694/64025/5694-64025-0005.flac,,,,/tmp/phi1/dataset/000333.npy
334,train,clean_speech,1272,/home/aidevcon/Downloads/DATASET/librispeech/LibriSpeech/dev-clean/1272/135031/1272-135031-0010.flac,,,,/tmp/phi1/dataset/000334.npy
335,train,clean_speech,5895,/home/aidevcon/Downloads/DATASET/librispeech/LibriSpeech/dev-clean/5895/34629/5895-34629-0026.flac,,,,/tmp/phi1/dataset/000335.npy
336,train,clean_speech,174,/home/aidevcon/Downloads/DATASET/librispeech/LibriSpeech/dev-clean/174/84280/174-84280-0002.flac,,,,/tmp/phi1/dataset/000336.npy
337,train,clean_speech,652,/home/aidevcon/Downloads/DATASET/librispeech/LibriSpeech/dev-clean/652/130726/652-130726-0024.flac,,,,/tmp/phi1/dataset/000337.npy
338,train,clean_speech,2803,/home/aidevcon/Downloads/DATASET/librispeech/LibriSpeech/dev-clean/2803/154320/2803-154320-0001.flac,,,,/tmp/phi1/dataset/000338.npy
339,train,clean_speech,3576,/home/aidevcon/Downloads/DATASET/librispeech/LibriSpeech/dev-clean/3576/138058/3576-138058-0012.flac,,,,/tmp/phi1/dataset/000339.npy
340,train,clean_speech,3576,/home/aidevcon/Downloads/DATASET/librispeech/LibriSpeech/dev-clean/3576/138058/3576-138058-0005.flac,,,,/tmp/phi1/dataset/000340.npy
341,train,clean_speech,1993,/home/aidevcon/Downloads/DATASET/librispeech/LibriSpeech/dev-clean/1993/147149/1993-147149-0024.flac,,,,/tmp/phi1/dataset/000341.npy
342,train,clean_speech,3752,/home/aidevcon/Downloads/DATASET/librispeech/LibriSpeech/dev-clean/3752/4944/3752-4944-0036.flac,,,,/tmp/phi1/dataset/000342.npy
343,train,clean_speech,5536,/home/aidevcon/Downloads/DATASET/librispeech/LibriSpeech/dev-clean/5536/43363/5536-43363-0002.flac,,,,/tmp/phi1/dataset/000343.npy
344,train,clean_speech,1272,/home/aidevcon/Downloads/DATASET/librispeech/LibriSpeech/dev-clean/1272/128104/1272-128104-0004.flac,,,,/tmp/phi1/dataset/000344.npy
345,train,clean_speech,6345,/home/aidevcon/Downloads/DATASET/librispeech/LibriSpeech/dev-clean/6345/93302/6345-93302-0015.flac,,,,/tmp/phi1/dataset/000345.npy
346,train,clean_speech,652,/home/aidevcon/Downloads/DATASET/librispeech/LibriSpeech/dev-clean/652/130726/652-130726-0001.flac,,,,/tmp/phi1/dataset/000346.npy
347,train,clean_speech,3853,/home/aidevcon/Downloads/DATASET/librispeech/LibriSpeech/dev-clean/3853/163249/3853-163249-0030.flac,,,,/tmp/phi1/dataset/000347.npy
348,train,clean_speech,6345,/home/aidevcon/Downloads/DATASET/librispeech/LibriSpeech/dev-clean/6345/93302/6345-93302-0003.flac,,,,/tmp/phi1/dataset/000348.npy
349,train,clean_speech,251,/home/aidevcon/Downloads/DATASET/librispeech/LibriSpeech/dev-clean/251/137823/251-137823-0019.flac,,,,/tmp/phi1/dataset/000349.npy
350,train,clean_speech,1272,/home/aidevcon/Downloads/DATASET/librispeech/LibriSpeech/dev-clean/1272/128104/1272-128104-0011.flac,,,,/tmp/phi1/dataset/000350.npy
351,train,clean_speech,5536,/home/aidevcon/Downloads/DATASET/librispeech/LibriSpeech/dev-clean/5536/43358/5536-43358-0019.flac,,,,/tmp/phi1/dataset/000351.npy
352,train,clean_speech,1993,/home/aidevcon/Downloads/DATASET/librispeech/LibriSpeech/dev-clean/1993/147964/1993-147964-0007.flac,,,,/tmp/phi1/dataset/000352.npy
353,train,clean_speech,1272,/home/aidevcon/Downloads/DATASET/librispeech/LibriSpeech/dev-clean/1272/141231/1272-141231-0010.flac,,,,/tmp/phi1/dataset/000353.npy
354,train,clean_speech,251,/home/aidevcon/Downloads/DATASET/librispeech/LibriSpeech/dev-clean/251/118436/251-118436-0014.flac,,,,/tmp/phi1/dataset/000354.npy
355,train,clean_speech,3170,/home/aidevcon/Downloads/DATASET/librispeech/LibriSpeech/dev-clean/3170/137482/3170-137482-0011.flac,,,,/tmp/phi1/dataset/000355.npy
356,train,clean_speech,1272,/home/aidevcon/Downloads/DATASET/librispeech/LibriSpeech/dev-clean/1272/141231/1272-141231-0022.flac,,,,/tmp/phi1/dataset/000356.npy
357,train,clean_speech,84,/home/aidevcon/Downloads/DATASET/librispeech/LibriSpeech/dev-clean/84/121550/84-121550-0012.flac,,,,/tmp/phi1/dataset/000357.npy
358,train,clean_speech,7976,/home/aidevcon/Downloads/DATASET/librispeech/LibriSpeech/dev-clean/7976/110523/7976-110523-0000.flac,,,,/tmp/phi1/dataset/000358.npy
359,train,clean_speech,1673,/home/aidevcon/Downloads/DATASET/librispeech/LibriSpeech/dev-clean/1673/143396/1673-143396-0003.flac,,,,/tmp/phi1/dataset/000359.npy
360,train,clean_speech,8842,/home/aidevcon/Downloads/DATASET/librispeech/LibriSpeech/dev-clean/8842/304647/8842-304647-0008.flac,,,,/tmp/phi1/dataset/000360.npy
361,train,clean_speech,3170,/home/aidevcon/Downloads/DATASET/librispeech/LibriSpeech/dev-clean/3170/137482/3170-137482-0040.flac,,,,/tmp/phi1/dataset/000361.npy
362,train,clean_speech,1988,/home/aidevcon/Downloads/DATASET/librispeech/LibriSpeech/dev-clean/1988/148538/1988-148538-0015.flac,,,,/tmp/phi1/dataset/000362.npy
363,train,clean_speech,2803,/home/aidevcon/Downloads/DATASET/librispeech/LibriSpeech/dev-clean/2803/161169/2803-161169-0009.flac,,,,/tmp/phi1/dataset/000363.npy
364,train,clean_speech,3576,/home/aidevcon/Downloads/DATASET/librispeech/LibriSpeech/dev-clean/3576/138058/3576-138058-0018.flac,,,,/tmp/phi1/dataset/000364.npy
365,train,clean_speech,2086,/home/aidevcon/Downloads/DATASET/librispeech/LibriSpeech/dev-clean/2086/149214/2086-149214-0002.flac,,,,/tmp/phi1/dataset/000365.npy
366,train,clean_speech,5895,/home/aidevcon/Downloads/DATASET/librispeech/LibriSpeech/dev-clean/5895/34622/5895-34622-0023.flac,,,,/tmp/phi1/dataset/000366.npy
367,train,clean_speech,3576,/home/aidevcon/Downloads/DATASET/librispeech/LibriSpeech/dev-clean/3576/138058/3576-138058-0035.flac,,,,/tmp/phi1/dataset/000367.npy
368,train,clean_speech,1993,/home/aidevcon/Downloads/DATASET/librispeech/LibriSpeech/dev-clean/1993/147149/1993-147149-0021.flac,,,,/tmp/phi1/dataset/000368.npy
369,train,clean_speech,5536,/home/aidevcon/Downloads/DATASET/librispeech/LibriSpeech/dev-clean/5536/43358/5536-43358-0010.flac,,,,/tmp/phi1/dataset/000369.npy
370,train,clean_speech,3170,/home/aidevcon/Downloads/DATASET/librispeech/LibriSpeech/dev-clean/3170/137482/3170-137482-0026.flac,,,,/tmp/phi1/dataset/000370.npy
371,train,clean_speech,2086,/home/aidevcon/Downloads/DATASET/librispeech/LibriSpeech/dev-clean/2086/149220/2086-149220-0049.flac,,,,/tmp/phi1/dataset/000371.npy
372,train,clean_speech,3576,/home/aidevcon/Downloads/DATASET/librispeech/LibriSpeech/dev-clean/3576/138058/3576-138058-0027.flac,,,,/tmp/phi1/dataset/000372.npy
373,train,clean_speech,7850,/home/aidevcon/Downloads/DATASET/librispeech/LibriSpeech/dev-clean/7850/73752/7850-73752-0007.flac,,,,/tmp/phi1/dataset/000373.npy
374,train,clean_speech,251,/home/aidevcon/Downloads/DATASET/librispeech/LibriSpeech/dev-clean/251/137823/251-137823-0009.flac,,,,/tmp/phi1/dataset/000374.npy
375,train,clean_speech,2086,/home/aidevcon/Downloads/DATASET/librispeech/LibriSpeech/dev-clean/2086/149220/2086-149220-0035.flac,,,,/tmp/phi1/dataset/000375.npy
376,train,clean_speech,1988,/home/aidevcon/Downloads/DATASET/librispeech/LibriSpeech/dev-clean/1988/147956/1988-147956-0001.flac,,,,/tmp/phi1/dataset/000376.npy
377,train,clean_speech,3752,/home/aidevcon/Downloads/DATASET/librispeech/LibriSpeech/dev-clean/3752/4944/3752-4944-0012.flac,,,,/tmp/phi1/dataset/000377.npy
378,train,clean_speech,1673,/home/aidevcon/Downloads/DATASET/librispeech/LibriSpeech/dev-clean/1673/143396/1673-143396-0008.flac,,,,/tmp/phi1/dataset/000378.npy
379,train,clean_speech,2412,/home/aidevcon/Downloads/DATASET/librispeech/LibriSpeech/dev-clean/2412/153947/2412-153947-0007.flac,,,,/tmp/phi1/dataset/000379.npy
380,train,clean_speech,3576,/home/aidevcon/Downloads/DATASET/librispeech/LibriSpeech/dev-clean/3576/138058/3576-138058-0036.flac,,,,/tmp/phi1/dataset/000380.npy
381,train,clean_speech,1673,/home/aidevcon/Downloads/DATASET/librispeech/LibriSpeech/dev-clean/1673/143397/1673-143397-0004.flac,,,,/tmp/phi1/dataset/000381.npy
382,train,clean_speech,1988,/home/aidevcon/Downloads/DATASET/librispeech/LibriSpeech/dev-clean/1988/148538/1988-148538-0007.flac,,,,/tmp/phi1/dataset/000382.npy
383,train,clean_speech,1988,/home/aidevcon/Downloads/DATASET/librispeech/LibriSpeech/dev-clean/1988/148538/1988-148538-0014.flac,,,,/tmp/phi1/dataset/000383.npy
384,train,clean_speech,5694,/home/aidevcon/Downloads/DATASET/librispeech/LibriSpeech/dev-clean/5694/64029/5694-64029-0006.flac,,,,/tmp/phi1/dataset/000384.npy
385,train,clean_speech,3576,/home/aidevcon/Downloads/DATASET/librispeech/LibriSpeech/dev-clean/3576/138058/3576-138058-0027.flac,,,,/tmp/phi1/dataset/000385.npy
386,train,clean_speech,652,/home/aidevcon/Downloads/DATASET/librispeech/LibriSpeech/dev-clean/652/130726/652-130726-0004.flac,,,,/tmp/phi1/dataset/000386.npy
387,train,clean_speech,2412,/home/aidevcon/Downloads/DATASET/librispeech/LibriSpeech/dev-clean/2412/153948/2412-153948-0001.flac,,,,/tmp/phi1/dataset/000387.npy
388,train,clean_speech,5536,/home/aidevcon/Downloads/DATASET/librispeech/LibriSpeech/dev-clean/5536/43363/5536-43363-0017.flac,,,,/tmp/phi1/dataset/000388.npy
389,train,clean_speech,2078,/home/aidevcon/Downloads/DATASET/librispeech/LibriSpeech/dev-clean/2078/142845/2078-142845-0008.flac,,,,/tmp/phi1/dataset/000389.npy
390,train,clean_speech,777,/home/aidevcon/Downloads/DATASET/librispeech/LibriSpeech/dev-clean/777/126732/777-126732-0023.flac,,,,/tmp/phi1/dataset/000390.npy
391,train,clean_speech,8842,/home/aidevcon/Downloads/DATASET/librispeech/LibriSpeech/dev-clean/8842/302203/8842-302203-0001.flac,,,,/tmp/phi1/dataset/000391.npy
392,train,clean_speech,5536,/home/aidevcon/Downloads/DATASET/librispeech/LibriSpeech/dev-clean/5536/43359/5536-43359-0005.flac,,,,/tmp/phi1/dataset/000392.npy
393,train,clean_speech,5694,/home/aidevcon/Downloads/DATASET/librispeech/LibriSpeech/dev-clean/5694/64038/5694-64038-0019.flac,,,,/tmp/phi1/dataset/000393.npy
394,train,clean_speech,1988,/home/aidevcon/Downloads/DATASET/librispeech/LibriSpeech/dev-clean/1988/148538/1988-148538-0000.flac,,,,/tmp/phi1/dataset/000394.npy
395,train,clean_speech,3576,/home/aidevcon/Downloads/DATASET/librispeech/LibriSpeech/dev-clean/3576/138058/3576-138058-0038.flac,,,,/tmp/phi1/dataset/000395.npy
396,train,clean_speech,3853,/home/aidevcon/Downloads/DATASET/librispeech/LibriSpeech/dev-clean/3853/163249/3853-163249-0052.flac,,,,/tmp/phi1/dataset/000396.npy
397,train,clean_speech,6241,/home/aidevcon/Downloads/DATASET/librispeech/LibriSpeech/dev-clean/6241/66616/6241-66616-0003.flac,,,,/tmp/phi1/dataset/000397.npy
398,train,clean_speech,3170,/home/aidevcon/Downloads/DATASET/librispeech/LibriSpeech/dev-clean/3170/137482/3170-137482-0039.flac,,,,/tmp/phi1/dataset/000398.npy
399,train,clean_speech,251,/home/aidevcon/Downloads/DATASET/librispeech/LibriSpeech/dev-clean/251/136532/251-136532-0012.flac,,,,/tmp/phi1/dataset/000399.npy
400,train,clean_speech,6313,/home/aidevcon/Downloads/DATASET/librispeech/LibriSpeech/dev-clean/6313/76958/6313-76958-0029.flac,,,,/tmp/phi1/dataset/000400.npy
401,train,clean_speech,6295,/home/aidevcon/Downloads/DATASET/librispeech/LibriSpeech/dev-clean/6295/244435/6295-244435-0033.flac,,,,/tmp/phi1/dataset/000401.npy
402,train,clean_speech,2803,/home/aidevcon/Downloads/DATASET/librispeech/LibriSpeech/dev-clean/2803/161169/2803-161169-0008.flac,,,,/tmp/phi1/dataset/000402.npy
403,train,clean_speech,2803,/home/aidevcon/Downloads/DATASET/librispeech/LibriSpeech/dev-clean/2803/161169/2803-161169-0007.flac,,,,/tmp/phi1/dataset/000403.npy
404,train,clean_speech,6345,/home/aidevcon/Downloads/DATASET/librispeech/LibriSpeech/dev-clean/6345/93302/6345-93302-0029.flac,,,,/tmp/phi1/dataset/000404.npy
405,train,clean_speech,5694,/home/aidevcon/Downloads/DATASET/librispeech/LibriSpeech/dev-clean/5694/64025/5694-64025-0010.flac,,,,/tmp/phi1/dataset/000405.npy
406,train,clean_speech,8297,/home/aidevcon/Downloads/DATASET/librispeech/LibriSpeech/dev-clean/8297/275155/8297-275155-0029.flac,,,,/tmp/phi1/dataset/000406.npy
407,train,clean_speech,2086,/home/aidevcon/Downloads/DATASET/librispeech/LibriSpeech/dev-clean/2086/149220/2086-149220-0041.flac,,,,/tmp/phi1/dataset/000407.npy
408,train,clean_speech,1673,/home/aidevcon/Downloads/DATASET/librispeech/LibriSpeech/dev-clean/1673/143397/1673-143397-0019.flac,,,,/tmp/phi1/dataset/000408.npy
409,train,clean_speech,652,/home/aidevcon/Downloads/DATASET/librispeech/LibriSpeech/dev-clean/652/130726/652-130726-0035.flac,,,,/tmp/phi1/dataset/000409.npy
410,train,clean_speech,7850,/home/aidevcon/Downloads/DATASET/librispeech/LibriSpeech/dev-clean/7850/281318/7850-281318-0010.flac,,,,/tmp/phi1/dataset/000410.npy
411,train,clean_speech,174,/home/aidevcon/Downloads/DATASET/librispeech/LibriSpeech/dev-clean/174/84280/174-84280-0004.flac,,,,/tmp/phi1/dataset/000411.npy
412,train,clean_speech,2086,/home/aidevcon/Downloads/DATASET/librispeech/LibriSpeech/dev-clean/2086/149220/2086-149220-0011.flac,,,,/tmp/phi1/dataset/000412.npy
413,train,clean_speech,8297,/home/aidevcon/Downloads/DATASET/librispeech/LibriSpeech/dev-clean/8297/275156/8297-275156-0002.flac,,,,/tmp/phi1/dataset/000413.npy
414,train,clean_speech,6241,/home/aidevcon/Downloads/DATASET/librispeech/LibriSpeech/dev-clean/6241/61943/6241-61943-0025.flac,,,,/tmp/phi1/dataset/000414.npy
415,train,clean_speech,3170,/home/aidevcon/Downloads/DATASET/librispeech/LibriSpeech/dev-clean/3170/137482/3170-137482-0000.flac,,,,/tmp/phi1/dataset/000415.npy
416,train,clean_speech,5536,/home/aidevcon/Downloads/DATASET/librispeech/LibriSpeech/dev-clean/5536/43358/5536-43358-0002.flac,,,,/tmp/phi1/dataset/000416.npy
417,train,clean_speech,6313,/home/aidevcon/Downloads/DATASET/librispeech/LibriSpeech/dev-clean/6313/76958/6313-76958-0017.flac,,,,/tmp/phi1/dataset/000417.npy
418,train,clean_speech,3576,/home/aidevcon/Downloads/DATASET/librispeech/LibriSpeech/dev-clean/3576/138058/3576-138058-0002.flac,,,,/tmp/phi1/dataset/000418.npy
419,train,clean_speech,2086,/home/aidevcon/Downloads/DATASET/librispeech/LibriSpeech/dev-clean/2086/149220/2086-149220-0001.flac,,,,/tmp/phi1/dataset/000419.npy
420,train,clean_speech,3853,/home/aidevcon/Downloads/DATASET/librispeech/LibriSpeech/dev-clean/3853/163249/3853-163249-0003.flac,,,,/tmp/phi1/dataset/000420.npy
421,train,clean_speech,174,/home/aidevcon/Downloads/DATASET/librispeech/LibriSpeech/dev-clean/174/168635/174-168635-0018.flac,,,,/tmp/phi1/dataset/000421.npy
422,train,clean_speech,8842,/home/aidevcon/Downloads/DATASET/librispeech/LibriSpeech/dev-clean/8842/302196/8842-302196-0006.flac,,,,/tmp/phi1/dataset/000422.npy
423,train,clean_speech,5895,/home/aidevcon/Downloads/DATASET/librispeech/LibriSpeech/dev-clean/5895/34629/5895-34629-0030.flac,,,,/tmp/phi1/dataset/000423.npy
424,train,clean_speech,1272,/home/aidevcon/Downloads/DATASET/librispeech/LibriSpeech/dev-clean/1272/128104/1272-128104-0003.flac,,,,/tmp/phi1/dataset/000424.npy
425,train,clean_speech,6319,/home/aidevcon/Downloads/DATASET/librispeech/LibriSpeech/dev-clean/6319/64726/6319-64726-0007.flac,,,,/tmp/phi1/dataset/000425.npy
426,train,clean_speech,2078,/home/aidevcon/Downloads/DATASET/librispeech/LibriSpeech/dev-clean/2078/142845/2078-142845-0020.flac,,,,/tmp/phi1/dataset/000426.npy
427,train,clean_speech,2803,/home/aidevcon/Downloads/DATASET/librispeech/LibriSpeech/dev-clean/2803/154328/2803-154328-0020.flac,,,,/tmp/phi1/dataset/000427.npy
428,train,clean_speech,7976,/home/aidevcon/Downloads/DATASET/librispeech/LibriSpeech/dev-clean/7976/105575/7976-105575-0029.flac,,,,/tmp/phi1/dataset/000428.npy
429,train,clean_speech,2428,/home/aidevcon/Downloads/DATASET/librispeech/LibriSpeech/dev-clean/2428/83699/2428-83699-0042.flac,,,,/tmp/phi1/dataset/000429.npy
430,train,clean_speech,2428,/home/aidevcon/Downloads/DATASET/librispeech/LibriSpeech/dev-clean/2428/83705/2428-83705-0018.flac,,,,/tmp/phi1/dataset/000430.npy
431,train,clean_speech,1988,/home/aidevcon/Downloads/DATASET/librispeech/LibriSpeech/dev-clean/1988/148538/1988-148538-0006.flac,,,,/tmp/phi1/dataset/000431.npy
432,train,clean_speech,251,/home/aidevcon/Downloads/DATASET/librispeech/LibriSpeech/dev-clean/251/118436/251-118436-0011.flac,,,,/tmp/phi1/dataset/000432.npy
433,train,clean_speech,8297,/home/aidevcon/Downloads/DATASET/librispeech/LibriSpeech/dev-clean/8297/275156/8297-275156-0005.flac,,,,/tmp/phi1/dataset/000433.npy
434,train,clean_speech,3853,/home/aidevcon/Downloads/DATASET/librispeech/LibriSpeech/dev-clean/3853/163249/3853-163249-0047.flac,,,,/tmp/phi1/dataset/000434.npy
435,train,clean_speech,1272,/home/aidevcon/Downloads/DATASET/librispeech/LibriSpeech/dev-clean/1272/128104/1272-128104-0011.flac,,,,/tmp/phi1/dataset/000435.npy
436,train,clean_speech,2078,/home/aidevcon/Downloads/DATASET/librispeech/LibriSpeech/dev-clean/2078/142845/2078-142845-0007.flac,,,,/tmp/phi1/dataset/000436.npy
437,train,clean_speech,2412,/home/aidevcon/Downloads/DATASET/librispeech/LibriSpeech/dev-clean/2412/153948/2412-153948-0013.flac,,,,/tmp/phi1/dataset/000437.npy
438,train,clean_speech,6345,/home/aidevcon/Downloads/DATASET/librispeech/LibriSpeech/dev-clean/6345/64257/6345-64257-0001.flac,,,,/tmp/phi1/dataset/000438.npy
439,train,clean_speech,1988,/home/aidevcon/Downloads/DATASET/librispeech/LibriSpeech/dev-clean/1988/24833/1988-24833-0004.flac,,,,/tmp/phi1/dataset/000439.npy
440,train,clean_speech,6241,/home/aidevcon/Downloads/DATASET/librispeech/LibriSpeech/dev-clean/6241/61946/6241-61946-0023.flac,,,,/tmp/phi1/dataset/000440.npy
441,train,clean_speech,5694,/home/aidevcon/Downloads/DATASET/librispeech/LibriSpeech/dev-clean/5694/64029/5694-64029-0016.flac,,,,/tmp/phi1/dataset/000441.npy
442,train,clean_speech,6313,/home/aidevcon/Downloads/DATASET/librispeech/LibriSpeech/dev-clean/6313/66125/6313-66125-0025.flac,,,,/tmp/phi1/dataset/000442.npy
443,train,clean_speech,1272,/home/aidevcon/Downloads/DATASET/librispeech/LibriSpeech/dev-clean/1272/141231/1272-141231-0030.flac,,,,/tmp/phi1/dataset/000443.npy
444,train,clean_speech,8297,/home/aidevcon/Downloads/DATASET/librispeech/LibriSpeech/dev-clean/8297/275155/8297-275155-0020.flac,,,,/tmp/phi1/dataset/000444.npy
445,train,clean_speech,1673,/home/aidevcon/Downloads/DATASET/librispeech/LibriSpeech/dev-clean/1673/143396/1673-143396-0006.flac,,,,/tmp/phi1/dataset/000445.npy
446,train,clean_speech,7850,/home/aidevcon/Downloads/DATASET/librispeech/LibriSpeech/dev-clean/7850/286674/7850-286674-0009.flac,,,,/tmp/phi1/dataset/000446.npy
447,train,clean_speech,2412,/home/aidevcon/Downloads/DATASET/librispeech/LibriSpeech/dev-clean/2412/153947/2412-153947-0010.flac,,,,/tmp/phi1/dataset/000447.npy
448,train,clean_speech,251,/home/aidevcon/Downloads/DATASET/librispeech/LibriSpeech/dev-clean/251/136532/251-136532-0017.flac,,,,/tmp/phi1/dataset/000448.npy
449,train,clean_speech,1988,/home/aidevcon/Downloads/DATASET/librispeech/LibriSpeech/dev-clean/1988/148538/1988-148538-0010.flac,,,,/tmp/phi1/dataset/000449.npy
450,train,clean_speech,2803,/home/aidevcon/Downloads/DATASET/librispeech/LibriSpeech/dev-clean/2803/154328/2803-154328-0004.flac,,,,/tmp/phi1/dataset/000450.npy
451,train,clean_speech,2086,/home/aidevcon/Downloads/DATASET/librispeech/LibriSpeech/dev-clean/2086/149220/2086-149220-0005.flac,,,,/tmp/phi1/dataset/000451.npy
452,train,clean_speech,1272,/home/aidevcon/Downloads/DATASET/librispeech/LibriSpeech/dev-clean/1272/128104/1272-128104-0007.flac,,,,/tmp/phi1/dataset/000452.npy
453,train,clean_speech,6313,/home/aidevcon/Downloads/DATASET/librispeech/LibriSpeech/dev-clean/6313/76958/6313-76958-0014.flac,,,,/tmp/phi1/dataset/000453.npy
454,train,clean_speech,6241,/home/aidevcon/Downloads/DATASET/librispeech/LibriSpeech/dev-clean/6241/66616/6241-66616-0018.flac,,,,/tmp/phi1/dataset/000454.npy
455,train,clean_speech,8297,/home/aidevcon/Downloads/DATASET/librispeech/LibriSpeech/dev-clean/8297/275156/8297-275156-0010.flac,,,,/tmp/phi1/dataset/000455.npy
456,train,clean_speech,2086,/home/aidevcon/Downloads/DATASET/librispeech/LibriSpeech/dev-clean/2086/149220/2086-149220-0048.flac,,,,/tmp/phi1/dataset/000456.npy
457,train,clean_speech,1673,/home/aidevcon/Downloads/DATASET/librispeech/LibriSpeech/dev-clean/1673/143396/1673-143396-0020.flac,,,,/tmp/phi1/dataset/000457.npy
458,train,clean_speech,5694,/home/aidevcon/Downloads/DATASET/librispeech/LibriSpeech/dev-clean/5694/64038/5694-64038-0018.flac,,,,/tmp/phi1/dataset/000458.npy
459,train,clean_speech,2428,/home/aidevcon/Downloads/DATASET/librispeech/LibriSpeech/dev-clean/2428/83705/2428-83705-0042.flac,,,,/tmp/phi1/dataset/000459.npy
460,train,clean_speech,3576,/home/aidevcon/Downloads/DATASET/librispeech/LibriSpeech/dev-clean/3576/138058/3576-138058-0010.flac,,,,/tmp/phi1/dataset/000460.npy
461,train,clean_speech,777,/home/aidevcon/Downloads/DATASET/librispeech/LibriSpeech/dev-clean/777/126732/777-126732-0065.flac,,,,/tmp/phi1/dataset/000461.npy
462,train,clean_speech,6345,/home/aidevcon/Downloads/DATASET/librispeech/LibriSpeech/dev-clean/6345/93302/6345-93302-0009.flac,,,,/tmp/phi1/dataset/000462.npy
463,train,clean_speech,5895,/home/aidevcon/Downloads/DATASET/librispeech/LibriSpeech/dev-clean/5895/34615/5895-34615-0002.flac,,,,/tmp/phi1/dataset/000463.npy
464,train,clean_speech,2086,/home/aidevcon/Downloads/DATASET/librispeech/LibriSpeech/dev-clean/2086/149220/2086-149220-0017.flac,,,,/tmp/phi1/dataset/000464.npy
465,train,clean_speech,5895,/home/aidevcon/Downloads/DATASET/librispeech/LibriSpeech/dev-clean/5895/34629/5895-34629-0030.flac,,,,/tmp/phi1/dataset/000465.npy
466,train,clean_speech,1993,/home/aidevcon/Downloads/DATASET/librispeech/LibriSpeech/dev-clean/1993/147964/1993-147964-0009.flac,,,,/tmp/phi1/dataset/000466.npy
467,train,clean_speech,1988,/home/aidevcon/Downloads/DATASET/librispeech/LibriSpeech/dev-clean/1988/148538/1988-148538-0001.flac,,,,/tmp/phi1/dataset/000467.npy
468,train,clean_speech,3853,/home/aidevcon/Downloads/DATASET/librispeech/LibriSpeech/dev-clean/3853/163249/3853-163249-0014.flac,,,,/tmp/phi1/dataset/000468.npy
469,train,clean_speech,3752,/home/aidevcon/Downloads/DATASET/librispeech/LibriSpeech/dev-clean/3752/4943/3752-4943-0025.flac,,,,/tmp/phi1/dataset/000469.npy
470,train,clean_speech,3576,/home/aidevcon/Downloads/DATASET/librispeech/LibriSpeech/dev-clean/3576/138058/3576-138058-0033.flac,,,,/tmp/phi1/dataset/000470.npy
471,train,clean_speech,6241,/home/aidevcon/Downloads/DATASET/librispeech/LibriSpeech/dev-clean/6241/66616/6241-66616-0006.flac,,,,/tmp/phi1/dataset/000471.npy
472,train,clean_speech,7850,/home/aidevcon/Downloads/DATASET/librispeech/LibriSpeech/dev-clean/7850/111771/7850-111771-0000.flac,,,,/tmp/phi1/dataset/000472.npy
473,train,clean_speech,5536,/home/aidevcon/Downloads/DATASET/librispeech/LibriSpeech/dev-clean/5536/43359/5536-43359-0002.flac,,,,/tmp/phi1/dataset/000473.npy
474,train,clean_speech,2078,/home/aidevcon/Downloads/DATASET/librispeech/LibriSpeech/dev-clean/2078/142845/2078-142845-0039.flac,,,,/tmp/phi1/dataset/000474.npy
475,train,clean_speech,1272,/home/aidevcon/Downloads/DATASET/librispeech/LibriSpeech/dev-clean/1272/135031/1272-135031-0000.flac,,,,/tmp/phi1/dataset/000475.npy
476,train,clean_speech,5536,/home/aidevcon/Downloads/DATASET/librispeech/LibriSpeech/dev-clean/5536/43359/5536-43359-0013.flac,,,,/tmp/phi1/dataset/000476.npy
477,train,clean_speech,2803,/home/aidevcon/Downloads/DATASET/librispeech/LibriSpeech/dev-clean/2803/154328/2803-154328-0018.flac,,,,/tmp/phi1/dataset/000477.npy
478,train,clean_speech,5694,/home/aidevcon/Downloads/DATASET/librispeech/LibriSpeech/dev-clean/5694/64025/5694-64025-0016.flac,,,,/tmp/phi1/dataset/000478.npy
479,train,clean_speech,6241,/home/aidevcon/Downloads/DATASET/librispeech/LibriSpeech/dev-clean/6241/66616/6241-66616-0005.flac,,,,/tmp/phi1/dataset/000479.npy
480,train,clean_speech,652,/home/aidevcon/Downloads/DATASET/librispeech/LibriSpeech/dev-clean/652/129742/652-129742-0005.flac,,,,/tmp/phi1/dataset/000480.npy
481,train,clean_speech,5536,/home/aidevcon/Downloads/DATASET/librispeech/LibriSpeech/dev-clean/5536/43363/5536-43363-0008.flac,,,,/tmp/phi1/dataset/000481.npy
482,train,clean_speech,1993,/home/aidevcon/Downloads/DATASET/librispeech/LibriSpeech/dev-clean/1993/147964/1993-147964-0004.flac,,,,/tmp/phi1/dataset/000482.npy
483,train,clean_speech,2803,/home/aidevcon/Downloads/DATASET/librispeech/LibriSpeech/dev-clean/2803/161169/2803-161169-0004.flac,,,,/tmp/phi1/dataset/000483.npy
484,train,clean_speech,5694,/home/aidevcon/Downloads/DATASET/librispeech/LibriSpeech/dev-clean/5694/64025/5694-64025-0002.flac,,,,/tmp/phi1/dataset/000484.npy
485,train,clean_speech,174,/home/aidevcon/Downloads/DATASET/librispeech/LibriSpeech/dev-clean/174/50561/174-50561-0013.flac,,,,/tmp/phi1/dataset/000485.npy
486,train,clean_speech,7976,/home/aidevcon/Downloads/DATASET/librispeech/LibriSpeech/dev-clean/7976/105575/7976-105575-0029.flac,,,,/tmp/phi1/dataset/000486.npy
487,train,clean_speech,2078,/home/aidevcon/Downloads/DATASET/librispeech/LibriSpeech/dev-clean/2078/142845/2078-142845-0005.flac,,,,/tmp/phi1/dataset/000487.npy
488,train,clean_speech,1673,/home/aidevcon/Downloads/DATASET/librispeech/LibriSpeech/dev-clean/1673/143397/1673-143397-0020.flac,,,,/tmp/phi1/dataset/000488.npy
489,train,clean_speech,7976,/home/aidevcon/Downloads/DATASET/librispeech/LibriSpeech/dev-clean/7976/110523/7976-110523-0012.flac,,,,/tmp/phi1/dataset/000489.npy
490,train,clean_speech,2086,/home/aidevcon/Downloads/DATASET/librispeech/LibriSpeech/dev-clean/2086/149220/2086-149220-0048.flac,,,,/tmp/phi1/dataset/000490.npy
491,train,clean_speech,3576,/home/aidevcon/Downloads/DATASET/librispeech/LibriSpeech/dev-clean/3576/138058/3576-138058-0023.flac,,,,/tmp/phi1/dataset/000491.npy
492,train,clean_speech,2078,/home/aidevcon/Downloads/DATASET/librispeech/LibriSpeech/dev-clean/2078/142845/2078-142845-0037.flac,,,,/tmp/phi1/dataset/000492.npy
493,train,clean_speech,84,/home/aidevcon/Downloads/DATASET/librispeech/LibriSpeech/dev-clean/84/121550/84-121550-0013.flac,,,,/tmp/phi1/dataset/000493.npy
494,train,clean_speech,174,/home/aidevcon/Downloads/DATASET/librispeech/LibriSpeech/dev-clean/174/50561/174-50561-0011.flac,,,,/tmp/phi1/dataset/000494.npy
495,train,clean_speech,6345,/home/aidevcon/Downloads/DATASET/librispeech/LibriSpeech/dev-clean/6345/93306/6345-93306-0025.flac,,,,/tmp/phi1/dataset/000495.npy
496,train,clean_speech,2428,/home/aidevcon/Downloads/DATASET/librispeech/LibriSpeech/dev-clean/2428/83699/2428-83699-0025.flac,,,,/tmp/phi1/dataset/000496.npy
497,train,clean_speech,251,/home/aidevcon/Downloads/DATASET/librispeech/LibriSpeech/dev-clean/251/118436/251-118436-0007.flac,,,,/tmp/phi1/dataset/000497.npy
498,train,clean_speech,2086,/home/aidevcon/Downloads/DATASET/librispeech/LibriSpeech/dev-clean/2086/149220/2086-149220-0031.flac,,,,/tmp/phi1/dataset/000498.npy
499,train,clean_speech,1988,/home/aidevcon/Downloads/DATASET/librispeech/LibriSpeech/dev-clean/1988/24833/1988-24833-0017.flac,,,,/tmp/phi1/dataset/000499.npy
500,train,clean_speech,5694,/home/aidevcon/Downloads/DATASET/librispeech/LibriSpeech/dev-clean/5694/64038/5694-64038-0022.flac,,,,/tmp/phi1/dataset/000500.npy
501,train,clean_speech,2428,/home/aidevcon/Downloads/DATASET/librispeech/LibriSpeech/dev-clean/2428/83699/2428-83699-0006.flac,,,,/tmp/phi1/dataset/000501.npy
502,train,clean_speech,7976,/home/aidevcon/Downloads/DATASET/librispeech/LibriSpeech/dev-clean/7976/105575/7976-105575-0013.flac,,,,/tmp/phi1/dataset/000502.npy
503,train,clean_speech,5536,/home/aidevcon/Downloads/DATASET/librispeech/LibriSpeech/dev-clean/5536/43359/5536-43359-0011.flac,,,,/tmp/phi1/dataset/000503.npy
504,train,clean_speech,6295,/home/aidevcon/Downloads/DATASET/librispeech/LibriSpeech/dev-clean/6295/244435/6295-244435-0009.flac,,,,/tmp/phi1/dataset/000504.npy
505,train,clean_speech,5536,/home/aidevcon/Downloads/DATASET/librispeech/LibriSpeech/dev-clean/5536/43363/5536-43363-0007.flac,,,,/tmp/phi1/dataset/000505.npy
506,train,clean_speech,6241,/home/aidevcon/Downloads/DATASET/librispeech/LibriSpeech/dev-clean/6241/66616/6241-66616-0012.flac,,,,/tmp/phi1/dataset/000506.npy
507,train,clean_speech,2428,/home/aidevcon/Downloads/DATASET/librispeech/LibriSpeech/dev-clean/2428/83705/2428-83705-0004.flac,,,,/tmp/phi1/dataset/000507.npy
508,train,clean_speech,2803,/home/aidevcon/Downloads/DATASET/librispeech/LibriSpeech/dev-clean/2803/161169/2803-161169-0010.flac,,,,/tmp/phi1/dataset/000508.npy
509,train,clean_speech,3576,/home/aidevcon/Downloads/DATASET/librispeech/LibriSpeech/dev-clean/3576/138058/3576-138058-0009.flac,,,,/tmp/phi1/dataset/000509.npy
510,train,clean_speech,1673,/home/aidevcon/Downloads/DATASET/librispeech/LibriSpeech/dev-clean/1673/143397/1673-143397-0020.flac,,,,/tmp/phi1/dataset/000510.npy
511,train,clean_speech,5895,/home/aidevcon/Downloads/DATASET/librispeech/LibriSpeech/dev-clean/5895/34629/5895-34629-0015.flac,,,,/tmp/phi1/dataset/000511.npy
512,train,clean_speech,652,/home/aidevcon/Downloads/DATASET/librispeech/LibriSpeech/dev-clean/652/129742/652-129742-0015.flac,,,,/tmp/phi1/dataset/000512.npy
513,train,clean_speech,7850,/home/aidevcon/Downloads/DATASET/librispeech/LibriSpeech/dev-clean/7850/73752/7850-73752-0001.flac,,,,/tmp/phi1/dataset/000513.npy
514,train,clean_speech,84,/home/aidevcon/Downloads/DATASET/librispeech/LibriSpeech/dev-clean/84/121550/84-121550-0005.flac,,,,/tmp/phi1/dataset/000514.npy
515,train,clean_speech,7850,/home/aidevcon/Downloads/DATASET/librispeech/LibriSpeech/dev-clean/7850/111771/7850-111771-0004.flac,,,,/tmp/phi1/dataset/000515.npy
516,train,clean_speech,2803,/home/aidevcon/Downloads/DATASET/librispeech/LibriSpeech/dev-clean/2803/161169/2803-161169-0015.flac,,,,/tmp/phi1/dataset/000516.npy
517,train,clean_speech,1673,/home/aidevcon/Downloads/DATASET/librispeech/LibriSpeech/dev-clean/1673/143397/1673-143397-0014.flac,,,,/tmp/phi1/dataset/000517.npy
518,train,clean_speech,3853,/home/aidevcon/Downloads/DATASET/librispeech/LibriSpeech/dev-clean/3853/163249/3853-163249-0013.flac,,,,/tmp/phi1/dataset/000518.npy
519,train,clean_speech,1673,/home/aidevcon/Downloads/DATASET/librispeech/LibriSpeech/dev-clean/1673/143397/1673-143397-0010.flac,,,,/tmp/phi1/dataset/000519.npy
520,train,clean_speech,2078,/home/aidevcon/Downloads/DATASET/librispeech/LibriSpeech/dev-clean/2078/142845/2078-142845-0051.flac,,,,/tmp/phi1/dataset/000520.npy
521,train,clean_speech,2086,/home/aidevcon/Downloads/DATASET/librispeech/LibriSpeech/dev-clean/2086/149220/2086-149220-0002.flac,,,,/tmp/phi1/dataset/000521.npy
522,train,clean_speech,3576,/home/aidevcon/Downloads/DATASET/librispeech/LibriSpeech/dev-clean/3576/138058/3576-138058-0020.flac,,,,/tmp/phi1/dataset/000522.npy
523,train,clean_speech,5536,/home/aidevcon/Downloads/DATASET/librispeech/LibriSpeech/dev-clean/5536/43358/5536-43358-0008.flac,,,,/tmp/phi1/dataset/000523.npy
524,train,clean_speech,5536,/home/aidevcon/Downloads/DATASET/librispeech/LibriSpeech/dev-clean/5536/43363/5536-43363-0014.flac,,,,/tmp/phi1/dataset/000524.npy
525,train,clean_speech,6295,/home/aidevcon/Downloads/DATASET/librispeech/LibriSpeech/dev-clean/6295/64301/6295-64301-0016.flac,,,,/tmp/phi1/dataset/000525.npy
526,train,clean_speech,1993,/home/aidevcon/Downloads/DATASET/librispeech/LibriSpeech/dev-clean/1993/147965/1993-147965-0006.flac,,,,/tmp/phi1/dataset/000526.npy
527,train,clean_speech,2086,/home/aidevcon/Downloads/DATASET/librispeech/LibriSpeech/dev-clean/2086/149220/2086-149220-0033.flac,,,,/tmp/phi1/dataset/000527.npy
528,train,clean_speech,1272,/home/aidevcon/Downloads/DATASET/librispeech/LibriSpeech/dev-clean/1272/128104/1272-128104-0004.flac,,,,/tmp/phi1/dataset/000528.npy
529,train,clean_speech,5895,/home/aidevcon/Downloads/DATASET/librispeech/LibriSpeech/dev-clean/5895/34629/5895-34629-0018.flac,,,,/tmp/phi1/dataset/000529.npy
530,train,clean_speech,2412,/home/aidevcon/Downloads/DATASET/librispeech/LibriSpeech/dev-clean/2412/153954/2412-153954-0006.flac,,,,/tmp/phi1/dataset/000530.npy
531,train,clean_speech,8842,/home/aidevcon/Downloads/DATASET/librispeech/LibriSpeech/dev-clean/8842/304647/8842-304647-0013.flac,,,,/tmp/phi1/dataset/000531.npy
532,train,clean_speech,3576,/home/aidevcon/Downloads/DATASET/librispeech/LibriSpeech/dev-clean/3576/138058/3576-138058-0022.flac,,,,/tmp/phi1/dataset/000532.npy
533,train,clean_speech,5895,/home/aidevcon/Downloads/DATASET/librispeech/LibriSpeech/dev-clean/5895/34629/5895-34629-0028.flac,,,,/tmp/phi1/dataset/000533.npy
534,train,clean_speech,2428,/home/aidevcon/Downloads/DATASET/librispeech/LibriSpeech/dev-clean/2428/83699/2428-83699-0018.flac,,,,/tmp/phi1/dataset/000534.npy
535,train,clean_speech,174,/home/aidevcon/Downloads/DATASET/librispeech/LibriSpeech/dev-clean/174/168635/174-168635-0002.flac,,,,/tmp/phi1/dataset/000535.npy
536,train,clean_speech,652,/home/aidevcon/Downloads/DATASET/librispeech/LibriSpeech/dev-clean/652/130737/652-130737-0010.flac,,,,/tmp/phi1/dataset/000536.npy
537,train,clean_speech,1272,/home/aidevcon/Downloads/DATASET/librispeech/LibriSpeech/dev-clean/1272/141231/1272-141231-0025.flac,,,,/tmp/phi1/dataset/000537.npy
538,train,clean_speech,2086,/home/aidevcon/Downloads/DATASET/librispeech/LibriSpeech/dev-clean/2086/149220/2086-149220-0036.flac,,,,/tmp/phi1/dataset/000538.npy
539,train,clean_speech,8297,/home/aidevcon/Downloads/DATASET/librispeech/LibriSpeech/dev-clean/8297/275154/8297-275154-0006.flac,,,,/tmp/phi1/dataset/000539.npy
540,train,clean_speech,7850,/home/aidevcon/Downloads/DATASET/librispeech/LibriSpeech/dev-clean/7850/73752/7850-73752-0018.flac,,,,/tmp/phi1/dataset/000540.npy
541,train,clean_speech,3170,/home/aidevcon/Downloads/DATASET/librispeech/LibriSpeech/dev-clean/3170/137482/3170-137482-0044.flac,,,,/tmp/phi1/dataset/000541.npy
542,train,clean_speech,6241,/home/aidevcon/Downloads/DATASET/librispeech/LibriSpeech/dev-clean/6241/61943/6241-61943-0027.flac,,,,/tmp/phi1/dataset/000542.npy
543,train,clean_speech,1673,/home/aidevcon/Downloads/DATASET/librispeech/LibriSpeech/dev-clean/1673/143396/1673-143396-0014.flac,,,,/tmp/phi1/dataset/000543.npy
544,train,clean_speech,2803,/home/aidevcon/Downloads/DATASET/librispeech/LibriSpeech/dev-clean/2803/154328/2803-154328-0019.flac,,,,/tmp/phi1/dataset/000544.npy
545,train,clean_speech,2428,/home/aidevcon/Downloads/DATASET/librispeech/LibriSpeech/dev-clean/2428/83699/2428-83699-0017.flac,,,,/tmp/phi1/dataset/000545.npy
546,train,clean_speech,84,/home/aidevcon/Downloads/DATASET/librispeech/LibriSpeech/dev-clean/84/121123/84-121123-0002.flac,,,,/tmp/phi1/dataset/000546.npy
547,train,clean_speech,174,/home/aidevcon/Downloads/DATASET/librispeech/LibriSpeech/dev-clean/174/84280/174-84280-0012.flac,,,,/tmp/phi1/dataset/000547.npy
548,train,clean_speech,5895,/home/aidevcon/Downloads/DATASET/librispeech/LibriSpeech/dev-clean/5895/34615/5895-34615-0019.flac,,,,/tmp/phi1/dataset/000548.npy
549,train,clean_speech,6319,/home/aidevcon/Downloads/DATASET/librispeech/LibriSpeech/dev-clean/6319/275224/6319-275224-0003.flac,,,,/tmp/phi1/dataset/000549.npy
550,train,clean_speech,3752,/home/aidevcon/Downloads/DATASET/librispeech/LibriSpeech/dev-clean/3752/4944/3752-4944-0069.flac,,,,/tmp/phi1/dataset/000550.npy
551,train,clean_speech,251,/home/aidevcon/Downloads/DATASET/librispeech/LibriSpeech/dev-clean/251/118436/251-118436-0003.flac,,,,/tmp/phi1/dataset/000551.npy
552,train,clean_speech,1673,/home/aidevcon/Downloads/DATASET/librispeech/LibriSpeech/dev-clean/1673/143396/1673-143396-0011.flac,,,,/tmp/phi1/dataset/000552.npy
553,train,clean_speech,1673,/home/aidevcon/Downloads/DATASET/librispeech/LibriSpeech/dev-clean/1673/143397/1673-143397-0016.flac,,,,/tmp/phi1/dataset/000553.npy
554,train,clean_speech,652,/home/aidevcon/Downloads/DATASET/librispeech/LibriSpeech/dev-clean/652/130726/652-130726-0014.flac,,,,/tmp/phi1/dataset/000554.npy
555,train,clean_speech,2428,/home/aidevcon/Downloads/DATASET/librispeech/LibriSpeech/dev-clean/2428/83699/2428-83699-0037.flac,,,,/tmp/phi1/dataset/000555.npy
556,train,clean_speech,8297,/home/aidevcon/Downloads/DATASET/librispeech/LibriSpeech/dev-clean/8297/275154/8297-275154-0014.flac,,,,/tmp/phi1/dataset/000556.npy
557,train,clean_speech,8842,/home/aidevcon/Downloads/DATASET/librispeech/LibriSpeech/dev-clean/8842/304647/8842-304647-0011.flac,,,,/tmp/phi1/dataset/000557.npy
558,train,clean_speech,5536,/home/aidevcon/Downloads/DATASET/librispeech/LibriSpeech/dev-clean/5536/43358/5536-43358-0007.flac,,,,/tmp/phi1/dataset/000558.npy
559,train,clean_speech,3853,/home/aidevcon/Downloads/DATASET/librispeech/LibriSpeech/dev-clean/3853/163249/3853-163249-0053.flac,,,,/tmp/phi1/dataset/000559.npy
560,train,clean_speech,84,/home/aidevcon/Downloads/DATASET/librispeech/LibriSpeech/dev-clean/84/121550/84-121550-0009.flac,,,,/tmp/phi1/dataset/000560.npy
561,train,clean_speech,2428,/home/aidevcon/Downloads/DATASET/librispeech/LibriSpeech/dev-clean/2428/83705/2428-83705-0011.flac,,,,/tmp/phi1/dataset/000561.npy
562,train,clean_speech,3170,/home/aidevcon/Downloads/DATASET/librispeech/LibriSpeech/dev-clean/3170/137482/3170-137482-0031.flac,,,,/tmp/phi1/dataset/000562.npy
563,train,clean_speech,6295,/home/aidevcon/Downloads/DATASET/librispeech/LibriSpeech/dev-clean/6295/244435/6295-244435-0036.flac,,,,/tmp/phi1/dataset/000563.npy
564,train,clean_speech,777,/home/aidevcon/Downloads/DATASET/librispeech/LibriSpeech/dev-clean/777/126732/777-126732-0032.flac,,,,/tmp/phi1/dataset/000564.npy
565,train,clean_speech,3576,/home/aidevcon/Downloads/DATASET/librispeech/LibriSpeech/dev-clean/3576/138058/3576-138058-0035.flac,,,,/tmp/phi1/dataset/000565.npy
566,train,clean_speech,3576,/home/aidevcon/Downloads/DATASET/librispeech/LibriSpeech/dev-clean/3576/138058/3576-138058-0040.flac,,,,/tmp/phi1/dataset/000566.npy
567,train,clean_speech,777,/home/aidevcon/Downloads/DATASET/librispeech/LibriSpeech/dev-clean/777/126732/777-126732-0066.flac,,,,/tmp/phi1/dataset/000567.npy
568,train,clean_speech,3170,/home/aidevcon/Downloads/DATASET/librispeech/LibriSpeech/dev-clean/3170/137482/3170-137482-0022.flac,,,,/tmp/phi1/dataset/000568.npy
569,train,clean_speech,174,/home/aidevcon/Downloads/DATASET/librispeech/LibriSpeech/dev-clean/174/168635/174-168635-0002.flac,,,,/tmp/phi1/dataset/000569.npy
570,train,clean_speech,1988,/home/aidevcon/Downloads/DATASET/librispeech/LibriSpeech/dev-clean/1988/148538/1988-148538-0004.flac,,,,/tmp/phi1/dataset/000570.npy
571,train,clean_speech,1988,/home/aidevcon/Downloads/DATASET/librispeech/LibriSpeech/dev-clean/1988/24833/1988-24833-0007.flac,,,,/tmp/phi1/dataset/000571.npy
572,train,clean_speech,2078,/home/aidevcon/Downloads/DATASET/librispeech/LibriSpeech/dev-clean/2078/142845/2078-142845-0047.flac,,,,/tmp/phi1/dataset/000572.npy
573,train,clean_speech,251,/home/aidevcon/Downloads/DATASET/librispeech/LibriSpeech/dev-clean/251/118436/251-118436-0003.flac,,,,/tmp/phi1/dataset/000573.npy
574,train,clean_speech,1673,/home/aidevcon/Downloads/DATASET/librispeech/LibriSpeech/dev-clean/1673/143396/1673-143396-0014.flac,,,,/tmp/phi1/dataset/000574.npy
575,train,clean_speech,7850,/home/aidevcon/Downloads/DATASET/librispeech/LibriSpeech/dev-clean/7850/111771/7850-111771-0001.flac,,,,/tmp/phi1/dataset/000575.npy
576,train,clean_speech,5536,/home/aidevcon/Downloads/DATASET/librispeech/LibriSpeech/dev-clean/5536/43358/5536-43358-0005.flac,,,,/tmp/phi1/dataset/000576.npy
577,train,clean_speech,8842,/home/aidevcon/Downloads/DATASET/librispeech/LibriSpeech/dev-clean/8842/302196/8842-302196-0007.flac,,,,/tmp/phi1/dataset/000577.npy
578,train,clean_speech,6313,/home/aidevcon/Downloads/DATASET/librispeech/LibriSpeech/dev-clean/6313/66129/6313-66129-0024.flac,,,,/tmp/phi1/dataset/000578.npy
579,train,clean_speech,5895,/home/aidevcon/Downloads/DATASET/librispeech/LibriSpeech/dev-clean/5895/34629/5895-34629-0023.flac,,,,/tmp/phi1/dataset/000579.npy
580,train,clean_speech,2412,/home/aidevcon/Downloads/DATASET/librispeech/LibriSpeech/dev-clean/2412/153954/2412-153954-0015.flac,,,,/tmp/phi1/dataset/000580.npy
581,train,clean_speech,8842,/home/aidevcon/Downloads/DATASET/librispeech/LibriSpeech/dev-clean/8842/302196/8842-302196-0002.flac,,,,/tmp/phi1/dataset/000581.npy
582,train,clean_speech,3576,/home/aidevcon/Downloads/DATASET/librispeech/LibriSpeech/dev-clean/3576/138058/3576-138058-0004.flac,,,,/tmp/phi1/dataset/000582.npy
583,train,clean_speech,3576,/home/aidevcon/Downloads/DATASET/librispeech/LibriSpeech/dev-clean/3576/138058/3576-138058-0021.flac,,,,/tmp/phi1/dataset/000583.npy
584,train,clean_speech,2078,/home/aidevcon/Downloads/DATASET/librispeech/LibriSpeech/dev-clean/2078/142845/2078-142845-0032.flac,,,,/tmp/phi1/dataset/000584.npy
585,train,clean_speech,251,/home/aidevcon/Downloads/DATASET/librispeech/LibriSpeech/dev-clean/251/136532/251-136532-0005.flac,,,,/tmp/phi1/dataset/000585.npy
586,train,clean_speech,1272,/home/aidevcon/Downloads/DATASET/librispeech/LibriSpeech/dev-clean/1272/135031/1272-135031-0023.flac,,,,/tmp/phi1/dataset/000586.npy
587,train,clean_speech,3170,/home/aidevcon/Downloads/DATASET/librispeech/LibriSpeech/dev-clean/3170/137482/3170-137482-0002.flac,,,,/tmp/phi1/dataset/000587.npy
588,train,clean_speech,5536,/home/aidevcon/Downloads/DATASET/librispeech/LibriSpeech/dev-clean/5536/43359/5536-43359-0004.flac,,,,/tmp/phi1/dataset/000588.npy
589,train,clean_speech,8842,/home/aidevcon/Downloads/DATASET/librispeech/LibriSpeech/dev-clean/8842/302203/8842-302203-0002.flac,,,,/tmp/phi1/dataset/000589.npy
590,train,clean_speech,5536,/home/aidevcon/Downloads/DATASET/librispeech/LibriSpeech/dev-clean/5536/43363/5536-43363-0009.flac,,,,/tmp/phi1/dataset/000590.npy
591,train,clean_speech,2412,/home/aidevcon/Downloads/DATASET/librispeech/LibriSpeech/dev-clean/2412/153954/2412-153954-0003.flac,,,,/tmp/phi1/dataset/000591.npy
592,train,clean_speech,6295,/home/aidevcon/Downloads/DATASET/librispeech/LibriSpeech/dev-clean/6295/64301/6295-64301-0015.flac,,,,/tmp/phi1/dataset/000592.npy
593,train,clean_speech,2086,/home/aidevcon/Downloads/DATASET/librispeech/LibriSpeech/dev-clean/2086/149214/2086-149214-0004.flac,,,,/tmp/phi1/dataset/000593.npy
594,train,clean_speech,1993,/home/aidevcon/Downloads/DATASET/librispeech/LibriSpeech/dev-clean/1993/147964/1993-147964-0002.flac,,,,/tmp/phi1/dataset/000594.npy
595,train,clean_speech,1272,/home/aidevcon/Downloads/DATASET/librispeech/LibriSpeech/dev-clean/1272/135031/1272-135031-0002.flac,,,,/tmp/phi1/dataset/000595.npy
596,train,clean_speech,8842,/home/aidevcon/Downloads/DATASET/librispeech/LibriSpeech/dev-clean/8842/302196/8842-302196-0009.flac,,,,/tmp/phi1/dataset/000596.npy
597,train,clean_speech,6319,/home/aidevcon/Downloads/DATASET/librispeech/LibriSpeech/dev-clean/6319/64726/6319-64726-0015.flac,,,,/tmp/phi1/dataset/000597.npy
598,train,clean_speech,5536,/home/aidevcon/Downloads/DATASET/librispeech/LibriSpeech/dev-clean/5536/43363/5536-43363-0005.flac,,,,/tmp/phi1/dataset/000598.npy
599,train,clean_speech,777,/home/aidevcon/Downloads/DATASET/librispeech/LibriSpeech/dev-clean/777/126732/777-126732-0063.flac,,,,/tmp/phi1/dataset/000599.npy
600,train,clean_speech,174,/home/aidevcon/Downloads/DATASET/librispeech/LibriSpeech/dev-clean/174/50561/174-50561-0008.flac,,,,/tmp/phi1/dataset/000600.npy
601,train,clean_speech,6241,/home/aidevcon/Downloads/DATASET/librispeech/LibriSpeech/dev-clean/6241/61946/6241-61946-0014.flac,,,,/tmp/phi1/dataset/000601.npy
602,train,clean_speech,3752,/home/aidevcon/Downloads/DATASET/librispeech/LibriSpeech/dev-clean/3752/4943/3752-4943-0024.flac,,,,/tmp/phi1/dataset/000602.npy
603,train,clean_speech,84,/home/aidevcon/Downloads/DATASET/librispeech/LibriSpeech/dev-clean/84/121550/84-121550-0011.flac,,,,/tmp/phi1/dataset/000603.npy
604,train,clean_speech,7850,/home/aidevcon/Downloads/DATASET/librispeech/LibriSpeech/dev-clean/7850/286674/7850-286674-0011.flac,,,,/tmp/phi1/dataset/000604.npy
605,train,clean_speech,6313,/home/aidevcon/Downloads/DATASET/librispeech/LibriSpeech/dev-clean/6313/76958/6313-76958-0018.flac,,,,/tmp/phi1/dataset/000605.npy
606,train,clean_speech,2086,/home/aidevcon/Downloads/DATASET/librispeech/LibriSpeech/dev-clean/2086/149220/2086-149220-0011.flac,,,,/tmp/phi1/dataset/000606.npy
607,train,clean_speech,3853,/home/aidevcon/Downloads/DATASET/librispeech/LibriSpeech/dev-clean/3853/163249/3853-163249-0008.flac,,,,/tmp/phi1/dataset/000607.npy
608,train,clean_speech,5895,/home/aidevcon/Downloads/DATASET/librispeech/LibriSpeech/dev-clean/5895/34622/5895-34622-0009.flac,,,,/tmp/phi1/dataset/000608.npy
609,train,clean_speech,5536,/home/aidevcon/Downloads/DATASET/librispeech/LibriSpeech/dev-clean/5536/43358/5536-43358-0008.flac,,,,/tmp/phi1/dataset/000609.npy
610,train,clean_speech,5536,/home/aidevcon/Downloads/DATASET/librispeech/LibriSpeech/dev-clean/5536/43358/5536-43358-0006.flac,,,,/tmp/phi1/dataset/000610.npy
611,train,clean_speech,652,/home/aidevcon/Downloads/DATASET/librispeech/LibriSpeech/dev-clean/652/130726/652-130726-0004.flac,,,,/tmp/phi1/dataset/000611.npy
612,train,clean_speech,6313,/home/aidevcon/Downloads/DATASET/librispeech/LibriSpeech/dev-clean/6313/66129/6313-66129-0017.flac,,,,/tmp/phi1/dataset/000612.npy
613,train,clean_speech,1272,/home/aidevcon/Downloads/DATASET/librispeech/LibriSpeech/dev-clean/1272/128104/1272-128104-0009.flac,,,,/tmp/phi1/dataset/000613.npy
614,train,clean_speech,2803,/home/aidevcon/Downloads/DATASET/librispeech/LibriSpeech/dev-clean/2803/161169/2803-161169-0003.flac,,,,/tmp/phi1/dataset/000614.npy
615,train,clean_speech,1993,/home/aidevcon/Downloads/DATASET/librispeech/LibriSpeech/dev-clean/1993/147965/1993-147965-0007.flac,,,,/tmp/phi1/dataset/000615.npy
616,train,clean_speech,2412,/home/aidevcon/Downloads/DATASET/librispeech/LibriSpeech/dev-clean/2412/153954/2412-153954-0020.flac,,,,/tmp/phi1/dataset/000616.npy
617,train,clean_speech,3576,/home/aidevcon/Downloads/DATASET/librispeech/LibriSpeech/dev-clean/3576/138058/3576-138058-0036.flac,,,,/tmp/phi1/dataset/000617.npy
618,train,clean_speech,8842,/home/aidevcon/Downloads/DATASET/librispeech/LibriSpeech/dev-clean/8842/304647/8842-304647-0002.flac,,,,/tmp/phi1/dataset/000618.npy
619,train,clean_speech,652,/home/aidevcon/Downloads/DATASET/librispeech/LibriSpeech/dev-clean/652/129742/652-129742-0001.flac,,,,/tmp/phi1/dataset/000619.npy
620,train,clean_speech,8297,/home/aidevcon/Downloads/DATASET/librispeech/LibriSpeech/dev-clean/8297/275155/8297-275155-0032.flac,,,,/tmp/phi1/dataset/000620.npy
621,train,clean_speech,1993,/home/aidevcon/Downloads/DATASET/librispeech/LibriSpeech/dev-clean/1993/147149/1993-147149-0018.flac,,,,/tmp/phi1/dataset/000621.npy
622,train,clean_speech,6319,/home/aidevcon/Downloads/DATASET/librispeech/LibriSpeech/dev-clean/6319/64726/6319-64726-0001.flac,,,,/tmp/phi1/dataset/000622.npy
623,train,clean_speech,3752,/home/aidevcon/Downloads/DATASET/librispeech/LibriSpeech/dev-clean/3752/4943/3752-4943-0018.flac,,,,/tmp/phi1/dataset/000623.npy
624,train,clean_speech,3752,/home/aidevcon/Downloads/DATASET/librispeech/LibriSpeech/dev-clean/3752/4944/3752-4944-0016.flac,,,,/tmp/phi1/dataset/000624.npy
625,train,clean_speech,2412,/home/aidevcon/Downloads/DATASET/librispeech/LibriSpeech/dev-clean/2412/153947/2412-153947-0015.flac,,,,/tmp/phi1/dataset/000625.npy
626,train,clean_speech,7976,/home/aidevcon/Downloads/DATASET/librispeech/LibriSpeech/dev-clean/7976/110523/7976-110523-0002.flac,,,,/tmp/phi1/dataset/000626.npy
627,train,clean_speech,3170,/home/aidevcon/Downloads/DATASET/librispeech/LibriSpeech/dev-clean/3170/137482/3170-137482-0042.flac,,,,/tmp/phi1/dataset/000627.npy
628,train,clean_speech,2412,/home/aidevcon/Downloads/DATASET/librispeech/LibriSpeech/dev-clean/2412/153954/2412-153954-0005.flac,,,,/tmp/phi1/dataset/000628.npy
629,train,clean_speech,1993,/home/aidevcon/Downloads/DATASET/librispeech/LibriSpeech/dev-clean/1993/147149/1993-147149-0007.flac,,,,/tmp/phi1/dataset/000629.npy
630,train,clean_speech,2078,/home/aidevcon/Downloads/DATASET/librispeech/LibriSpeech/dev-clean/2078/142845/2078-142845-0025.flac,,,,/tmp/phi1/dataset/000630.npy
631,train,clean_speech,6313,/home/aidevcon/Downloads/DATASET/librispeech/LibriSpeech/dev-clean/6313/76958/6313-76958-0010.flac,,,,/tmp/phi1/dataset/000631.npy
632,train,clean_speech,7850,/home/aidevcon/Downloads/DATASET/librispeech/LibriSpeech/dev-clean/7850/73752/7850-73752-0007.flac,,,,/tmp/phi1/dataset/000632.npy
633,train,clean_speech,6345,/home/aidevcon/Downloads/DATASET/librispeech/LibriSpeech/dev-clean/6345/93306/6345-93306-0007.flac,,,,/tmp/phi1/dataset/000633.npy
634,train,clean_speech,3170,/home/aidevcon/Downloads/DATASET/librispeech/LibriSpeech/dev-clean/3170/137482/3170-137482-0039.flac,,,,/tmp/phi1/dataset/000634.npy
635,train,clean_speech,1272,/home/aidevcon/Downloads/DATASET/librispeech/LibriSpeech/dev-clean/1272/135031/1272-135031-0024.flac,,,,/tmp/phi1/dataset/000635.npy
636,train,clean_speech,8297,/home/aidevcon/Downloads/DATASET/librispeech/LibriSpeech/dev-clean/8297/275154/8297-275154-0027.flac,,,,/tmp/phi1/dataset/000636.npy
637,train,clean_speech,5536,/home/aidevcon/Downloads/DATASET/librispeech/LibriSpeech/dev-clean/5536/43363/5536-43363-0014.flac,,,,/tmp/phi1/dataset/000637.npy
638,train,clean_speech,8297,/home/aidevcon/Downloads/DATASET/librispeech/LibriSpeech/dev-clean/8297/275154/8297-275154-0019.flac,,,,/tmp/phi1/dataset/000638.npy
639,train,clean_speech,652,/home/aidevcon/Downloads/DATASET/librispeech/LibriSpeech/dev-clean/652/130726/652-130726-0031.flac,,,,/tmp/phi1/dataset/000639.npy
640,train,clean_speech,2086,/home/aidevcon/Downloads/DATASET/librispeech/LibriSpeech/dev-clean/2086/149220/2086-149220-0004.flac,,,,/tmp/phi1/dataset/000640.npy
641,train,clean_speech,6319,/home/aidevcon/Downloads/DATASET/librispeech/LibriSpeech/dev-clean/6319/57405/6319-57405-0009.flac,,,,/tmp/phi1/dataset/000641.npy
642,train,clean_speech,8297,/home/aidevcon/Downloads/DATASET/librispeech/LibriSpeech/dev-clean/8297/275156/8297-275156-0007.flac,,,,/tmp/phi1/dataset/000642.npy
643,train,clean_speech,2086,/home/aidevcon/Downloads/DATASET/librispeech/LibriSpeech/dev-clean/2086/149220/2086-149220-0009.flac,,,,/tmp/phi1/dataset/000643.npy
644,train,clean_speech,5694,/home/aidevcon/Downloads/DATASET/librispeech/LibriSpeech/dev-clean/5694/64029/5694-64029-0021.flac,,,,/tmp/phi1/dataset/000644.npy
645,train,clean_speech,6295,/home/aidevcon/Downloads/DATASET/librispeech/LibriSpeech/dev-clean/6295/64301/6295-64301-0000.flac,,,,/tmp/phi1/dataset/000645.npy
646,train,clean_speech,8842,/home/aidevcon/Downloads/DATASET/librispeech/LibriSpeech/dev-clean/8842/302201/8842-302201-0004.flac,,,,/tmp/phi1/dataset/000646.npy
647,train,clean_speech,1988,/home/aidevcon/Downloads/DATASET/librispeech/LibriSpeech/dev-clean/1988/147956/1988-147956-0000.flac,,,,/tmp/phi1/dataset/000647.npy
648,train,clean_speech,6319,/home/aidevcon/Downloads/DATASET/librispeech/LibriSpeech/dev-clean/6319/275224/6319-275224-0001.flac,,,,/tmp/phi1/dataset/000648.npy
649,train,clean_speech,1673,/home/aidevcon/Downloads/DATASET/librispeech/LibriSpeech/dev-clean/1673/143396/1673-143396-0018.flac,,,,/tmp/phi1/dataset/000649.npy
650,train,clean_speech,1673,/home/aidevcon/Downloads/DATASET/librispeech/LibriSpeech/dev-clean/1673/143397/1673-143397-0003.flac,,,,/tmp/phi1/dataset/000650.npy
651,train,clean_speech,3752,/home/aidevcon/Downloads/DATASET/librispeech/LibriSpeech/dev-clean/3752/4944/3752-4944-0027.flac,,,,/tmp/phi1/dataset/000651.npy
652,train,clean_speech,6313,/home/aidevcon/Downloads/DATASET/librispeech/LibriSpeech/dev-clean/6313/66129/6313-66129-0016.flac,,,,/tmp/phi1/dataset/000652.npy
653,train,clean_speech,2803,/home/aidevcon/Downloads/DATASET/librispeech/LibriSpeech/dev-clean/2803/154328/2803-154328-0003.flac,,,,/tmp/phi1/dataset/000653.npy
654,train,clean_speech,1988,/home/aidevcon/Downloads/DATASET/librispeech/LibriSpeech/dev-clean/1988/148538/1988-148538-0006.flac,,,,/tmp/phi1/dataset/000654.npy
655,train,clean_speech,7850,/home/aidevcon/Downloads/DATASET/librispeech/LibriSpeech/dev-clean/7850/73752/7850-73752-0018.flac,,,,/tmp/phi1/dataset/000655.npy
656,train,clean_speech,8842,/home/aidevcon/Downloads/DATASET/librispeech/LibriSpeech/dev-clean/8842/304647/8842-304647-0002.flac,,,,/tmp/phi1/dataset/000656.npy
657,train,clean_speech,2086,/home/aidevcon/Downloads/DATASET/librispeech/LibriSpeech/dev-clean/2086/149220/2086-149220-0001.flac,,,,/tmp/phi1/dataset/000657.npy
658,train,clean_speech,3853,/home/aidevcon/Downloads/DATASET/librispeech/LibriSpeech/dev-clean/3853/163249/3853-163249-0046.flac,,,,/tmp/phi1/dataset/000658.npy
659,train,clean_speech,3576,/home/aidevcon/Downloads/DATASET/librispeech/LibriSpeech/dev-clean/3576/138058/3576-138058-0005.flac,,,,/tmp/phi1/dataset/000659.npy
660,train,clean_speech,8842,/home/aidevcon/Downloads/DATASET/librispeech/LibriSpeech/dev-clean/8842/302201/8842-302201-0011.flac,,,,/tmp/phi1/dataset/000660.npy
661,train,clean_speech,2803,/home/aidevcon/Downloads/DATASET/librispeech/LibriSpeech/dev-clean/2803/154328/2803-154328-0020.flac,,,,/tmp/phi1/dataset/000661.npy
662,train,clean_speech,777,/home/aidevcon/Downloads/DATASET/librispeech/LibriSpeech/dev-clean/777/126732/777-126732-0028.flac,,,,/tmp/phi1/dataset/000662.npy
663,train,clean_speech,5895,/home/aidevcon/Downloads/DATASET/librispeech/LibriSpeech/dev-clean/5895/34629/5895-34629-0026.flac,,,,/tmp/phi1/dataset/000663.npy
664,train,clean_speech,2078,/home/aidevcon/Downloads/DATASET/librispeech/LibriSpeech/dev-clean/2078/142845/2078-142845-0027.flac,,,,/tmp/phi1/dataset/000664.npy
665,train,clean_speech,2086,/home/aidevcon/Downloads/DATASET/librispeech/LibriSpeech/dev-clean/2086/149220/2086-149220-0013.flac,,,,/tmp/phi1/dataset/000665.npy
666,train,clean_speech,1673,/home/aidevcon/Downloads/DATASET/librispeech/LibriSpeech/dev-clean/1673/143396/1673-143396-0016.flac,,,,/tmp/phi1/dataset/000666.npy
667,train,clean_speech,7850,/home/aidevcon/Downloads/DATASET/librispeech/LibriSpeech/dev-clean/7850/111771/7850-111771-0004.flac,,,,/tmp/phi1/dataset/000667.npy
668,train,clean_speech,1988,/home/aidevcon/Downloads/DATASET/librispeech/LibriSpeech/dev-clean/1988/147956/1988-147956-0000.flac,,,,/tmp/phi1/dataset/000668.npy
669,train,clean_speech,2803,/home/aidevcon/Downloads/DATASET/librispeech/LibriSpeech/dev-clean/2803/161169/2803-161169-0013.flac,,,,/tmp/phi1/dataset/000669.npy
670,train,clean_speech,1988,/home/aidevcon/Downloads/DATASET/librispeech/LibriSpeech/dev-clean/1988/24833/1988-24833-0001.flac,,,,/tmp/phi1/dataset/000670.npy
671,train,clean_speech,8842,/home/aidevcon/Downloads/DATASET/librispeech/LibriSpeech/dev-clean/8842/304647/8842-304647-0002.flac,,,,/tmp/phi1/dataset/000671.npy
672,train,clean_speech,7976,/home/aidevcon/Downloads/DATASET/librispeech/LibriSpeech/dev-clean/7976/110523/7976-110523-0021.flac,,,,/tmp/phi1/dataset/000672.npy
673,train,clean_speech,6313,/home/aidevcon/Downloads/DATASET/librispeech/LibriSpeech/dev-clean/6313/66129/6313-66129-0029.flac,,,,/tmp/phi1/dataset/000673.npy
674,train,clean_speech,7850,/home/aidevcon/Downloads/DATASET/librispeech/LibriSpeech/dev-clean/7850/73752/7850-73752-0003.flac,,,,/tmp/phi1/dataset/000674.npy
675,train,clean_speech,6241,/home/aidevcon/Downloads/DATASET/librispeech/LibriSpeech/dev-clean/6241/66616/6241-66616-0008.flac,,,,/tmp/phi1/dataset/000675.npy
676,train,clean_speech,7850,/home/aidevcon/Downloads/DATASET/librispeech/LibriSpeech/dev-clean/7850/286674/7850-286674-0016.flac,,,,/tmp/phi1/dataset/000676.npy
677,train,clean_speech,1673,/home/aidevcon/Downloads/DATASET/librispeech/LibriSpeech/dev-clean/1673/143396/1673-143396-0013.flac,,,,/tmp/phi1/dataset/000677.npy
678,train,clean_speech,6241,/home/aidevcon/Downloads/DATASET/librispeech/LibriSpeech/dev-clean/6241/61946/6241-61946-0011.flac,,,,/tmp/phi1/dataset/000678.npy
679,train,clean_speech,1993,/home/aidevcon/Downloads/DATASET/librispeech/LibriSpeech/dev-clean/1993/147149/1993-147149-0018.flac,,,,/tmp/phi1/dataset/000679.npy
680,train,clean_speech,6295,/home/aidevcon/Downloads/DATASET/librispeech/LibriSpeech/dev-clean/6295/64301/6295-64301-0021.flac,,,,/tmp/phi1/dataset/000680.npy
681,train,clean_speech,5694,/home/aidevcon/Downloads/DATASET/librispeech/LibriSpeech/dev-clean/5694/64029/5694-64029-0012.flac,,,,/tmp/phi1/dataset/000681.npy
682,train,clean_speech,2428,/home/aidevcon/Downloads/DATASET/librispeech/LibriSpeech/dev-clean/2428/83705/2428-83705-0043.flac,,,,/tmp/phi1/dataset/000682.npy
683,train,clean_speech,1988,/home/aidevcon/Downloads/DATASET/librispeech/LibriSpeech/dev-clean/1988/148538/1988-148538-0006.flac,,,,/tmp/phi1/dataset/000683.npy
684,train,clean_speech,1988,/home/aidevcon/Downloads/DATASET/librispeech/LibriSpeech/dev-clean/1988/148538/1988-148538-0000.flac,,,,/tmp/phi1/dataset/000684.npy
685,train,clean_speech,2412,/home/aidevcon/Downloads/DATASET/librispeech/LibriSpeech/dev-clean/2412/153948/2412-153948-0006.flac,,,,/tmp/phi1/dataset/000685.npy
686,train,clean_speech,84,/home/aidevcon/Downloads/DATASET/librispeech/LibriSpeech/dev-clean/84/121550/84-121550-0029.flac,,,,/tmp/phi1/dataset/000686.npy
687,train,clean_speech,3576,/home/aidevcon/Downloads/DATASET/librispeech/LibriSpeech/dev-clean/3576/138058/3576-138058-0009.flac,,,,/tmp/phi1/dataset/000687.npy
688,train,clean_speech,2086,/home/aidevcon/Downloads/DATASET/librispeech/LibriSpeech/dev-clean/2086/149220/2086-149220-0014.flac,,,,/tmp/phi1/dataset/000688.npy
689,train,clean_speech,5536,/home/aidevcon/Downloads/DATASET/librispeech/LibriSpeech/dev-clean/5536/43363/5536-43363-0005.flac,,,,/tmp/phi1/dataset/000689.npy
690,train,clean_speech,5536,/home/aidevcon/Downloads/DATASET/librispeech/LibriSpeech/dev-clean/5536/43363/5536-43363-0016.flac,,,,/tmp/phi1/dataset/000690.npy
691,train,clean_speech,652,/home/aidevcon/Downloads/DATASET/librispeech/LibriSpeech/dev-clean/652/130726/652-130726-0011.flac,,,,/tmp/phi1/dataset/000691.npy
692,train,clean_speech,8842,/home/aidevcon/Downloads/DATASET/librispeech/LibriSpeech/dev-clean/8842/302203/8842-302203-0002.flac,,,,/tmp/phi1/dataset/000692.npy
693,train,clean_speech,6313,/home/aidevcon/Downloads/DATASET/librispeech/LibriSpeech/dev-clean/6313/66125/6313-66125-0017.flac,,,,/tmp/phi1/dataset/000693.npy
694,train,clean_speech,174,/home/aidevcon/Downloads/DATASET/librispeech/LibriSpeech/dev-clean/174/168635/174-168635-0016.flac,,,,/tmp/phi1/dataset/000694.npy
695,train,clean_speech,8297,/home/aidevcon/Downloads/DATASET/librispeech/LibriSpeech/dev-clean/8297/275156/8297-275156-0003.flac,,,,/tmp/phi1/dataset/000695.npy
696,train,clean_speech,652,/home/aidevcon/Downloads/DATASET/librispeech/LibriSpeech/dev-clean/652/130726/652-130726-0021.flac,,,,/tmp/phi1/dataset/000696.npy
697,train,clean_speech,8842,/home/aidevcon/Downloads/DATASET/librispeech/LibriSpeech/dev-clean/8842/302203/8842-302203-0010.flac,,,,/tmp/phi1/dataset/000697.npy
698,train,clean_speech,2428,/home/aidevcon/Downloads/DATASET/librispeech/LibriSpeech/dev-clean/2428/83705/2428-83705-0032.flac,,,,/tmp/phi1/dataset/000698.npy
699,train,clean_speech,8297,/home/aidevcon/Downloads/DATASET/librispeech/LibriSpeech/dev-clean/8297/275155/8297-275155-0004.flac,,,,/tmp/phi1/dataset/000699.npy
700,train,clean_speech,7976,/home/aidevcon/Downloads/DATASET/librispeech/LibriSpeech/dev-clean/7976/110124/7976-110124-0005.flac,,,,/tmp/phi1/dataset/000700.npy
701,train,clean_speech,84,/home/aidevcon/Downloads/DATASET/librispeech/LibriSpeech/dev-clean/84/121550/84-121550-0010.flac,,,,/tmp/phi1/dataset/000701.npy
702,train,clean_speech,652,/home/aidevcon/Downloads/DATASET/librispeech/LibriSpeech/dev-clean/652/129742/652-129742-0004.flac,,,,/tmp/phi1/dataset/000702.npy
703,train,clean_speech,1993,/home/aidevcon/Downloads/DATASET/librispeech/LibriSpeech/dev-clean/1993/147149/1993-147149-0001.flac,,,,/tmp/phi1/dataset/000703.npy
704,train,clean_speech,251,/home/aidevcon/Downloads/DATASET/librispeech/LibriSpeech/dev-clean/251/136532/251-136532-0016.flac,,,,/tmp/phi1/dataset/000704.npy
705,train,clean_speech,8842,/home/aidevcon/Downloads/DATASET/librispeech/LibriSpeech/dev-clean/8842/302201/8842-302201-0005.flac,,,,/tmp/phi1/dataset/000705.npy
706,train,clean_speech,3576,/home/aidevcon/Downloads/DATASET/librispeech/LibriSpeech/dev-clean/3576/138058/3576-138058-0001.flac,,,,/tmp/phi1/dataset/000706.npy
707,train,clean_speech,2078,/home/aidevcon/Downloads/DATASET/librispeech/LibriSpeech/dev-clean/2078/142845/2078-142845-0031.flac,,,,/tmp/phi1/dataset/000707.npy
708,train,clean_speech,2412,/home/aidevcon/Downloads/DATASET/librispeech/LibriSpeech/dev-clean/2412/153948/2412-153948-0001.flac,,,,/tmp/phi1/dataset/000708.npy
709,train,clean_speech,652,/home/aidevcon/Downloads/DATASET/librispeech/LibriSpeech/dev-clean/652/130737/652-130737-0001.flac,,,,/tmp/phi1/dataset/000709.npy
710,train,clean_speech,6313,/home/aidevcon/Downloads/DATASET/librispeech/LibriSpeech/dev-clean/6313/76958/6313-76958-0009.flac,,,,/tmp/phi1/dataset/000710.npy
711,train,clean_speech,6313,/home/aidevcon/Downloads/DATASET/librispeech/LibriSpeech/dev-clean/6313/76958/6313-76958-0021.flac,,,,/tmp/phi1/dataset/000711.npy
712,train,clean_speech,3853,/home/aidevcon/Downloads/DATASET/librispeech/LibriSpeech/dev-clean/3853/163249/3853-163249-0024.flac,,,,/tmp/phi1/dataset/000712.npy
713,train,clean_speech,6241,/home/aidevcon/Downloads/DATASET/librispeech/LibriSpeech/dev-clean/6241/61946/6241-61946-0002.flac,,,,/tmp/phi1/dataset/000713.npy
714,train,clean_speech,1993,/home/aidevcon/Downloads/DATASET/librispeech/LibriSpeech/dev-clean/1993/147149/1993-147149-0006.flac,,,,/tmp/phi1/dataset/000714.npy
715,train,clean_speech,6295,/home/aidevcon/Downloads/DATASET/librispeech/LibriSpeech/dev-clean/6295/244435/6295-244435-0008.flac,,,,/tmp/phi1/dataset/000715.npy
716,train,clean_speech,1993,/home/aidevcon/Downloads/DATASET/librispeech/LibriSpeech/dev-clean/1993/147149/1993-147149-0002.flac,,,,/tmp/phi1/dataset/000716.npy
717,train,clean_speech,1988,/home/aidevcon/Downloads/DATASET/librispeech/LibriSpeech/dev-clean/1988/147956/1988-147956-0008.flac,,,,/tmp/phi1/dataset/000717.npy
718,train,clean_speech,1988,/home/aidevcon/Downloads/DATASET/librispeech/LibriSpeech/dev-clean/1988/148538/1988-148538-0015.flac,,,,/tmp/phi1/dataset/000718.npy
719,train,clean_speech,3853,/home/aidevcon/Downloads/DATASET/librispeech/LibriSpeech/dev-clean/3853/163249/3853-163249-0054.flac,,,,/tmp/phi1/dataset/000719.npy
720,train,clean_speech,251,/home/aidevcon/Downloads/DATASET/librispeech/LibriSpeech/dev-clean/251/137823/251-137823-0021.flac,,,,/tmp/phi1/dataset/000720.npy
721,train,clean_speech,8297,/home/aidevcon/Downloads/DATASET/librispeech/LibriSpeech/dev-clean/8297/275154/8297-275154-0000.flac,,,,/tmp/phi1/dataset/000721.npy
722,train,clean_speech,3170,/home/aidevcon/Downloads/DATASET/librispeech/LibriSpeech/dev-clean/3170/137482/3170-137482-0000.flac,,,,/tmp/phi1/dataset/000722.npy
723,train,clean_speech,6345,/home/aidevcon/Downloads/DATASET/librispeech/LibriSpeech/dev-clean/6345/93302/6345-93302-0012.flac,,,,/tmp/phi1/dataset/000723.npy
724,train,clean_speech,5895,/home/aidevcon/Downloads/DATASET/librispeech/LibriSpeech/dev-clean/5895/34629/5895-34629-0027.flac,,,,/tmp/phi1/dataset/000724.npy
725,train,clean_speech,7976,/home/aidevcon/Downloads/DATASET/librispeech/LibriSpeech/dev-clean/7976/110124/7976-110124-0012.flac,,,,/tmp/phi1/dataset/000725.npy
726,train,clean_speech,84,/home/aidevcon/Downloads/DATASET/librispeech/LibriSpeech/dev-clean/84/121123/84-121123-0006.flac,,,,/tmp/phi1/dataset/000726.npy
727,train,clean_speech,6241,/home/aidevcon/Downloads/DATASET/librispeech/LibriSpeech/dev-clean/6241/61946/6241-61946-0007.flac,,,,/tmp/phi1/dataset/000727.npy
728,train,clean_speech,2078,/home/aidevcon/Downloads/DATASET/librispeech/LibriSpeech/dev-clean/2078/142845/2078-142845-0037.flac,,,,/tmp/phi1/dataset/000728.npy
729,train,clean_speech,3576,/home/aidevcon/Downloads/DATASET/librispeech/LibriSpeech/dev-clean/3576/138058/3576-138058-0016.flac,,,,/tmp/phi1/dataset/000729.npy
730,train,clean_speech,2412,/home/aidevcon/Downloads/DATASET/librispeech/LibriSpeech/dev-clean/2412/153954/2412-153954-0019.flac,,,,/tmp/phi1/dataset/000730.npy
731,train,clean_speech,174,/home/aidevcon/Downloads/DATASET/librispeech/LibriSpeech/dev-clean/174/50561/174-50561-0006.flac,,,,/tmp/phi1/dataset/000731.npy
732,train,clean_speech,6345,/home/aidevcon/Downloads/DATASET/librispeech/LibriSpeech/dev-clean/6345/93306/6345-93306-0025.flac,,,,/tmp/phi1/dataset/000732.npy
733,train,clean_speech,6345,/home/aidevcon/Downloads/DATASET/librispeech/LibriSpeech/dev-clean/6345/93302/6345-93302-0017.flac,,,,/tmp/phi1/dataset/000733.npy
734,train,clean_speech,2428,/home/aidevcon/Downloads/DATASET/librispeech/LibriSpeech/dev-clean/2428/83699/2428-83699-0008.flac,,,,/tmp/phi1/dataset/000734.npy
735,train,clean_speech,6319,/home/aidevcon/Downloads/DATASET/librispeech/LibriSpeech/dev-clean/6319/64726/6319-64726-0001.flac,,,,/tmp/phi1/dataset/000735.npy
736,train,clean_speech,2803,/home/aidevcon/Downloads/DATASET/librispeech/LibriSpeech/dev-clean/2803/154328/2803-154328-0010.flac,,,,/tmp/phi1/dataset/000736.npy
737,train,clean_speech,6319,/home/aidevcon/Downloads/DATASET/librispeech/LibriSpeech/dev-clean/6319/57405/6319-57405-0012.flac,,,,/tmp/phi1/dataset/000737.npy
738,train,clean_speech,251,/home/aidevcon/Downloads/DATASET/librispeech/LibriSpeech/dev-clean/251/136532/251-136532-0015.flac,,,,/tmp/phi1/dataset/000738.npy
739,train,clean_speech,777,/home/aidevcon/Downloads/DATASET/librispeech/LibriSpeech/dev-clean/777/126732/777-126732-0016.flac,,,,/tmp/phi1/dataset/000739.npy
740,train,clean_speech,5694,/home/aidevcon/Downloads/DATASET/librispeech/LibriSpeech/dev-clean/5694/64025/5694-64025-0019.flac,,,,/tmp/phi1/dataset/000740.npy
741,train,clean_speech,174,/home/aidevcon/Downloads/DATASET/librispeech/LibriSpeech/dev-clean/174/168635/174-168635-0010.flac,,,,/tmp/phi1/dataset/000741.npy
742,train,clean_speech,5895,/home/aidevcon/Downloads/DATASET/librispeech/LibriSpeech/dev-clean/5895/34615/5895-34615-0016.flac,,,,/tmp/phi1/dataset/000742.npy
743,train,clean_speech,5895,/home/aidevcon/Downloads/DATASET/librispeech/LibriSpeech/dev-clean/5895/34615/5895-34615-0012.flac,,,,/tmp/phi1/dataset/000743.npy
744,train,clean_speech,7976,/home/aidevcon/Downloads/DATASET/librispeech/LibriSpeech/dev-clean/7976/110124/7976-110124-0001.flac,,,,/tmp/phi1/dataset/000744.npy
745,train,clean_speech,251,/home/aidevcon/Downloads/DATASET/librispeech/LibriSpeech/dev-clean/251/137823/251-137823-0022.flac,,,,/tmp/phi1/dataset/000745.npy
746,train,clean_speech,8842,/home/aidevcon/Downloads/DATASET/librispeech/LibriSpeech/dev-clean/8842/302201/8842-302201-0002.flac,,,,/tmp/phi1/dataset/000746.npy
747,train,clean_speech,8842,/home/aidevcon/Downloads/DATASET/librispeech/LibriSpeech/dev-clean/8842/302196/8842-302196-0005.flac,,,,/tmp/phi1/dataset/000747.npy
748,train,clean_speech,84,/home/aidevcon/Downloads/DATASET/librispeech/LibriSpeech/dev-clean/84/121550/84-121550-0016.flac,,,,/tmp/phi1/dataset/000748.npy
749,train,clean_speech,3170,/home/aidevcon/Downloads/DATASET/librispeech/LibriSpeech/dev-clean/3170/137482/3170-137482-0000.flac,,,,/tmp/phi1/dataset/000749.npy
750,train,clean_speech,2086,/home/aidevcon/Downloads/DATASET/librispeech/LibriSpeech/dev-clean/2086/149220/2086-149220-0008.flac,,,,/tmp/phi1/dataset/000750.npy
751,train,clean_speech,174,/home/aidevcon/Downloads/DATASET/librispeech/LibriSpeech/dev-clean/174/168635/174-168635-0007.flac,,,,/tmp/phi1/dataset/000751.npy
752,train,clean_speech,3853,/home/aidevcon/Downloads/DATASET/librispeech/LibriSpeech/dev-clean/3853/163249/3853-163249-0010.flac,,,,/tmp/phi1/dataset/000752.npy
753,train,clean_speech,1993,/home/aidevcon/Downloads/DATASET/librispeech/LibriSpeech/dev-clean/1993/147149/1993-147149-0020.flac,,,,/tmp/phi1/dataset/000753.npy
754,train,clean_speech,7976,/home/aidevcon/Downloads/DATASET/librispeech/LibriSpeech/dev-clean/7976/110124/7976-110124-0008.flac,,,,/tmp/phi1/dataset/000754.npy
755,train,clean_speech,1272,/home/aidevcon/Downloads/DATASET/librispeech/LibriSpeech/dev-clean/1272/128104/1272-128104-0004.flac,,,,/tmp/phi1/dataset/000755.npy
756,train,clean_speech,174,/home/aidevcon/Downloads/DATASET/librispeech/LibriSpeech/dev-clean/174/50561/174-50561-0001.flac,,,,/tmp/phi1/dataset/000756.npy
757,train,clean_speech,652,/home/aidevcon/Downloads/DATASET/librispeech/LibriSpeech/dev-clean/652/130737/652-130737-0003.flac,,,,/tmp/phi1/dataset/000757.npy
758,train,clean_speech,8842,/home/aidevcon/Downloads/DATASET/librispeech/LibriSpeech/dev-clean/8842/302201/8842-302201-0005.flac,,,,/tmp/phi1/dataset/000758.npy
759,train,clean_speech,251,/home/aidevcon/Downloads/DATASET/librispeech/LibriSpeech/dev-clean/251/136532/251-136532-0008.flac,,,,/tmp/phi1/dataset/000759.npy
760,train,clean_speech,8842,/home/aidevcon/Downloads/DATASET/librispeech/LibriSpeech/dev-clean/8842/304647/8842-304647-0002.flac,,,,/tmp/phi1/dataset/000760.npy
761,train,clean_speech,6241,/home/aidevcon/Downloads/DATASET/librispeech/LibriSpeech/dev-clean/6241/66616/6241-66616-0022.flac,,,,/tmp/phi1/dataset/000761.npy
762,train,clean_speech,2803,/home/aidevcon/Downloads/DATASET/librispeech/LibriSpeech/dev-clean/2803/154328/2803-154328-0007.flac,,,,/tmp/phi1/dataset/000762.npy
763,train,clean_speech,84,/home/aidevcon/Downloads/DATASET/librispeech/LibriSpeech/dev-clean/84/121123/84-121123-0010.flac,,,,/tmp/phi1/dataset/000763.npy
764,train,clean_speech,2078,/home/aidevcon/Downloads/DATASET/librispeech/LibriSpeech/dev-clean/2078/142845/2078-142845-0039.flac,,,,/tmp/phi1/dataset/000764.npy
765,train,clean_speech,8842,/home/aidevcon/Downloads/DATASET/librispeech/LibriSpeech/dev-clean/8842/302201/8842-302201-0013.flac,,,,/tmp/phi1/dataset/000765.npy
766,train,clean_speech,3576,/home/aidevcon/Downloads/DATASET/librispeech/LibriSpeech/dev-clean/3576/138058/3576-138058-0039.flac,,,,/tmp/phi1/dataset/000766.npy
767,train,clean_speech,6319,/home/aidevcon/Downloads/DATASET/librispeech/LibriSpeech/dev-clean/6319/64726/6319-64726-0012.flac,,,,/tmp/phi1/dataset/000767.npy
768,train,clean_speech,7850,/home/aidevcon/Downloads/DATASET/librispeech/LibriSpeech/dev-clean/7850/73752/7850-73752-0017.flac,,,,/tmp/phi1/dataset/000768.npy
769,train,clean_speech,8297,/home/aidevcon/Downloads/DATASET/librispeech/LibriSpeech/dev-clean/8297/275154/8297-275154-0003.flac,,,,/tmp/phi1/dataset/000769.npy
770,train,clean_speech,2412,/home/aidevcon/Downloads/DATASET/librispeech/LibriSpeech/dev-clean/2412/153948/2412-153948-0003.flac,,,,/tmp/phi1/dataset/000770.npy
771,train,clean_speech,6313,/home/aidevcon/Downloads/DATASET/librispeech/LibriSpeech/dev-clean/6313/66125/6313-66125-0022.flac,,,,/tmp/phi1/dataset/000771.npy
772,train,clean_speech,777,/home/aidevcon/Downloads/DATASET/librispeech/LibriSpeech/dev-clean/777/126732/777-126732-0042.flac,,,,/tmp/phi1/dataset/000772.npy
773,train,clean_speech,6345,/home/aidevcon/Downloads/DATASET/librispeech/LibriSpeech/dev-clean/6345/64257/6345-64257-0009.flac,,,,/tmp/phi1/dataset/000773.npy
774,train,clean_speech,8297,/home/aidevcon/Downloads/DATASET/librispeech/LibriSpeech/dev-clean/8297/275155/8297-275155-0001.flac,,,,/tmp/phi1/dataset/000774.npy
775,train,clean_speech,7976,/home/aidevcon/Downloads/DATASET/librispeech/LibriSpeech/dev-clean/7976/110523/7976-110523-0014.flac,,,,/tmp/phi1/dataset/000775.npy
776,train,clean_speech,777,/home/aidevcon/Downloads/DATASET/librispeech/LibriSpeech/dev-clean/777/126732/777-126732-0035.flac,,,,/tmp/phi1/dataset/000776.npy
777,train,clean_speech,8297,/home/aidevcon/Downloads/DATASET/librispeech/LibriSpeech/dev-clean/8297/275156/8297-275156-0006.flac,,,,/tmp/phi1/dataset/000777.npy
778,train,clean_speech,6319,/home/aidevcon/Downloads/DATASET/librispeech/LibriSpeech/dev-clean/6319/57405/6319-57405-0006.flac,,,,/tmp/phi1/dataset/000778.npy
779,train,clean_speech,8842,/home/aidevcon/Downloads/DATASET/librispeech/LibriSpeech/dev-clean/8842/302203/8842-302203-0009.flac,,,,/tmp/phi1/dataset/000779.npy
780,train,clean_speech,3752,/home/aidevcon/Downloads/DATASET/librispeech/LibriSpeech/dev-clean/3752/4944/3752-4944-0013.flac,,,,/tmp/phi1/dataset/000780.npy
781,train,clean_speech,1272,/home/aidevcon/Downloads/DATASET/librispeech/LibriSpeech/dev-clean/1272/128104/1272-128104-0008.flac,,,,/tmp/phi1/dataset/000781.npy
782,train,clean_speech,2803,/home/aidevcon/Downloads/DATASET/librispeech/LibriSpeech/dev-clean/2803/161169/2803-161169-0007.flac,,,,/tmp/phi1/dataset/000782.npy
783,train,clean_speech,3170,/home/aidevcon/Downloads/DATASET/librispeech/LibriSpeech/dev-clean/3170/137482/3170-137482-0017.flac,,,,/tmp/phi1/dataset/000783.npy
784,train,clean_speech,8842,/home/aidevcon/Downloads/DATASET/librispeech/LibriSpeech/dev-clean/8842/302196/8842-302196-0005.flac,,,,/tmp/phi1/dataset/000784.npy
785,train,clean_speech,6241,/home/aidevcon/Downloads/DATASET/librispeech/LibriSpeech/dev-clean/6241/66616/6241-66616-0011.flac,,,,/tmp/phi1/dataset/000785.npy
786,train,clean_speech,7976,/home/aidevcon/Downloads/DATASET/librispeech/LibriSpeech/dev-clean/7976/105575/7976-105575-0025.flac,,,,/tmp/phi1/dataset/000786.npy
787,train,clean_speech,5536,/home/aidevcon/Downloads/DATASET/librispeech/LibriSpeech/dev-clean/5536/43359/5536-43359-0002.flac,,,,/tmp/phi1/dataset/000787.npy
788,train,clean_speech,7850,/home/aidevcon/Downloads/DATASET/librispeech/LibriSpeech/dev-clean/7850/73752/7850-73752-0018.flac,,,,/tmp/phi1/dataset/000788.npy
789,train,clean_speech,6319,/home/aidevcon/Downloads/DATASET/librispeech/LibriSpeech/dev-clean/6319/57405/6319-57405-0001.flac,,,,/tmp/phi1/dataset/000789.npy
790,train,clean_speech,8842,/home/aidevcon/Downloads/DATASET/librispeech/LibriSpeech/dev-clean/8842/302203/8842-302203-0000.flac,,,,/tmp/phi1/dataset/000790.npy
791,train,clean_speech,2078,/home/aidevcon/Downloads/DATASET/librispeech/LibriSpeech/dev-clean/2078/142845/2078-142845-0047.flac,,,,/tmp/phi1/dataset/000791.npy
792,train,clean_speech,1272,/home/aidevcon/Downloads/DATASET/librispeech/LibriSpeech/dev-clean/1272/128104/1272-128104-0012.flac,,,,/tmp/phi1/dataset/000792.npy
793,train,clean_speech,6295,/home/aidevcon/Downloads/DATASET/librispeech/LibriSpeech/dev-clean/6295/64301/6295-64301-0023.flac,,,,/tmp/phi1/dataset/000793.npy
794,train,clean_speech,8842,/home/aidevcon/Downloads/DATASET/librispeech/LibriSpeech/dev-clean/8842/302203/8842-302203-0004.flac,,,,/tmp/phi1/dataset/000794.npy
795,train,clean_speech,251,/home/aidevcon/Downloads/DATASET/librispeech/LibriSpeech/dev-clean/251/136532/251-136532-0011.flac,,,,/tmp/phi1/dataset/000795.npy
796,train,clean_speech,777,/home/aidevcon/Downloads/DATASET/librispeech/LibriSpeech/dev-clean/777/126732/777-126732-0013.flac,,,,/tmp/phi1/dataset/000796.npy
797,train,clean_speech,2412,/home/aidevcon/Downloads/DATASET/librispeech/LibriSpeech/dev-clean/2412/153948/2412-153948-0012.flac,,,,/tmp/phi1/dataset/000797.npy
798,train,clean_speech,2428,/home/aidevcon/Downloads/DATASET/librispeech/LibriSpeech/dev-clean/2428/83705/2428-83705-0035.flac,,,,/tmp/phi1/dataset/000798.npy
799,train,clean_speech,3576,/home/aidevcon/Downloads/DATASET/librispeech/LibriSpeech/dev-clean/3576/138058/3576-138058-0017.flac,,,,/tmp/phi1/dataset/000799.npy
800,train,clean_speech,6295,/home/aidevcon/Downloads/DATASET/librispeech/LibriSpeech/dev-clean/6295/244435/6295-244435-0001.flac,,,,/tmp/phi1/dataset/000800.npy
801,train,clean_speech,777,/home/aidevcon/Downloads/DATASET/librispeech/LibriSpeech/dev-clean/777/126732/777-126732-0066.flac,,,,/tmp/phi1/dataset/000801.npy
802,train,clean_speech,251,/home/aidevcon/Downloads/DATASET/librispeech/LibriSpeech/dev-clean/251/118436/251-118436-0006.flac,,,,/tmp/phi1/dataset/000802.npy
803,train,clean_speech,6295,/home/aidevcon/Downloads/DATASET/librispeech/LibriSpeech/dev-clean/6295/64301/6295-64301-0028.flac,,,,/tmp/phi1/dataset/000803.npy
804,train,clean_speech,7850,/home/aidevcon/Downloads/DATASET/librispeech/LibriSpeech/dev-clean/7850/111771/7850-111771-0007.flac,,,,/tmp/phi1/dataset/000804.npy
805,train,clean_speech,7850,/home/aidevcon/Downloads/DATASET/librispeech/LibriSpeech/dev-clean/7850/73752/7850-73752-0009.flac,,,,/tmp/phi1/dataset/000805.npy
806,train,clean_speech,3853,/home/aidevcon/Downloads/DATASET/librispeech/LibriSpeech/dev-clean/3853/163249/3853-163249-0020.flac,,,,/tmp/phi1/dataset/000806.npy
807,train,clean_speech,6345,/home/aidevcon/Downloads/DATASET/librispeech/LibriSpeech/dev-clean/6345/93306/6345-93306-0013.flac,,,,/tmp/phi1/dataset/000807.npy
808,train,clean_speech,84,/home/aidevcon/Downloads/DATASET/librispeech/LibriSpeech/dev-clean/84/121123/84-121123-0024.flac,,,,/tmp/phi1/dataset/000808.npy
809,train,clean_speech,5895,/home/aidevcon/Downloads/DATASET/librispeech/LibriSpeech/dev-clean/5895/34615/5895-34615-0015.flac,,,,/tmp/phi1/dataset/000809.npy
810,train,clean_speech,3853,/home/aidevcon/Downloads/DATASET/librispeech/LibriSpeech/dev-clean/3853/163249/3853-163249-0042.flac,,,,/tmp/phi1/dataset/000810.npy
811,train,clean_speech,174,/home/aidevcon/Downloads/DATASET/librispeech/LibriSpeech/dev-clean/174/168635/174-168635-0006.flac,,,,/tmp/phi1/dataset/000811.npy
812,train,clean_speech,777,/home/aidevcon/Downloads/DATASET/librispeech/LibriSpeech/dev-clean/777/126732/777-126732-0007.flac,,,,/tmp/phi1/dataset/000812.npy
813,train,clean_speech,84,/home/aidevcon/Downloads/DATASET/librispeech/LibriSpeech/dev-clean/84/121123/84-121123-0024.flac,,,,/tmp/phi1/dataset/000813.npy
814,train,clean_speech,174,/home/aidevcon/Downloads/DATASET/librispeech/LibriSpeech/dev-clean/174/168635/174-168635-0019.flac,,,,/tmp/phi1/dataset/000814.npy
815,train,clean_speech,8297,/home/aidevcon/Downloads/DATASET/librispeech/LibriSpeech/dev-clean/8297/275156/8297-275156-0011.flac,,,,/tmp/phi1/dataset/000815.npy
816,train,clean_speech,5536,/home/aidevcon/Downloads/DATASET/librispeech/LibriSpeech/dev-clean/5536/43363/5536-43363-0009.flac,,,,/tmp/phi1/dataset/000816.npy
817,train,clean_speech,2412,/home/aidevcon/Downloads/DATASET/librispeech/LibriSpeech/dev-clean/2412/153948/2412-153948-0004.flac,,,,/tmp/phi1/dataset/000817.npy
818,train,clean_speech,5895,/home/aidevcon/Downloads/DATASET/librispeech/LibriSpeech/dev-clean/5895/34615/5895-34615-0007.flac,,,,/tmp/phi1/dataset/000818.npy
819,train,clean_speech,3170,/home/aidevcon/Downloads/DATASET/librispeech/LibriSpeech/dev-clean/3170/137482/3170-137482-0034.flac,,,,/tmp/phi1/dataset/000819.npy
820,train,clean_speech,8842,/home/aidevcon/Downloads/DATASET/librispeech/LibriSpeech/dev-clean/8842/302196/8842-302196-0005.flac,,,,/tmp/phi1/dataset/000820.npy
821,train,clean_speech,1272,/home/aidevcon/Downloads/DATASET/librispeech/LibriSpeech/dev-clean/1272/141231/1272-141231-0018.flac,,,,/tmp/phi1/dataset/000821.npy
822,train,clean_speech,6319,/home/aidevcon/Downloads/DATASET/librispeech/LibriSpeech/dev-clean/6319/64726/6319-64726-0013.flac,,,,/tmp/phi1/dataset/000822.npy
823,train,clean_speech,84,/home/aidevcon/Downloads/DATASET/librispeech/LibriSpeech/dev-clean/84/121123/84-121123-0005.flac,,,,/tmp/phi1/dataset/000823.npy
824,train,clean_speech,6313,/home/aidevcon/Downloads/DATASET/librispeech/LibriSpeech/dev-clean/6313/66129/6313-66129-0034.flac,,,,/tmp/phi1/dataset/000824.npy
825,train,clean_speech,5694,/home/aidevcon/Downloads/DATASET/librispeech/LibriSpeech/dev-clean/5694/64038/5694-64038-0025.flac,,,,/tmp/phi1/dataset/000825.npy
826,train,clean_speech,2412,/home/aidevcon/Downloads/DATASET/librispeech/LibriSpeech/dev-clean/2412/153947/2412-153947-0008.flac,,,,/tmp/phi1/dataset/000826.npy
827,train,clean_speech,6295,/home/aidevcon/Downloads/DATASET/librispeech/LibriSpeech/dev-clean/6295/64301/6295-64301-0023.flac,,,,/tmp/phi1/dataset/000827.npy
828,train,clean_speech,84,/home/aidevcon/Downloads/DATASET/librispeech/LibriSpeech/dev-clean/84/121123/84-121123-0026.flac,,,,/tmp/phi1/dataset/000828.npy
829,train,clean_speech,3853,/home/aidevcon/Downloads/DATASET/librispeech/LibriSpeech/dev-clean/3853/163249/3853-163249-0018.flac,,,,/tmp/phi1/dataset/000829.npy
830,train,clean_speech,3576,/home/aidevcon/Downloads/DATASET/librispeech/LibriSpeech/dev-clean/3576/138058/3576-138058-0026.flac,,,,/tmp/phi1/dataset/000830.npy
831,train,clean_speech,3752,/home/aidevcon/Downloads/DATASET/librispeech/LibriSpeech/dev-clean/3752/4943/3752-4943-0002.flac,,,,/tmp/phi1/dataset/000831.npy
832,train,clean_speech,2428,/home/aidevcon/Downloads/DATASET/librispeech/LibriSpeech/dev-clean/2428/83705/2428-83705-0012.flac,,,,/tmp/phi1/dataset/000832.npy
833,train,clean_speech,2078,/home/aidevcon/Downloads/DATASET/librispeech/LibriSpeech/dev-clean/2078/142845/2078-142845-0004.flac,,,,/tmp/phi1/dataset/000833.npy
834,train,clean_speech,777,/home/aidevcon/Downloads/DATASET/librispeech/LibriSpeech/dev-clean/777/126732/777-126732-0045.flac,,,,/tmp/phi1/dataset/000834.npy
835,train,clean_speech,6241,/home/aidevcon/Downloads/DATASET/librispeech/LibriSpeech/dev-clean/6241/61946/6241-61946-0016.flac,,,,/tmp/phi1/dataset/000835.npy
836,train,clean_speech,2086,/home/aidevcon/Downloads/DATASET/librispeech/LibriSpeech/dev-clean/2086/149220/2086-149220-0003.flac,,,,/tmp/phi1/dataset/000836.npy
837,train,clean_speech,3853,/home/aidevcon/Downloads/DATASET/librispeech/LibriSpeech/dev-clean/3853/163249/3853-163249-0053.flac,,,,/tmp/phi1/dataset/000837.npy
838,train,clean_speech,1673,/home/aidevcon/Downloads/DATASET/librispeech/LibriSpeech/dev-clean/1673/143396/1673-143396-0001.flac,,,,/tmp/phi1/dataset/000838.npy
839,train,clean_speech,1673,/home/aidevcon/Downloads/DATASET/librispeech/LibriSpeech/dev-clean/1673/143396/1673-143396-0006.flac,,,,/tmp/phi1/dataset/000839.npy
840,train,clean_speech,251,/home/aidevcon/Downloads/DATASET/librispeech/LibriSpeech/dev-clean/251/137823/251-137823-0011.flac,,,,/tmp/phi1/dataset/000840.npy
841,train,clean_speech,2803,/home/aidevcon/Downloads/DATASET/librispeech/LibriSpeech/dev-clean/2803/154328/2803-154328-0000.flac,,,,/tmp/phi1/dataset/000841.npy
842,train,clean_speech,8842,/home/aidevcon/Downloads/DATASET/librispeech/LibriSpeech/dev-clean/8842/302201/8842-302201-0014.flac,,,,/tmp/phi1/dataset/000842.npy
843,train,clean_speech,1993,/home/aidevcon/Downloads/DATASET/librispeech/LibriSpeech/dev-clean/1993/147149/1993-147149-0005.flac,,,,/tmp/phi1/dataset/000843.npy
844,train,clean_speech,84,/home/aidevcon/Downloads/DATASET/librispeech/LibriSpeech/dev-clean/84/121550/84-121550-0003.flac,,,,/tmp/phi1/dataset/000844.npy
845,train,clean_speech,3752,/home/aidevcon/Downloads/DATASET/librispeech/LibriSpeech/dev-clean/3752/4943/3752-4943-0003.flac,,,,/tmp/phi1/dataset/000845.npy
846,train,clean_speech,2412,/home/aidevcon/Downloads/DATASET/librispeech/LibriSpeech/dev-clean/2412/153954/2412-153954-0014.flac,,,,/tmp/phi1/dataset/000846.npy
847,train,clean_speech,6345,/home/aidevcon/Downloads/DATASET/librispeech/LibriSpeech/dev-clean/6345/93306/6345-93306-0024.flac,,,,/tmp/phi1/dataset/000847.npy
848,train,clean_speech,2086,/home/aidevcon/Downloads/DATASET/librispeech/LibriSpeech/dev-clean/2086/149214/2086-149214-0000.flac,,,,/tmp/phi1/dataset/000848.npy
849,train,clean_speech,6241,/home/aidevcon/Downloads/DATASET/librispeech/LibriSpeech/dev-clean/6241/66616/6241-66616-0008.flac,,,,/tmp/phi1/dataset/000849.npy
850,train,clean_speech,1993,/home/aidevcon/Downloads/DATASET/librispeech/LibriSpeech/dev-clean/1993/147149/1993-147149-0023.flac,,,,/tmp/phi1/dataset/000850.npy
851,train,clean_speech,2428,/home/aidevcon/Downloads/DATASET/librispeech/LibriSpeech/dev-clean/2428/83705/2428-83705-0002.flac,,,,/tmp/phi1/dataset/000851.npy
852,train,clean_speech,7976,/home/aidevcon/Downloads/DATASET/librispeech/LibriSpeech/dev-clean/7976/105575/7976-105575-0005.flac,,,,/tmp/phi1/dataset/000852.npy
853,train,clean_speech,1988,/home/aidevcon/Downloads/DATASET/librispeech/LibriSpeech/dev-clean/1988/148538/1988-148538-0003.flac,,,,/tmp/phi1/dataset/000853.npy
854,train,clean_speech,6345,/home/aidevcon/Downloads/DATASET/librispeech/LibriSpeech/dev-clean/6345/93302/6345-93302-0029.flac,,,,/tmp/phi1/dataset/000854.npy
855,train,clean_speech,6313,/home/aidevcon/Downloads/DATASET/librispeech/LibriSpeech/dev-clean/6313/66129/6313-66129-0014.flac,,,,/tmp/phi1/dataset/000855.npy
856,train,clean_speech,8842,/home/aidevcon/Downloads/DATASET/librispeech/LibriSpeech/dev-clean/8842/304647/8842-304647-0009.flac,,,,/tmp/phi1/dataset/000856.npy
857,train,clean_speech,2086,/home/aidevcon/Downloads/DATASET/librispeech/LibriSpeech/dev-clean/2086/149220/2086-149220-0000.flac,,,,/tmp/phi1/dataset/000857.npy
858,train,clean_speech,84,/home/aidevcon/Downloads/DATASET/librispeech/LibriSpeech/dev-clean/84/121550/84-121550-0024.flac,,,,/tmp/phi1/dataset/000858.npy
859,train,clean_speech,3752,/home/aidevcon/Downloads/DATASET/librispeech/LibriSpeech/dev-clean/3752/4944/3752-4944-0064.flac,,,,/tmp/phi1/dataset/000859.npy
860,train,clean_speech,6345,/home/aidevcon/Downloads/DATASET/librispeech/LibriSpeech/dev-clean/6345/93302/6345-93302-0002.flac,,,,/tmp/phi1/dataset/000860.npy
861,train,clean_speech,652,/home/aidevcon/Downloads/DATASET/librispeech/LibriSpeech/dev-clean/652/130726/652-130726-0020.flac,,,,/tmp/phi1/dataset/000861.npy
862,train,clean_speech,2078,/home/aidevcon/Downloads/DATASET/librispeech/LibriSpeech/dev-clean/2078/142845/2078-142845-0033.flac,,,,/tmp/phi1/dataset/000862.npy
863,train,clean_speech,5895,/home/aidevcon/Downloads/DATASET/librispeech/LibriSpeech/dev-clean/5895/34615/5895-34615-0004.flac,,,,/tmp/phi1/dataset/000863.npy
864,train,clean_speech,1993,/home/aidevcon/Downloads/DATASET/librispeech/LibriSpeech/dev-clean/1993/147964/1993-147964-0010.flac,,,,/tmp/phi1/dataset/000864.npy
865,train,clean_speech,6319,/home/aidevcon/Downloads/DATASET/librispeech/LibriSpeech/dev-clean/6319/275224/6319-275224-0014.flac,,,,/tmp/phi1/dataset/000865.npy
866,train,clean_speech,6313,/home/aidevcon/Downloads/DATASET/librispeech/LibriSpeech/dev-clean/6313/66129/6313-66129-0001.flac,,,,/tmp/phi1/dataset/000866.npy
867,train,clean_speech,1673,/home/aidevcon/Downloads/DATASET/librispeech/LibriSpeech/dev-clean/1673/143396/1673-143396-0013.flac,,,,/tmp/phi1/dataset/000867.npy
868,train,clean_speech,6345,/home/aidevcon/Downloads/DATASET/librispeech/LibriSpeech/dev-clean/6345/93306/6345-93306-0001.flac,,,,/tmp/phi1/dataset/000868.npy
869,train,clean_speech,1272,/home/aidevcon/Downloads/DATASET/librispeech/LibriSpeech/dev-clean/1272/135031/1272-135031-0017.flac,,,,/tmp/phi1/dataset/000869.npy
870,train,clean_speech,2428,/home/aidevcon/Downloads/DATASET/librispeech/LibriSpeech/dev-clean/2428/83705/2428-83705-0020.flac,,,,/tmp/phi1/dataset/000870.npy
871,train,clean_speech,5895,/home/aidevcon/Downloads/DATASET/librispeech/LibriSpeech/dev-clean/5895/34629/5895-34629-0007.flac,,,,/tmp/phi1/dataset/000871.npy
872,train,clean_speech,2412,/home/aidevcon/Downloads/DATASET/librispeech/LibriSpeech/dev-clean/2412/153954/2412-153954-0021.flac,,,,/tmp/phi1/dataset/000872.npy
873,train,clean_speech,2803,/home/aidevcon/Downloads/DATASET/librispeech/LibriSpeech/dev-clean/2803/154328/2803-154328-0019.flac,,,,/tmp/phi1/dataset/000873.npy
874,train,clean_speech,2803,/home/aidevcon/Downloads/DATASET/librispeech/LibriSpeech/dev-clean/2803/154320/2803-154320-0014.flac,,,,/tmp/phi1/dataset/000874.npy
875,train,clean_speech,3752,/home/aidevcon/Downloads/DATASET/librispeech/LibriSpeech/dev-clean/3752/4944/3752-4944-0016.flac,,,,/tmp/phi1/dataset/000875.npy
876,train,clean_speech,251,/home/aidevcon/Downloads/DATASET/librispeech/LibriSpeech/dev-clean/251/118436/251-118436-0008.flac,,,,/tmp/phi1/dataset/000876.npy
877,train,clean_speech,2412,/home/aidevcon/Downloads/DATASET/librispeech/LibriSpeech/dev-clean/2412/153947/2412-153947-0010.flac,,,,/tmp/phi1/dataset/000877.npy
878,train,clean_speech,1993,/home/aidevcon/Downloads/DATASET/librispeech/LibriSpeech/dev-clean/1993/147149/1993-147149-0021.flac,,,,/tmp/phi1/dataset/000878.npy
879,train,clean_speech,84,/home/aidevcon/Downloads/DATASET/librispeech/LibriSpeech/dev-clean/84/121550/84-121550-0018.flac,,,,/tmp/phi1/dataset/000879.npy
880,train,clean_speech,1272,/home/aidevcon/Downloads/DATASET/librispeech/LibriSpeech/dev-clean/1272/141231/1272-141231-0012.flac,,,,/tmp/phi1/dataset/000880.npy
881,train,clean_speech,2078,/home/aidevcon/Downloads/DATASET/librispeech/LibriSpeech/dev-clean/2078/142845/2078-142845-0010.flac,,,,/tmp/phi1/dataset/000881.npy
882,train,clean_speech,251,/home/aidevcon/Downloads/DATASET/librispeech/LibriSpeech/dev-clean/251/118436/251-118436-0000.flac,,,,/tmp/phi1/dataset/000882.npy
883,train,clean_speech,1988,/home/aidevcon/Downloads/DATASET/librispeech/LibriSpeech/dev-clean/1988/148538/1988-148538-0000.flac,,,,/tmp/phi1/dataset/000883.npy
884,train,clean_speech,1988,/home/aidevcon/Downloads/DATASET/librispeech/LibriSpeech/dev-clean/1988/147956/1988-147956-0011.flac,,,,/tmp/phi1/dataset/000884.npy
885,train,clean_speech,2412,/home/aidevcon/Downloads/DATASET/librispeech/LibriSpeech/dev-clean/2412/153954/2412-153954-0001.flac,,,,/tmp/phi1/dataset/000885.npy
886,train,clean_speech,2412,/home/aidevcon/Downloads/DATASET/librispeech/LibriSpeech/dev-clean/2412/153947/2412-153947-0014.flac,,,,/tmp/phi1/dataset/000886.npy
887,train,clean_speech,2086,/home/aidevcon/Downloads/DATASET/librispeech/LibriSpeech/dev-clean/2086/149220/2086-149220-0003.flac,,,,/tmp/phi1/dataset/000887.npy
888,train,clean_speech,1673,/home/aidevcon/Downloads/DATASET/librispeech/LibriSpeech/dev-clean/1673/143396/1673-143396-0008.flac,,,,/tmp/phi1/dataset/000888.npy
889,train,clean_speech,1272,/home/aidevcon/Downloads/DATASET/librispeech/LibriSpeech/dev-clean/1272/128104/1272-128104-0013.flac,,,,/tmp/phi1/dataset/000889.npy
890,train,clean_speech,5536,/home/aidevcon/Downloads/DATASET/librispeech/LibriSpeech/dev-clean/5536/43359/5536-43359-0001.flac,,,,/tmp/phi1/dataset/000890.npy
891,train,clean_speech,6319,/home/aidevcon/Downloads/DATASET/librispeech/LibriSpeech/dev-clean/6319/275224/6319-275224-0010.flac,,,,/tmp/phi1/dataset/000891.npy
892,train,clean_speech,8297,/home/aidevcon/Downloads/DATASET/librispeech/LibriSpeech/dev-clean/8297/275155/8297-275155-0016.flac,,,,/tmp/phi1/dataset/000892.npy
893,train,clean_speech,2412,/home/aidevcon/Downloads/DATASET/librispeech/LibriSpeech/dev-clean/2412/153954/2412-153954-0016.flac,,,,/tmp/phi1/dataset/000893.npy
894,train,clean_speech,5536,/home/aidevcon/Downloads/DATASET/librispeech/LibriSpeech/dev-clean/5536/43358/5536-43358-0013.flac,,,,/tmp/phi1/dataset/000894.npy
895,train,clean_speech,2412,/home/aidevcon/Downloads/DATASET/librispeech/LibriSpeech/dev-clean/2412/153947/2412-153947-0009.flac,,,,/tmp/phi1/dataset/000895.npy
896,train,clean_speech,3853,/home/aidevcon/Downloads/DATASET/librispeech/LibriSpeech/dev-clean/3853/163249/3853-163249-0049.flac,,,,/tmp/phi1/dataset/000896.npy
897,train,clean_speech,3576,/home/aidevcon/Downloads/DATASET/librispeech/LibriSpeech/dev-clean/3576/138058/3576-138058-0004.flac,,,,/tmp/phi1/dataset/000897.npy
898,train,clean_speech,8297,/home/aidevcon/Downloads/DATASET/librispeech/LibriSpeech/dev-clean/8297/275154/8297-275154-0001.flac,,,,/tmp/phi1/dataset/000898.npy
899,train,clean_speech,3853,/home/aidevcon/Downloads/DATASET/librispeech/LibriSpeech/dev-clean/3853/163249/3853-163249-0018.flac,,,,/tmp/phi1/dataset/000899.npy
900,train,clean_speech,8842,/home/aidevcon/Downloads/DATASET/librispeech/LibriSpeech/dev-clean/8842/304647/8842-304647-0002.flac,,,,/tmp/phi1/dataset/000900.npy
901,train,clean_speech,251,/home/aidevcon/Downloads/DATASET/librispeech/LibriSpeech/dev-clean/251/136532/251-136532-0004.flac,,,,/tmp/phi1/dataset/000901.npy
902,train,clean_speech,2078,/home/aidevcon/Downloads/DATASET/librispeech/LibriSpeech/dev-clean/2078/142845/2078-142845-0005.flac,,,,/tmp/phi1/dataset/000902.npy
903,train,clean_speech,3576,/home/aidevcon/Downloads/DATASET/librispeech/LibriSpeech/dev-clean/3576/138058/3576-138058-0032.flac,,,,/tmp/phi1/dataset/000903.npy
904,train,clean_speech,6241,/home/aidevcon/Downloads/DATASET/librispeech/LibriSpeech/dev-clean/6241/61943/6241-61943-0027.flac,,,,/tmp/phi1/dataset/000904.npy
905,train,clean_speech,6313,/home/aidevcon/Downloads/DATASET/librispeech/LibriSpeech/dev-clean/6313/76958/6313-76958-0005.flac,,,,/tmp/phi1/dataset/000905.npy
906,train,clean_speech,84,/home/aidevcon/Downloads/DATASET/librispeech/LibriSpeech/dev-clean/84/121550/84-121550-0002.flac,,,,/tmp/phi1/dataset/000906.npy
907,train,clean_speech,2086,/home/aidevcon/Downloads/DATASET/librispeech/LibriSpeech/dev-clean/2086/149220/2086-149220-0009.flac,,,,/tmp/phi1/dataset/000907.npy
908,train,clean_speech,251,/home/aidevcon/Downloads/DATASET/librispeech/LibriSpeech/dev-clean/251/137823/251-137823-0004.flac,,,,/tmp/phi1/dataset/000908.npy
909,train,clean_speech,5536,/home/aidevcon/Downloads/DATASET/librispeech/LibriSpeech/dev-clean/5536/43358/5536-43358-0015.flac,,,,/tmp/phi1/dataset/000909.npy
910,train,clean_speech,6345,/home/aidevcon/Downloads/DATASET/librispeech/LibriSpeech/dev-clean/6345/93302/6345-93302-0026.flac,,,,/tmp/phi1/dataset/000910.npy
911,train,clean_speech,1993,/home/aidevcon/Downloads/DATASET/librispeech/LibriSpeech/dev-clean/1993/147149/1993-147149-0028.flac,,,,/tmp/phi1/dataset/000911.npy
912,train,clean_speech,1272,/home/aidevcon/Downloads/DATASET/librispeech/LibriSpeech/dev-clean/1272/141231/1272-141231-0002.flac,,,,/tmp/phi1/dataset/000912.npy
913,train,clean_speech,1673,/home/aidevcon/Downloads/DATASET/librispeech/LibriSpeech/dev-clean/1673/143396/1673-143396-0007.flac,,,,/tmp/phi1/dataset/000913.npy
914,train,clean_speech,174,/home/aidevcon/Downloads/DATASET/librispeech/LibriSpeech/dev-clean/174/168635/174-168635-0018.flac,,,,/tmp/phi1/dataset/000914.npy
915,train,clean_speech,1988,/home/aidevcon/Downloads/DATASET/librispeech/LibriSpeech/dev-clean/1988/147956/1988-147956-0028.flac,,,,/tmp/phi1/dataset/000915.npy
916,train,clean_speech,2412,/home/aidevcon/Downloads/DATASET/librispeech/LibriSpeech/dev-clean/2412/153954/2412-153954-0014.flac,,,,/tmp/phi1/dataset/000916.npy
917,train,clean_speech,6295,/home/aidevcon/Downloads/DATASET/librispeech/LibriSpeech/dev-clean/6295/244435/6295-244435-0039.flac,,,,/tmp/phi1/dataset/000917.npy
918,train,clean_speech,1673,/home/aidevcon/Downloads/DATASET/librispeech/LibriSpeech/dev-clean/1673/143396/1673-143396-0000.flac,,,,/tmp/phi1/dataset/000918.npy
919,train,clean_speech,8842,/home/aidevcon/Downloads/DATASET/librispeech/LibriSpeech/dev-clean/8842/302196/8842-302196-0012.flac,,,,/tmp/phi1/dataset/000919.npy
920,train,clean_speech,1988,/home/aidevcon/Downloads/DATASET/librispeech/LibriSpeech/dev-clean/1988/147956/1988-147956-0027.flac,,,,/tmp/phi1/dataset/000920.npy
921,train,clean_speech,8842,/home/aidevcon/Downloads/DATASET/librispeech/LibriSpeech/dev-clean/8842/302203/8842-302203-0006.flac,,,,/tmp/phi1/dataset/000921.npy
922,train,clean_speech,1673,/home/aidevcon/Downloads/DATASET/librispeech/LibriSpeech/dev-clean/1673/143396/1673-143396-0019.flac,,,,/tmp/phi1/dataset/000922.npy
923,train,clean_speech,251,/home/aidevcon/Downloads/DATASET/librispeech/LibriSpeech/dev-clean/251/136532/251-136532-0001.flac,,,,/tmp/phi1/dataset/000923.npy
924,train,clean_speech,2428,/home/aidevcon/Downloads/DATASET/librispeech/LibriSpeech/dev-clean/2428/83699/2428-83699-0012.flac,,,,/tmp/phi1/dataset/000924.npy
925,train,clean_speech,2078,/home/aidevcon/Downloads/DATASET/librispeech/LibriSpeech/dev-clean/2078/142845/2078-142845-0006.flac,,,,/tmp/phi1/dataset/000925.npy
926,train,clean_speech,8842,/home/aidevcon/Downloads/DATASET/librispeech/LibriSpeech/dev-clean/8842/304647/8842-304647-0000.flac,,,,/tmp/phi1/dataset/000926.npy
927,train,clean_speech,174,/home/aidevcon/Downloads/DATASET/librispeech/LibriSpeech/dev-clean/174/168635/174-168635-0008.flac,,,,/tmp/phi1/dataset/000927.npy
928,train,clean_speech,6295,/home/aidevcon/Downloads/DATASET/librispeech/LibriSpeech/dev-clean/6295/64301/6295-64301-0029.flac,,,,/tmp/phi1/dataset/000928.npy
929,train,clean_speech,5694,/home/aidevcon/Downloads/DATASET/librispeech/LibriSpeech/dev-clean/5694/64029/5694-64029-0020.flac,,,,/tmp/phi1/dataset/000929.npy
930,train,clean_speech,6241,/home/aidevcon/Downloads/DATASET/librispeech/LibriSpeech/dev-clean/6241/61943/6241-61943-0008.flac,,,,/tmp/phi1/dataset/000930.npy
931,train,clean_speech,5895,/home/aidevcon/Downloads/DATASET/librispeech/LibriSpeech/dev-clean/5895/34622/5895-34622-0017.flac,,,,/tmp/phi1/dataset/000931.npy
932,train,clean_speech,2078,/home/aidevcon/Downloads/DATASET/librispeech/LibriSpeech/dev-clean/2078/142845/2078-142845-0031.flac,,,,/tmp/phi1/dataset/000932.npy
933,train,clean_speech,3170,/home/aidevcon/Downloads/DATASET/librispeech/LibriSpeech/dev-clean/3170/137482/3170-137482-0024.flac,,,,/tmp/phi1/dataset/000933.npy
934,train,clean_speech,3752,/home/aidevcon/Downloads/DATASET/librispeech/LibriSpeech/dev-clean/3752/4944/3752-4944-0039.flac,,,,/tmp/phi1/dataset/000934.npy
935,train,clean_speech,1993,/home/aidevcon/Downloads/DATASET/librispeech/LibriSpeech/dev-clean/1993/147149/1993-147149-0020.flac,,,,/tmp/phi1/dataset/000935.npy
936,train,clean_speech,8842,/home/aidevcon/Downloads/DATASET/librispeech/LibriSpeech/dev-clean/8842/304647/8842-304647-0006.flac,,,,/tmp/phi1/dataset/000936.npy
937,train,clean_speech,251,/home/aidevcon/Downloads/DATASET/librispeech/LibriSpeech/dev-clean/251/137823/251-137823-0001.flac,,,,/tmp/phi1/dataset/000937.npy
938,train,clean_speech,2078,/home/aidevcon/Downloads/DATASET/librispeech/LibriSpeech/dev-clean/2078/142845/2078-142845-0004.flac,,,,/tmp/phi1/dataset/000938.npy
939,train,clean_speech,1988,/home/aidevcon/Downloads/DATASET/librispeech/LibriSpeech/dev-clean/1988/148538/1988-148538-0008.flac,,,,/tmp/phi1/dataset/000939.npy
940,train,clean_speech,2412,/home/aidevcon/Downloads/DATASET/librispeech/LibriSpeech/dev-clean/2412/153954/2412-153954-0015.flac,,,,/tmp/phi1/dataset/000940.npy
941,train,clean_speech,6295,/home/aidevcon/Downloads/DATASET/librispeech/LibriSpeech/dev-clean/6295/64301/6295-64301-0022.flac,,,,/tmp/phi1/dataset/000941.npy
942,train,clean_speech,2086,/home/aidevcon/Downloads/DATASET/librispeech/LibriSpeech/dev-clean/2086/149220/2086-149220-0013.flac,,,,/tmp/phi1/dataset/000942.npy
943,train,clean_speech,2086,/home/aidevcon/Downloads/DATASET/librispeech/LibriSpeech/dev-clean/2086/149220/2086-149220-0041.flac,,,,/tmp/phi1/dataset/000943.npy
944,train,clean_speech,6241,/home/aidevcon/Downloads/DATASET/librispeech/LibriSpeech/dev-clean/6241/61943/6241-61943-0003.flac,,,,/tmp/phi1/dataset/000944.npy
945,train,clean_speech,1673,/home/aidevcon/Downloads/DATASET/librispeech/LibriSpeech/dev-clean/1673/143397/1673-143397-0003.flac,,,,/tmp/phi1/dataset/000945.npy
946,train,clean_speech,5694,/home/aidevcon/Downloads/DATASET/librispeech/LibriSpeech/dev-clean/5694/64025/5694-64025-0022.flac,,,,/tmp/phi1/dataset/000946.npy
947,train,clean_speech,7976,/home/aidevcon/Downloads/DATASET/librispeech/LibriSpeech/dev-clean/7976/105575/7976-105575-0013.flac,,,,/tmp/phi1/dataset/000947.npy
948,train,clean_speech,2412,/home/aidevcon/Downloads/DATASET/librispeech/LibriSpeech/dev-clean/2412/153954/2412-153954-0000.flac,,,,/tmp/phi1/dataset/000948.npy
949,train,clean_speech,1993,/home/aidevcon/Downloads/DATASET/librispeech/LibriSpeech/dev-clean/1993/147149/1993-147149-0006.flac,,,,/tmp/phi1/dataset/000949.npy
950,train,clean_speech,2086,/home/aidevcon/Downloads/DATASET/librispeech/LibriSpeech/dev-clean/2086/149220/2086-149220-0015.flac,,,,/tmp/phi1/dataset/000950.npy
951,train,clean_speech,3170,/home/aidevcon/Downloads/DATASET/librispeech/LibriSpeech/dev-clean/3170/137482/3170-137482-0040.flac,,,,/tmp/phi1/dataset/000951.npy
952,train,clean_speech,3576,/home/aidevcon/Downloads/DATASET/librispeech/LibriSpeech/dev-clean/3576/138058/3576-138058-0017.flac,,,,/tmp/phi1/dataset/000952.npy
953,train,clean_speech,3576,/home/aidevcon/Downloads/DATASET/librispeech/LibriSpeech/dev-clean/3576/138058/3576-138058-0017.flac,,,,/tmp/phi1/dataset/000953.npy
954,train,clean_speech,8297,/home/aidevcon/Downloads/DATASET/librispeech/LibriSpeech/dev-clean/8297/275155/8297-275155-0015.flac,,,,/tmp/phi1/dataset/000954.npy
955,train,clean_speech,2412,/home/aidevcon/Downloads/DATASET/librispeech/LibriSpeech/dev-clean/2412/153948/2412-153948-0000.flac,,,,/tmp/phi1/dataset/000955.npy
956,train,clean_speech,652,/home/aidevcon/Downloads/DATASET/librispeech/LibriSpeech/dev-clean/652/130726/652-130726-0001.flac,,,,/tmp/phi1/dataset/000956.npy
957,train,clean_speech,6241,/home/aidevcon/Downloads/DATASET/librispeech/LibriSpeech/dev-clean/6241/61943/6241-61943-0012.flac,,,,/tmp/phi1/dataset/000957.npy
958,train,clean_speech,8842,/home/aidevcon/Downloads/DATASET/librispeech/LibriSpeech/dev-clean/8842/302201/8842-302201-0008.flac,,,,/tmp/phi1/dataset/000958.npy
959,train,clean_speech,6313,/home/aidevcon/Downloads/DATASET/librispeech/LibriSpeech/dev-clean/6313/66129/6313-66129-0031.flac,,,,/tmp/phi1/dataset/000959.npy
960,train,clean_speech,2803,/home/aidevcon/Downloads/DATASET/librispeech/LibriSpeech/dev-clean/2803/161169/2803-161169-0014.flac,,,,/tmp/phi1/dataset/000960.npy
961,train,clean_speech,3853,/home/aidevcon/Downloads/DATASET/librispeech/LibriSpeech/dev-clean/3853/163249/3853-163249-0005.flac,,,,/tmp/phi1/dataset/000961.npy
962,train,clean_speech,2412,/home/aidevcon/Downloads/DATASET/librispeech/LibriSpeech/dev-clean/2412/153947/2412-153947-0002.flac,,,,/tmp/phi1/dataset/000962.npy
963,train,clean_speech,1272,/home/aidevcon/Downloads/DATASET/librispeech/LibriSpeech/dev-clean/1272/128104/1272-128104-0002.flac,,,,/tmp/phi1/dataset/000963.npy
964,train,clean_speech,5694,/home/aidevcon/Downloads/DATASET/librispeech/LibriSpeech/dev-clean/5694/64029/5694-64029-0016.flac,,,,/tmp/phi1/dataset/000964.npy
965,train,clean_speech,6319,/home/aidevcon/Downloads/DATASET/librispeech/LibriSpeech/dev-clean/6319/275224/6319-275224-0005.flac,,,,/tmp/phi1/dataset/000965.npy
966,train,clean_speech,2086,/home/aidevcon/Downloads/DATASET/librispeech/LibriSpeech/dev-clean/2086/149220/2086-149220-0030.flac,,,,/tmp/phi1/dataset/000966.npy
967,train,clean_speech,6241,/home/aidevcon/Downloads/DATASET/librispeech/LibriSpeech/dev-clean/6241/61946/6241-61946-0020.flac,,,,/tmp/phi1/dataset/000967.npy
968,train,clean_speech,3576,/home/aidevcon/Downloads/DATASET/librispeech/LibriSpeech/dev-clean/3576/138058/3576-138058-0029.flac,,,,/tmp/phi1/dataset/000968.npy
969,train,clean_speech,1988,/home/aidevcon/Downloads/DATASET/librispeech/LibriSpeech/dev-clean/1988/148538/1988-148538-0011.flac,,,,/tmp/phi1/dataset/000969.npy
970,train,clean_speech,2803,/home/aidevcon/Downloads/DATASET/librispeech/LibriSpeech/dev-clean/2803/154320/2803-154320-0000.flac,,,,/tmp/phi1/dataset/000970.npy
971,train,clean_speech,1993,/home/aidevcon/Downloads/DATASET/librispeech/LibriSpeech/dev-clean/1993/147964/1993-147964-0010.flac,,,,/tmp/phi1/dataset/000971.npy
972,train,clean_speech,6295,/home/aidevcon/Downloads/DATASET/librispeech/LibriSpeech/dev-clean/6295/64301/6295-64301-0023.flac,,,,/tmp/phi1/dataset/000972.npy
973,train,clean_speech,3576,/home/aidevcon/Downloads/DATASET/librispeech/LibriSpeech/dev-clean/3576/138058/3576-138058-0024.flac,,,,/tmp/phi1/dataset/000973.npy
974,train,clean_speech,7850,/home/aidevcon/Downloads/DATASET/librispeech/LibriSpeech/dev-clean/7850/73752/7850-73752-0008.flac,,,,/tmp/phi1/dataset/000974.npy
975,train,clean_speech,8297,/home/aidevcon/Downloads/DATASET/librispeech/LibriSpeech/dev-clean/8297/275154/8297-275154-0014.flac,,,,/tmp/phi1/dataset/000975.npy
976,train,clean_speech,1272,/home/aidevcon/Downloads/DATASET/librispeech/LibriSpeech/dev-clean/1272/141231/1272-141231-0027.flac,,,,/tmp/phi1/dataset/000976.npy
977,train,clean_speech,1673,/home/aidevcon/Downloads/DATASET/librispeech/LibriSpeech/dev-clean/1673/143397/1673-143397-0006.flac,,,,/tmp/phi1/dataset/000977.npy
978,train,clean_speech,1272,/home/aidevcon/Downloads/DATASET/librispeech/LibriSpeech/dev-clean/1272/128104/1272-128104-0010.flac,,,,/tmp/phi1/dataset/000978.npy
979,train,clean_speech,8297,/home/aidevcon/Downloads/DATASET/librispeech/LibriSpeech/dev-clean/8297/275154/8297-275154-0010.flac,,,,/tmp/phi1/dataset/000979.npy
980,train,clean_speech,3752,/home/aidevcon/Downloads/DATASET/librispeech/LibriSpeech/dev-clean/3752/4943/3752-4943-0022.flac,,,,/tmp/phi1/dataset/000980.npy
981,train,clean_speech,777,/home/aidevcon/Downloads/DATASET/librispeech/LibriSpeech/dev-clean/777/126732/777-126732-0028.flac,,,,/tmp/phi1/dataset/000981.npy
982,train,clean_speech,6319,/home/aidevcon/Downloads/DATASET/librispeech/LibriSpeech/dev-clean/6319/64726/6319-64726-0009.flac,,,,/tmp/phi1/dataset/000982.npy
983,train,clean_speech,3853,/home/aidevcon/Downloads/DATASET/librispeech/LibriSpeech/dev-clean/3853/163249/3853-163249-0045.flac,,,,/tmp/phi1/dataset/000983.npy
984,train,clean_speech,8842,/home/aidevcon/Downloads/DATASET/librispeech/LibriSpeech/dev-clean/8842/304647/8842-304647-0006.flac,,,,/tmp/phi1/dataset/000984.npy
985,train,clean_speech,2078,/home/aidevcon/Downloads/DATASET/librispeech/LibriSpeech/dev-clean/2078/142845/2078-142845-0004.flac,,,,/tmp/phi1/dataset/000985.npy
986,train,clean_speech,251,/home/aidevcon/Downloads/DATASET/librispeech/LibriSpeech/dev-clean/251/137823/251-137823-0008.flac,,,,/tmp/phi1/dataset/000986.npy
987,train,clean_speech,6313,/home/aidevcon/Downloads/DATASET/librispeech/LibriSpeech/dev-clean/6313/66129/6313-66129-0008.flac,,,,/tmp/phi1/dataset/000987.npy
988,train,clean_speech,3170,/home/aidevcon/Downloads/DATASET/librispeech/LibriSpeech/dev-clean/3170/137482/3170-137482-0043.flac,,,,/tmp/phi1/dataset/000988.npy
989,train,clean_speech,7976,/home/aidevcon/Downloads/DATASET/librispeech/LibriSpeech/dev-clean/7976/110523/7976-110523-0009.flac,,,,/tmp/phi1/dataset/000989.npy
990,train,clean_speech,2803,/home/aidevcon/Downloads/DATASET/librispeech/LibriSpeech/dev-clean/2803/154328/2803-154328-0012.flac,,,,/tmp/phi1/dataset/000990.npy
991,train,clean_speech,6295,/home/aidevcon/Downloads/DATASET/librispeech/LibriSpeech/dev-clean/6295/244435/6295-244435-0025.flac,,,,/tmp/phi1/dataset/000991.npy
992,train,clean_speech,5895,/home/aidevcon/Downloads/DATASET/librispeech/LibriSpeech/dev-clean/5895/34629/5895-34629-0008.flac,,,,/tmp/phi1/dataset/000992.npy
993,train,clean_speech,5694,/home/aidevcon/Downloads/DATASET/librispeech/LibriSpeech/dev-clean/5694/64029/5694-64029-0011.flac,,,,/tmp/phi1/dataset/000993.npy
994,train,clean_speech,5536,/home/aidevcon/Downloads/DATASET/librispeech/LibriSpeech/dev-clean/5536/43359/5536-43359-0016.flac,,,,/tmp/phi1/dataset/000994.npy
995,train,clean_speech,251,/home/aidevcon/Downloads/DATASET/librispeech/LibriSpeech/dev-clean/251/118436/251-118436-0019.flac,,,,/tmp/phi1/dataset/000995.npy
996,train,clean_speech,6345,/home/aidevcon/Downloads/DATASET/librispeech/LibriSpeech/dev-clean/6345/93302/6345-93302-0000.flac,,,,/tmp/phi1/dataset/000996.npy
997,train,clean_speech,2803,/home/aidevcon/Downloads/DATASET/librispeech/LibriSpeech/dev-clean/2803/161169/2803-161169-0009.flac,,,,/tmp/phi1/dataset/000997.npy
998,train,clean_speech,2412,/home/aidevcon/Downloads/DATASET/librispeech/LibriSpeech/dev-clean/2412/153947/2412-153947-0006.flac,,,,/tmp/phi1/dataset/000998.npy
999,train,clean_speech,1673,/home/aidevcon/Downloads/DATASET/librispeech/LibriSpeech/dev-clean/1673/143396/1673-143396-0002.flac,,,,/tmp/phi1/dataset/000999.npy
1000,train,clean_speech,7976,/home/aidevcon/Downloads/DATASET/librispeech/LibriSpeech/dev-clean/7976/110124/7976-110124-0006.flac,,,,/tmp/phi1/dataset/001000.npy
1001,train,clean_speech,251,/home/aidevcon/Downloads/DATASET/librispeech/LibriSpeech/dev-clean/251/137823/251-137823-0004.flac,,,,/tmp/phi1/dataset/001001.npy
1002,train,clean_speech,1993,/home/aidevcon/Downloads/DATASET/librispeech/LibriSpeech/dev-clean/1993/147149/1993-147149-0009.flac,,,,/tmp/phi1/dataset/001002.npy
1003,train,clean_speech,8297,/home/aidevcon/Downloads/DATASET/librispeech/LibriSpeech/dev-clean/8297/275154/8297-275154-0000.flac,,,,/tmp/phi1/dataset/001003.npy
1004,train,clean_speech,6345,/home/aidevcon/Downloads/DATASET/librispeech/LibriSpeech/dev-clean/6345/64257/6345-64257-0005.flac,,,,/tmp/phi1/dataset/001004.npy
1005,train,clean_speech,6319,/home/aidevcon/Downloads/DATASET/librispeech/LibriSpeech/dev-clean/6319/64726/6319-64726-0001.flac,,,,/tmp/phi1/dataset/001005.npy
1006,train,clean_speech,2428,/home/aidevcon/Downloads/DATASET/librispeech/LibriSpeech/dev-clean/2428/83705/2428-83705-0002.flac,,,,/tmp/phi1/dataset/001006.npy
1007,train,clean_speech,5536,/home/aidevcon/Downloads/DATASET/librispeech/LibriSpeech/dev-clean/5536/43358/5536-43358-0004.flac,,,,/tmp/phi1/dataset/001007.npy
1008,train,clean_speech,2803,/home/aidevcon/Downloads/DATASET/librispeech/LibriSpeech/dev-clean/2803/161169/2803-161169-0010.flac,,,,/tmp/phi1/dataset/001008.npy
1009,train,clean_speech,1988,/home/aidevcon/Downloads/DATASET/librispeech/LibriSpeech/dev-clean/1988/148538/1988-148538-0005.flac,,,,/tmp/phi1/dataset/001009.npy
1010,train,clean_speech,5694,/home/aidevcon/Downloads/DATASET/librispeech/LibriSpeech/dev-clean/5694/64025/5694-64025-0002.flac,,,,/tmp/phi1/dataset/001010.npy
1011,train,clean_speech,6345,/home/aidevcon/Downloads/DATASET/librispeech/LibriSpeech/dev-clean/6345/64257/6345-64257-0002.flac,,,,/tmp/phi1/dataset/001011.npy
1012,train,clean_speech,777,/home/aidevcon/Downloads/DATASET/librispeech/LibriSpeech/dev-clean/777/126732/777-126732-0013.flac,,,,/tmp/phi1/dataset/001012.npy
1013,train,clean_speech,7976,/home/aidevcon/Downloads/DATASET/librispeech/LibriSpeech/dev-clean/7976/105575/7976-105575-0000.flac,,,,/tmp/phi1/dataset/001013.npy
1014,train,clean_speech,3853,/home/aidevcon/Downloads/DATASET/librispeech/LibriSpeech/dev-clean/3853/163249/3853-163249-0047.flac,,,,/tmp/phi1/dataset/001014.npy
1015,train,clean_speech,2428,/home/aidevcon/Downloads/DATASET/librispeech/LibriSpeech/dev-clean/2428/83699/2428-83699-0017.flac,,,,/tmp/phi1/dataset/001015.npy
1016,train,clean_speech,5536,/home/aidevcon/Downloads/DATASET/librispeech/LibriSpeech/dev-clean/5536/43359/5536-43359-0018.flac,,,,/tmp/phi1/dataset/001016.npy
1017,train,clean_speech,5536,/home/aidevcon/Downloads/DATASET/librispeech/LibriSpeech/dev-clean/5536/43359/5536-43359-0017.flac,,,,/tmp/phi1/dataset/001017.npy
1018,train,clean_speech,2078,/home/aidevcon/Downloads/DATASET/librispeech/LibriSpeech/dev-clean/2078/142845/2078-142845-0019.flac,,,,/tmp/phi1/dataset/001018.npy
1019,train,clean_speech,1988,/home/aidevcon/Downloads/DATASET/librispeech/LibriSpeech/dev-clean/1988/24833/1988-24833-0020.flac,,,,/tmp/phi1/dataset/001019.npy
1020,train,clean_speech,3170,/home/aidevcon/Downloads/DATASET/librispeech/LibriSpeech/dev-clean/3170/137482/3170-137482-0001.flac,,,,/tmp/phi1/dataset/001020.npy
1021,train,clean_speech,5694,/home/aidevcon/Downloads/DATASET/librispeech/LibriSpeech/dev-clean/5694/64038/5694-64038-0017.flac,,,,/tmp/phi1/dataset/001021.npy
1022,train,clean_speech,2078,/home/aidevcon/Downloads/DATASET/librispeech/LibriSpeech/dev-clean/2078/142845/2078-142845-0021.flac,,,,/tmp/phi1/dataset/001022.npy
1023,train,clean_speech,84,/home/aidevcon/Downloads/DATASET/librispeech/LibriSpeech/dev-clean/84/121550/84-121550-0026.flac,,,,/tmp/phi1/dataset/001023.npy
1024,train,clean_speech,2078,/home/aidevcon/Downloads/DATASET/librispeech/LibriSpeech/dev-clean/2078/142845/2078-142845-0046.flac,,,,/tmp/phi1/dataset/001024.npy
1025,train,clean_speech,251,/home/aidevcon/Downloads/DATASET/librispeech/LibriSpeech/dev-clean/251/137823/251-137823-0019.flac,,,,/tmp/phi1/dataset/001025.npy
1026,train,clean_speech,652,/home/aidevcon/Downloads/DATASET/librispeech/LibriSpeech/dev-clean/652/130726/652-130726-0016.flac,,,,/tmp/phi1/dataset/001026.npy
1027,train,clean_speech,6241,/home/aidevcon/Downloads/DATASET/librispeech/LibriSpeech/dev-clean/6241/61946/6241-61946-0001.flac,,,,/tmp/phi1/dataset/001027.npy
1028,train,clean_speech,1673,/home/aidevcon/Downloads/DATASET/librispeech/LibriSpeech/dev-clean/1673/143396/1673-143396-0011.flac,,,,/tmp/phi1/dataset/001028.npy
1029,train,clean_speech,3752,/home/aidevcon/Downloads/DATASET/librispeech/LibriSpeech/dev-clean/3752/4944/3752-4944-0069.flac,,,,/tmp/phi1/dataset/001029.npy
1030,train,clean_speech,6345,/home/aidevcon/Downloads/DATASET/librispeech/LibriSpeech/dev-clean/6345/93306/6345-93306-0000.flac,,,,/tmp/phi1/dataset/001030.npy
1031,train,clean_speech,2078,/home/aidevcon/Downloads/DATASET/librispeech/LibriSpeech/dev-clean/2078/142845/2078-142845-0043.flac,,,,/tmp/phi1/dataset/001031.npy
1032,train,clean_speech,1993,/home/aidevcon/Downloads/DATASET/librispeech/LibriSpeech/dev-clean/1993/147965/1993-147965-0003.flac,,,,/tmp/phi1/dataset/001032.npy
1033,train,clean_speech,3170,/home/aidevcon/Downloads/DATASET/librispeech/LibriSpeech/dev-clean/3170/137482/3170-137482-0017.flac,,,,/tmp/phi1/dataset/001033.npy
1034,train,clean_speech,3853,/home/aidevcon/Downloads/DATASET/librispeech/LibriSpeech/dev-clean/3853/163249/3853-163249-0009.flac,,,,/tmp/phi1/dataset/001034.npy
1035,train,clean_speech,5895,/home/aidevcon/Downloads/DATASET/librispeech/LibriSpeech/dev-clean/5895/34629/5895-34629-0013.flac,,,,/tmp/phi1/dataset/001035.npy
1036,train,clean_speech,652,/home/aidevcon/Downloads/DATASET/librispeech/LibriSpeech/dev-clean/652/130737/652-130737-0000.flac,,,,/tmp/phi1/dataset/001036.npy
1037,train,clean_speech,2803,/home/aidevcon/Downloads/DATASET/librispeech/LibriSpeech/dev-clean/2803/161169/2803-161169-0004.flac,,,,/tmp/phi1/dataset/001037.npy
1038,train,clean_speech,1993,/home/aidevcon/Downloads/DATASET/librispeech/LibriSpeech/dev-clean/1993/147966/1993-147966-0001.flac,,,,/tmp/phi1/dataset/001038.npy
1039,train,clean_speech,6345,/home/aidevcon/Downloads/DATASET/librispeech/LibriSpeech/dev-clean/6345/64257/6345-64257-0004.flac,,,,/tmp/phi1/dataset/001039.npy
1040,train,clean_speech,3576,/home/aidevcon/Downloads/DATASET/librispeech/LibriSpeech/dev-clean/3576/138058/3576-138058-0025.flac,,,,/tmp/phi1/dataset/001040.npy
1041,train,clean_speech,777,/home/aidevcon/Downloads/DATASET/librispeech/LibriSpeech/dev-clean/777/126732/777-126732-0016.flac,,,,/tmp/phi1/dataset/001041.npy
1042,train,clean_music,,,118923,Attribution,,/tmp/phi1/dataset/001042.npy
1043,train,clean_music,,,88854,Attribution 3.0 United States,,/tmp/phi1/dataset/001043.npy
1044,train,clean_music,,,75975,Attribution-ShareAlike 3.0 International,,/tmp/phi1/dataset/001044.npy
1045,train,clean_music,,,127194,Attribution-ShareAlike,,/tmp/phi1/dataset/001045.npy
1046,train,clean_music,,,114242,Attribution,,/tmp/phi1/dataset/001046.npy
1047,train,clean_music,,,126646,Attribution,,/tmp/phi1/dataset/001047.npy
1048,train,clean_music,,,116878,Attribution,,/tmp/phi1/dataset/001048.npy
1049,train,clean_music,,,38899,Public Domain,,/tmp/phi1/dataset/001049.npy
1050,train,clean_music,,,145549,Attribution-ShareAlike,,/tmp/phi1/dataset/001050.npy
1051,train,clean_music,,,127302,Attribution,,/tmp/phi1/dataset/001051.npy
1052,train,clean_music,,,68840,Attribution 3.0 United States,,/tmp/phi1/dataset/001052.npy
1053,train,clean_music,,,106563,Attribution-ShareAlike,,/tmp/phi1/dataset/001053.npy
1054,train,clean_music,,,24420,Creative Commons Attribution,,/tmp/phi1/dataset/001054.npy
1055,train,clean_music,,,98228,Attribution-ShareAlike,,/tmp/phi1/dataset/001055.npy
1056,train,clean_music,,,143055,Attribution,,/tmp/phi1/dataset/001056.npy
1057,train,clean_music,,,114401,Attribution,,/tmp/phi1/dataset/001057.npy
1058,train,clean_music,,,128760,Attribution,,/tmp/phi1/dataset/001058.npy
1059,train,clean_music,,,75403,Creative Commons Attribution,,/tmp/phi1/dataset/001059.npy
1060,train,clean_music,,,123976,Attribution,,/tmp/phi1/dataset/001060.npy
1061,train,clean_music,,,24427,Creative Commons Attribution,,/tmp/phi1/dataset/001061.npy
1062,train,clean_music,,,38899,Public Domain,,/tmp/phi1/dataset/001062.npy
1063,train,clean_music,,,141735,Attribution,,/tmp/phi1/dataset/001063.npy
1064,train,clean_music,,,68842,Attribution 3.0 United States,,/tmp/phi1/dataset/001064.npy
1065,train,clean_music,,,107616,Attribution,,/tmp/phi1/dataset/001065.npy
1066,train,clean_music,,,130682,Attribution,,/tmp/phi1/dataset/001066.npy
1067,train,clean_music,,,30050,Attribution-ShareAlike,,/tmp/phi1/dataset/001067.npy
1068,train,clean_music,,,118920,Attribution,,/tmp/phi1/dataset/001068.npy
1069,train,clean_music,,,38906,Public Domain,,/tmp/phi1/dataset/001069.npy
1070,train,clean_music,,,93519,Creative Commons Attribution,,/tmp/phi1/dataset/001070.npy
1071,train,clean_music,,,121316,Attribution,,/tmp/phi1/dataset/001071.npy
1072,train,clean_music,,,128758,Attribution,,/tmp/phi1/dataset/001072.npy
1073,train,clean_music,,,142670,Attribution,,/tmp/phi1/dataset/001073.npy
1074,train,clean_music,,,68843,Attribution 3.0 United States,,/tmp/phi1/dataset/001074.npy
1075,train,clean_music,,,126603,Attribution-ShareAlike,,/tmp/phi1/dataset/001075.npy
1076,train,clean_music,,,68579,Creative Commons Attribution,,/tmp/phi1/dataset/001076.npy
1077,train,clean_music,,,92889,Attribution-ShareAlike 3.0 International,,/tmp/phi1/dataset/001077.npy
1078,train,clean_music,,,145917,Attribution,,/tmp/phi1/dataset/001078.npy
1079,train,clean_music,,,15772,Attribution 3.0 United States,,/tmp/phi1/dataset/001079.npy
1080,train,clean_music,,,4077,Attribution,,/tmp/phi1/dataset/001080.npy
1081,train,clean_music,,,114406,Attribution,,/tmp/phi1/dataset/001081.npy
1082,train,clean_music,,,123977,Attribution,,/tmp/phi1/dataset/001082.npy
1083,train,clean_music,,,17782,Attribution-Share Alike 3.0 United States,,/tmp/phi1/dataset/001083.npy
1084,train,clean_music,,,75428,Creative Commons Attribution,,/tmp/phi1/dataset/001084.npy
1085,train,clean_music,,,93919,Attribution-ShareAlike 3.0 International,,/tmp/phi1/dataset/001085.npy
1086,train,clean_music,,,62446,Attribution-ShareAlike 3.0 International,,/tmp/phi1/dataset/001086.npy
1087,train,clean_music,,,134918,Attribution,,/tmp/phi1/dataset/001087.npy
1088,train,clean_music,,,98554,Attribution,,/tmp/phi1/dataset/001088.npy
1089,train,clean_music,,,3880,Attribution,,/tmp/phi1/dataset/001089.npy
1090,train,clean_music,,,98583,Attribution,,/tmp/phi1/dataset/001090.npy
1091,train,clean_music,,,68573,Creative Commons Attribution,,/tmp/phi1/dataset/001091.npy
1092,train,clean_music,,,74908,Creative Commons Attribution,,/tmp/phi1/dataset/001092.npy
1093,train,clean_music,,,15469,Attribution 3.0 United States,,/tmp/phi1/dataset/001093.npy
1094,train,clean_music,,,114396,Attribution,,/tmp/phi1/dataset/001094.npy
1095,train,clean_music,,,91157,Creative Commons Attribution,,/tmp/phi1/dataset/001095.npy
1096,train,clean_music,,,134052,Attribution-ShareAlike,,/tmp/phi1/dataset/001096.npy
1097,train,clean_music,,,114559,Attribution,,/tmp/phi1/dataset/001097.npy
1098,train,clean_music,,,75376,Creative Commons Attribution,,/tmp/phi1/dataset/001098.npy
1099,train,clean_music,,,91619,Creative Commons Attribution,,/tmp/phi1/dataset/001099.npy
1100,train,clean_music,,,55122,Attribution-ShareAlike 3.0 International,,/tmp/phi1/dataset/001100.npy
1101,train,clean_music,,,118496,Attribution,,/tmp/phi1/dataset/001101.npy
1102,train,clean_music,,,107613,Attribution,,/tmp/phi1/dataset/001102.npy
1103,train,clean_music,,,114545,Attribution,,/tmp/phi1/dataset/001103.npy
1104,train,clean_music,,,30041,Attribution-ShareAlike,,/tmp/phi1/dataset/001104.npy
1105,train,clean_music,,,92873,Attribution-ShareAlike 3.0 International,,/tmp/phi1/dataset/001105.npy
1106,train,clean_music,,,115814,Attribution,,/tmp/phi1/dataset/001106.npy
1107,train,clean_music,,,88864,Attribution 3.0 United States,,/tmp/phi1/dataset/001107.npy
1108,train,clean_music,,,69170,Creative Commons Attribution,,/tmp/phi1/dataset/001108.npy
1109,train,clean_music,,,106564,Attribution-ShareAlike,,/tmp/phi1/dataset/001109.npy
1110,train,clean_music,,,114415,Attribution,,/tmp/phi1/dataset/001110.npy
1111,train,clean_music,,,122085,Attribution-ShareAlike,,/tmp/phi1/dataset/001111.npy
1112,train,clean_music,,,7489,Attribution 3.0 United States,,/tmp/phi1/dataset/001112.npy
1113,train,clean_music,,,116879,Attribution,,/tmp/phi1/dataset/001113.npy
1114,train,clean_music,,,124392,Attribution-ShareAlike,,/tmp/phi1/dataset/001114.npy
1115,train,clean_music,,,21995,Public Domain,,/tmp/phi1/dataset/001115.npy
1116,train,clean_music,,,123969,Attribution,,/tmp/phi1/dataset/001116.npy
1117,train,clean_music,,,89445,Creative Commons Attribution,,/tmp/phi1/dataset/001117.npy
1118,train,clean_music,,,52638,Attribution 3.0 United States,,/tmp/phi1/dataset/001118.npy
1119,train,clean_music,,,107506,Attribution-ShareAlike,,/tmp/phi1/dataset/001119.npy
1120,train,clean_music,,,107583,Attribution,,/tmp/phi1/dataset/001120.npy
1121,train,clean_music,,,93920,Attribution-ShareAlike 3.0 International,,/tmp/phi1/dataset/001121.npy
1122,train,clean_music,,,75927,Creative Commons Attribution,,/tmp/phi1/dataset/001122.npy
1123,train,clean_music,,,75381,Creative Commons Attribution,,/tmp/phi1/dataset/001123.npy
1124,train,clean_music,,,6674,Creative Commons Attribution,,/tmp/phi1/dataset/001124.npy
1125,train,clean_music,,,114412,Attribution,,/tmp/phi1/dataset/001125.npy
1126,train,clean_music,,,118957,Attribution-ShareAlike,,/tmp/phi1/dataset/001126.npy
1127,train,clean_music,,,126607,Attribution-ShareAlike,,/tmp/phi1/dataset/001127.npy
1128,train,clean_music,,,15469,Attribution 3.0 United States,,/tmp/phi1/dataset/001128.npy
1129,train,clean_music,,,123977,Attribution,,/tmp/phi1/dataset/001129.npy
1130,train,clean_music,,,80518,Attribution-ShareAlike 3.0 International,,/tmp/phi1/dataset/001130.npy
1131,train,clean_music,,,62742,Attribution-ShareAlike 3.0 International,,/tmp/phi1/dataset/001131.npy
1132,train,clean_music,,,51006,Creative Commons Attribution,,/tmp/phi1/dataset/001132.npy
1133,train,clean_music,,,74908,Creative Commons Attribution,,/tmp/phi1/dataset/001133.npy
1134,train,clean_music,,,54464,Creative Commons Attribution,,/tmp/phi1/dataset/001134.npy
1135,train,clean_music,,,51004,Creative Commons Attribution,,/tmp/phi1/dataset/001135.npy
1136,train,clean_music,,,119942,Attribution-ShareAlike,,/tmp/phi1/dataset/001136.npy
1137,train,clean_music,,,51117,Creative Commons Attribution,,/tmp/phi1/dataset/001137.npy
1138,train,clean_music,,,4071,Attribution,,/tmp/phi1/dataset/001138.npy
1139,train,clean_music,,,110263,Attribution,,/tmp/phi1/dataset/001139.npy
1140,train,clean_music,,,112780,Attribution-ShareAlike,,/tmp/phi1/dataset/001140.npy
1141,train,clean_music,,,80389,Attribution-ShareAlike 3.0 International,,/tmp/phi1/dataset/001141.npy
1142,train,clean_music,,,116877,Attribution,,/tmp/phi1/dataset/001142.npy
1143,train,clean_music,,,145464,Attribution,,/tmp/phi1/dataset/001143.npy
1144,train,clean_music,,,133457,CC0 1.0 Universal,,/tmp/phi1/dataset/001144.npy
1145,train,clean_music,,,75419,Creative Commons Attribution,,/tmp/phi1/dataset/001145.npy
1146,train,clean_music,,,35534,Attribution-ShareAlike 3.0 International,,/tmp/phi1/dataset/001146.npy
1147,train,clean_music,,,7548,Attribution,,/tmp/phi1/dataset/001147.npy
1148,train,clean_music,,,124180,Attribution,,/tmp/phi1/dataset/001148.npy
1149,train,clean_music,,,132310,Attribution,,/tmp/phi1/dataset/001149.npy
1150,train,clean_music,,,7483,Attribution 3.0 United States,,/tmp/phi1/dataset/001150.npy
1151,train,clean_music,,,44794,Public Domain,,/tmp/phi1/dataset/001151.npy
1152,train,clean_music,,,140934,Creative Commons Attribution,,/tmp/phi1/dataset/001152.npy
1153,train,clean_music,,,130137,Attribution,,/tmp/phi1/dataset/001153.npy
1154,train,clean_music,,,119938,Attribution-ShareAlike,,/tmp/phi1/dataset/001154.npy
1155,train,clean_music,,,145431,Attribution,,/tmp/phi1/dataset/001155.npy
1156,train,clean_music,,,71512,Creative Commons Attribution,,/tmp/phi1/dataset/001156.npy
1157,train,clean_music,,,64520,Attribution-ShareAlike 3.0 International,,/tmp/phi1/dataset/001157.npy
1158,train,clean_music,,,75975,Attribution-ShareAlike 3.0 International,,/tmp/phi1/dataset/001158.npy
1159,train,clean_music,,,55097,Attribution-ShareAlike 3.0 International,,/tmp/phi1/dataset/001159.npy
1160,train,clean_music,,,50955,Creative Commons Attribution,,/tmp/phi1/dataset/001160.npy
1161,train,clean_music,,,98547,Attribution,,/tmp/phi1/dataset/001161.npy
1162,train,clean_music,,,119942,Attribution-ShareAlike,,/tmp/phi1/dataset/001162.npy
1163,train,clean_music,,,83719,Attribution-ShareAlike,,/tmp/phi1/dataset/001163.npy
1164,train,clean_music,,,38775,Attribution-Share Alike 3.0 United States,,/tmp/phi1/dataset/001164.npy
1165,train,clean_music,,,67163,Creative Commons Attribution,,/tmp/phi1/dataset/001165.npy
1166,train,clean_music,,,141735,Attribution,,/tmp/phi1/dataset/001166.npy
1167,train,clean_music,,,71251,Attribution-ShareAlike 3.0 International,,/tmp/phi1/dataset/001167.npy
1168,train,clean_music,,,133454,CC0 1.0 Universal,,/tmp/phi1/dataset/001168.npy
1169,train,clean_music,,,38817,Attribution-Share Alike 3.0 United States,,/tmp/phi1/dataset/001169.npy
1170,train,clean_music,,,135370,Attribution,,/tmp/phi1/dataset/001170.npy
1171,train,clean_music,,,75747,Creative Commons Attribution,,/tmp/phi1/dataset/001171.npy
1172,train,clean_music,,,74945,Attribution-ShareAlike 3.0 International,,/tmp/phi1/dataset/001172.npy
1173,train,clean_music,,,133445,CC0 1.0 Universal,,/tmp/phi1/dataset/001173.npy
1174,train,clean_music,,,148032,Attribution,,/tmp/phi1/dataset/001174.npy
1175,train,clean_music,,,134919,Attribution,,/tmp/phi1/dataset/001175.npy
1176,train,clean_music,,,135339,Attribution,,/tmp/phi1/dataset/001176.npy
1177,train,clean_music,,,38900,Public Domain,,/tmp/phi1/dataset/001177.npy
1178,train,clean_music,,,89816,Creative Commons Attribution,,/tmp/phi1/dataset/001178.npy
1179,train,clean_music,,,75211,Attribution-ShareAlike 3.0 International,,/tmp/phi1/dataset/001179.npy
1180,train,clean_music,,,71516,Creative Commons Attribution,,/tmp/phi1/dataset/001180.npy
1181,train,clean_music,,,143055,Attribution,,/tmp/phi1/dataset/001181.npy
1182,train,clean_music,,,115816,Attribution,,/tmp/phi1/dataset/001182.npy
1183,train,clean_music,,,115591,Attribution,,/tmp/phi1/dataset/001183.npy
1184,train,clean_music,,,135373,Attribution,,/tmp/phi1/dataset/001184.npy
1185,train,clean_music,,,124873,Attribution,,/tmp/phi1/dataset/001185.npy
1186,train,clean_music,,,91163,Creative Commons Attribution,,/tmp/phi1/dataset/001186.npy
1187,train,clean_music,,,110267,Attribution,,/tmp/phi1/dataset/001187.npy
1188,train,clean_music,,,110263,Attribution,,/tmp/phi1/dataset/001188.npy
1189,train,clean_music,,,62449,Attribution-ShareAlike 3.0 International,,/tmp/phi1/dataset/001189.npy
1190,train,clean_music,,,71506,Creative Commons Attribution,,/tmp/phi1/dataset/001190.npy
1191,train,clean_music,,,61493,Creative Commons Attribution,,/tmp/phi1/dataset/001191.npy
1192,train,clean_music,,,148208,Attribution,,/tmp/phi1/dataset/001192.npy
1193,train,clean_music,,,149452,Attribution,,/tmp/phi1/dataset/001193.npy
1194,train,clean_music,,,24418,Creative Commons Attribution,,/tmp/phi1/dataset/001194.npy
1195,train,clean_music,,,154305,Attribution,,/tmp/phi1/dataset/001195.npy
1196,train,clean_music,,,130132,Attribution,,/tmp/phi1/dataset/001196.npy
1197,train,clean_music,,,114391,Attribution,,/tmp/phi1/dataset/001197.npy
1198,train,clean_music,,,38904,Public Domain,,/tmp/phi1/dataset/001198.npy
1199,train,clean_music,,,52628,Attribution 3.0 United States,,/tmp/phi1/dataset/001199.npy
1200,train,clean_music,,,54465,Creative Commons Attribution,,/tmp/phi1/dataset/001200.npy
1201,train,clean_music,,,82231,Attribution-ShareAlike 3.0 International,,/tmp/phi1/dataset/001201.npy
1202,train,clean_music,,,7554,Attribution,,/tmp/phi1/dataset/001202.npy
1203,train,clean_music,,,113971,Attribution,,/tmp/phi1/dataset/001203.npy
1204,train,clean_music,,,122686,Attribution,,/tmp/phi1/dataset/001204.npy
1205,train,clean_music,,,75747,Creative Commons Attribution,,/tmp/phi1/dataset/001205.npy
1206,train,clean_music,,,115815,Attribution,,/tmp/phi1/dataset/001206.npy
1207,train,clean_music,,,145918,Attribution,,/tmp/phi1/dataset/001207.npy
1208,train,clean_music,,,144487,Attribution,,/tmp/phi1/dataset/001208.npy
1209,train,clean_music,,,127301,Attribution,,/tmp/phi1/dataset/001209.npy
1210,train,clean_music,,,64859,Creative Commons Attribution,,/tmp/phi1/dataset/001210.npy
1211,train,clean_music,,,149690,Attribution,,/tmp/phi1/dataset/001211.npy
1212,train,clean_music,,,141297,Attribution-ShareAlike,,/tmp/phi1/dataset/001212.npy
1213,train,clean_music,,,88861,Attribution 3.0 United States,,/tmp/phi1/dataset/001213.npy
1214,train,clean_music,,,45103,Attribution,,/tmp/phi1/dataset/001214.npy
1215,train,clean_music,,,91163,Creative Commons Attribution,,/tmp/phi1/dataset/001215.npy
1216,train,clean_music,,,108416,Attribution,,/tmp/phi1/dataset/001216.npy
1217,train,clean_music,,,82237,Attribution-ShareAlike 3.0 International,,/tmp/phi1/dataset/001217.npy
1218,train,clean_music,,,113809,Attribution-ShareAlike,,/tmp/phi1/dataset/001218.npy
1219,train,clean_music,,,47072,Creative Commons Attribution,,/tmp/phi1/dataset/001219.npy
1220,train,clean_music,,,112316,Attribution,,/tmp/phi1/dataset/001220.npy
1221,train,clean_music,,,152480,Attribution,,/tmp/phi1/dataset/001221.npy
1222,train,clean_music,,,127299,Attribution,,/tmp/phi1/dataset/001222.npy
1223,train,clean_music,,,68837,Attribution 3.0 United States,,/tmp/phi1/dataset/001223.npy
1224,train,clean_music,,,106567,Attribution-ShareAlike,,/tmp/phi1/dataset/001224.npy
1225,train,clean_music,,,98555,Attribution,,/tmp/phi1/dataset/001225.npy
1226,train,clean_music,,,122352,Attribution,,/tmp/phi1/dataset/001226.npy
1227,train,clean_music,,,114399,Attribution,,/tmp/phi1/dataset/001227.npy
1228,train,clean_music,,,121322,Attribution,,/tmp/phi1/dataset/001228.npy
1229,train,clean_music,,,142088,Attribution,,/tmp/phi1/dataset/001229.npy
1230,train,clean_music,,,123976,Attribution,,/tmp/phi1/dataset/001230.npy
1231,train,clean_music,,,106567,Attribution-ShareAlike,,/tmp/phi1/dataset/001231.npy
1232,train,clean_music,,,118972,Attribution-ShareAlike,,/tmp/phi1/dataset/001232.npy
1233,train,clean_music,,,114402,Attribution,,/tmp/phi1/dataset/001233.npy
1234,train,clean_music,,,38819,Attribution-Share Alike 3.0 United States,,/tmp/phi1/dataset/001234.npy
1235,train,clean_music,,,134935,Attribution,,/tmp/phi1/dataset/001235.npy
1236,train,clean_music,,,72071,Attribution,,/tmp/phi1/dataset/001236.npy
1237,train,clean_music,,,75936,Creative Commons Attribution,,/tmp/phi1/dataset/001237.npy
1238,train,clean_music,,,39605,Creative Commons Attribution,,/tmp/phi1/dataset/001238.npy
1239,train,clean_music,,,42374,Creative Commons Attribution,,/tmp/phi1/dataset/001239.npy
1240,train,clean_music,,,153337,Attribution-ShareAlike,,/tmp/phi1/dataset/001240.npy
1241,train,clean_music,,,134454,CC0 1.0 Universal,,/tmp/phi1/dataset/001241.npy
1242,train,clean_music,,,138060,Attribution,,/tmp/phi1/dataset/001242.npy
1243,train,clean_music,,,6856,Attribution,,/tmp/phi1/dataset/001243.npy
1244,train,clean_music,,,127194,Attribution-ShareAlike,,/tmp/phi1/dataset/001244.npy
1245,train,clean_music,,,7548,Attribution,,/tmp/phi1/dataset/001245.npy
1246,train,clean_music,,,108416,Attribution,,/tmp/phi1/dataset/001246.npy
1247,train,clean_music,,,115773,Attribution,,/tmp/phi1/dataset/001247.npy
1248,train,clean_music,,,124154,Attribution,,/tmp/phi1/dataset/001248.npy
1249,train,clean_music,,,47075,Creative Commons Attribution,,/tmp/phi1/dataset/001249.npy
1250,train,clean_music,,,127303,Attribution,,/tmp/phi1/dataset/001250.npy
1251,train,clean_music,,,24898,Attribution 3.0 United States,,/tmp/phi1/dataset/001251.npy
1252,train,clean_music,,,3840,Attribution,,/tmp/phi1/dataset/001252.npy
1253,train,clean_music,,,145002,Attribution,,/tmp/phi1/dataset/001253.npy
1254,train,clean_music,,,88846,Attribution 3.0 United States,,/tmp/phi1/dataset/001254.npy
1255,train,clean_music,,,88873,Attribution 3.0 United States,,/tmp/phi1/dataset/001255.npy
1256,train,clean_music,,,114416,Attribution,,/tmp/phi1/dataset/001256.npy
1257,train,clean_music,,,71255,Attribution-ShareAlike 3.0 International,,/tmp/phi1/dataset/001257.npy
1258,train,clean_music,,,7492,Attribution 3.0 United States,,/tmp/phi1/dataset/001258.npy
1259,train,clean_music,,,124892,Attribution,,/tmp/phi1/dataset/001259.npy
1260,train,clean_music,,,75926,Creative Commons Attribution,,/tmp/phi1/dataset/001260.npy
1261,train,clean_music,,,135337,Attribution,,/tmp/phi1/dataset/001261.npy
1262,train,clean_music,,,121318,Attribution,,/tmp/phi1/dataset/001262.npy
1263,train,clean_music,,,142087,Attribution,,/tmp/phi1/dataset/001263.npy
1264,train,clean_music,,,146017,Attribution,,/tmp/phi1/dataset/001264.npy
1265,train,clean_music,,,145431,Attribution,,/tmp/phi1/dataset/001265.npy
1266,train,clean_music,,,46157,Attribution-ShareAlike 3.0 International,,/tmp/phi1/dataset/001266.npy
1267,train,clean_music,,,122261,Attribution,,/tmp/phi1/dataset/001267.npy
1268,train,clean_music,,,141295,Attribution-ShareAlike,,/tmp/phi1/dataset/001268.npy
1269,train,clean_music,,,118084,Attribution,,/tmp/phi1/dataset/001269.npy
1270,train,clean_music,,,52641,Attribution 3.0 United States,,/tmp/phi1/dataset/001270.npy
1271,train,clean_music,,,54468,Creative Commons Attribution,,/tmp/phi1/dataset/001271.npy
1272,train,clean_music,,,71246,Attribution-ShareAlike 3.0 International,,/tmp/phi1/dataset/001272.npy
1273,train,clean_music,,,21995,Public Domain,,/tmp/phi1/dataset/001273.npy
1274,train,clean_music,,,149690,Attribution,,/tmp/phi1/dataset/001274.npy
1275,train,clean_music,,,15475,Attribution 3.0 United States,,/tmp/phi1/dataset/001275.npy
1276,train,clean_music,,,115815,Attribution,,/tmp/phi1/dataset/001276.npy
1277,train,clean_music,,,133433,CC0 1.0 Universal,,/tmp/phi1/dataset/001277.npy
1278,train,clean_music,,,88869,Attribution 3.0 United States,,/tmp/phi1/dataset/001278.npy
1279,train,clean_music,,,51112,Creative Commons Attribution,,/tmp/phi1/dataset/001279.npy
1280,train,clean_music,,,47077,Creative Commons Attribution,,/tmp/phi1/dataset/001280.npy
1281,train,clean_music,,,127936,Attribution,,/tmp/phi1/dataset/001281.npy
1282,train,clean_music,,,98227,Attribution-ShareAlike,,/tmp/phi1/dataset/001282.npy
1283,train,clean_music,,,123971,Attribution,,/tmp/phi1/dataset/001283.npy
1284,train,clean_music,,,127303,Attribution,,/tmp/phi1/dataset/001284.npy
1285,train,clean_music,,,75417,Creative Commons Attribution,,/tmp/phi1/dataset/001285.npy
1286,train,clean_music,,,135342,Attribution,,/tmp/phi1/dataset/001286.npy
1287,train,clean_music,,,38780,Attribution-Share Alike 3.0 United States,,/tmp/phi1/dataset/001287.npy
1288,train,clean_music,,,7490,Attribution 3.0 United States,,/tmp/phi1/dataset/001288.npy
1289,train,clean_music,,,112788,Attribution-ShareAlike,,/tmp/phi1/dataset/001289.npy
1290,train,clean_music,,,91158,Creative Commons Attribution,,/tmp/phi1/dataset/001290.npy
1291,train,clean_music,,,142087,Attribution,,/tmp/phi1/dataset/001291.npy
1292,train,clean_music,,,62452,Attribution-ShareAlike 3.0 International,,/tmp/phi1/dataset/001292.npy
1293,train,clean_music,,,52649,Attribution 3.0 United States,,/tmp/phi1/dataset/001293.npy
1294,train,clean_music,,,75379,Creative Commons Attribution,,/tmp/phi1/dataset/001294.npy
1295,train,clean_music,,,135368,Attribution,,/tmp/phi1/dataset/001295.npy
1296,train,clean_music,,,38884,Public Domain,,/tmp/phi1/dataset/001296.npy
1297,train,clean_music,,,139681,Attribution-ShareAlike,,/tmp/phi1/dataset/001297.npy
1298,train,clean_music,,,134455,CC0 1.0 Universal,,/tmp/phi1/dataset/001298.npy
1299,train,clean_music,,,98582,Attribution,,/tmp/phi1/dataset/001299.npy
1300,train,clean_music,,,122083,Attribution-ShareAlike,,/tmp/phi1/dataset/001300.npy
1301,train,clean_music,,,110259,Attribution,,/tmp/phi1/dataset/001301.npy
1302,train,clean_music,,,88856,Attribution 3.0 United States,,/tmp/phi1/dataset/001302.npy
1303,train,clean_music,,,58540,Attribution-ShareAlike 3.0 International,,/tmp/phi1/dataset/001303.npy
1304,train,clean_music,,,30636,Attribution 3.0 United States,,/tmp/phi1/dataset/001304.npy
1305,train,clean_music,,,128709,Attribution,,/tmp/phi1/dataset/001305.npy
1306,train,clean_music,,,115765,CC0 1.0 Universal,,/tmp/phi1/dataset/001306.npy
1307,train,clean_music,,,121316,Attribution,,/tmp/phi1/dataset/001307.npy
1308,train,clean_music,,,133433,CC0 1.0 Universal,,/tmp/phi1/dataset/001308.npy
1309,train,clean_music,,,130134,Attribution,,/tmp/phi1/dataset/001309.npy
1310,train,clean_music,,,123490,Attribution,,/tmp/phi1/dataset/001310.npy
1311,train,clean_music,,,4076,Attribution,,/tmp/phi1/dataset/001311.npy
1312,train,clean_music,,,114415,Attribution,,/tmp/phi1/dataset/001312.npy
1313,train,clean_music,,,93920,Attribution-ShareAlike 3.0 International,,/tmp/phi1/dataset/001313.npy
1314,train,clean_music,,,134929,Attribution,,/tmp/phi1/dataset/001314.npy
1315,train,clean_music,,,47068,Creative Commons Attribution,,/tmp/phi1/dataset/001315.npy
1316,train,clean_music,,,127265,Attribution,,/tmp/phi1/dataset/001316.npy
1317,train,clean_music,,,64854,Creative Commons Attribution,,/tmp/phi1/dataset/001317.npy
1318,train,clean_music,,,10698,Creative Commons Attribution,,/tmp/phi1/dataset/001318.npy
1319,train,clean_music,,,38822,Attribution-Share Alike 3.0 United States,,/tmp/phi1/dataset/001319.npy
1320,train,clean_music,,,137171,Attribution-ShareAlike,,/tmp/phi1/dataset/001320.npy
1321,train,clean_music,,,129972,Attribution,,/tmp/phi1/dataset/001321.npy
1322,train,clean_music,,,75425,Creative Commons Attribution,,/tmp/phi1/dataset/001322.npy
1323,train,clean_music,,,142093,Attribution,,/tmp/phi1/dataset/001323.npy
1324,train,clean_music,,,61172,Attribution-ShareAlike 3.0 International,,/tmp/phi1/dataset/001324.npy
1325,train,clean_music,,,129973,Attribution,,/tmp/phi1/dataset/001325.npy
1326,train,clean_music,,,124392,Attribution-ShareAlike,,/tmp/phi1/dataset/001326.npy
1327,train,clean_music,,,42045,Attribution-ShareAlike 3.0 International,,/tmp/phi1/dataset/001327.npy
1328,train,clean_music,,,134938,Attribution,,/tmp/phi1/dataset/001328.npy
1329,train,clean_music,,,42045,Attribution-ShareAlike 3.0 International,,/tmp/phi1/dataset/001329.npy
1330,train,clean_music,,,114392,Attribution,,/tmp/phi1/dataset/001330.npy
1331,train,clean_music,,,149700,Attribution-ShareAlike,,/tmp/phi1/dataset/001331.npy
1332,train,clean_music,,,83719,Attribution-ShareAlike,,/tmp/phi1/dataset/001332.npy
1333,train,clean_music,,,61493,Creative Commons Attribution,,/tmp/phi1/dataset/001333.npy
1334,train,clean_music,,,64331,Creative Commons Attribution,,/tmp/phi1/dataset/001334.npy
1335,train,clean_music,,,72074,Attribution,,/tmp/phi1/dataset/001335.npy
1336,train,clean_music,,,38890,Public Domain,,/tmp/phi1/dataset/001336.npy
1337,train,clean_music,,,142085,Attribution,,/tmp/phi1/dataset/001337.npy
1338,train,clean_music,,,148235,Attribution,,/tmp/phi1/dataset/001338.npy
1339,train,clean_music,,,73821,Attribution-ShareAlike 3.0 International,,/tmp/phi1/dataset/001339.npy
1340,train,clean_music,,,58542,Attribution-ShareAlike 3.0 International,,/tmp/phi1/dataset/001340.npy
1341,train,clean_music,,,73776,Attribution-ShareAlike 3.0 International,,/tmp/phi1/dataset/001341.npy
1342,train,clean_music,,,63789,Attribution-ShareAlike,,/tmp/phi1/dataset/001342.npy
1343,train,clean_music,,,89817,Creative Commons Attribution,,/tmp/phi1/dataset/001343.npy
1344,train,clean_music,,,123980,Attribution,,/tmp/phi1/dataset/001344.npy
1345,train,clean_music,,,146020,Attribution,,/tmp/phi1/dataset/001345.npy
1346,train,clean_music,,,146019,Attribution,,/tmp/phi1/dataset/001346.npy
1347,train,clean_music,,,38817,Attribution-Share Alike 3.0 United States,,/tmp/phi1/dataset/001347.npy
1348,train,clean_music,,,92886,Attribution-ShareAlike 3.0 International,,/tmp/phi1/dataset/001348.npy
1349,train,clean_music,,,75748,Creative Commons Attribution,,/tmp/phi1/dataset/001349.npy
1350,train,clean_music,,,122362,Attribution,,/tmp/phi1/dataset/001350.npy
1351,train,clean_music,,,155066,Attribution,,/tmp/phi1/dataset/001351.npy
1352,train,clean_music,,,134445,CC0 1.0 Universal,,/tmp/phi1/dataset/001352.npy
1353,train,clean_music,,,114402,Attribution,,/tmp/phi1/dataset/001353.npy
1354,train,clean_music,,,75371,Creative Commons Attribution,,/tmp/phi1/dataset/001354.npy
1355,train,clean_music,,,124912,Attribution-ShareAlike,,/tmp/phi1/dataset/001355.npy
1356,train,clean_music,,,143239,CC0 1.0 Universal,,/tmp/phi1/dataset/001356.npy
1357,train,clean_music,,,134931,Attribution,,/tmp/phi1/dataset/001357.npy
1358,train,clean_music,,,98227,Attribution-ShareAlike,,/tmp/phi1/dataset/001358.npy
1359,train,clean_music,,,127191,Attribution-ShareAlike,,/tmp/phi1/dataset/001359.npy
1360,train,clean_music,,,134934,Attribution,,/tmp/phi1/dataset/001360.npy
1361,train,clean_music,,,122365,Attribution,,/tmp/phi1/dataset/001361.npy
1362,train,clean_music,,,147412,Attribution,,/tmp/phi1/dataset/001362.npy
1363,train,clean_music,,,149778,Attribution,,/tmp/phi1/dataset/001363.npy
1364,train,clean_music,,,149452,Attribution,,/tmp/phi1/dataset/001364.npy
1365,train,clean_music,,,64864,Creative Commons Attribution,,/tmp/phi1/dataset/001365.npy
1366,train,clean_music,,,114545,Attribution,,/tmp/phi1/dataset/001366.npy
1367,train,clean_music,,,124154,Attribution,,/tmp/phi1/dataset/001367.npy
1368,train,clean_music,,,55481,Attribution-ShareAlike 3.0 International,,/tmp/phi1/dataset/001368.npy
1369,train,clean_music,,,124913,Attribution-ShareAlike,,/tmp/phi1/dataset/001369.npy
1370,train,clean_music,,,103600,Attribution-ShareAlike,,/tmp/phi1/dataset/001370.npy
1371,train,clean_music,,,135338,Attribution,,/tmp/phi1/dataset/001371.npy
1372,train,clean_music,,,126646,Attribution,,/tmp/phi1/dataset/001372.npy
1373,train,clean_music,,,126608,Attribution-ShareAlike,,/tmp/phi1/dataset/001373.npy
1374,train,clean_music,,,135371,Attribution,,/tmp/phi1/dataset/001374.npy
1375,train,clean_music,,,141876,Attribution,,/tmp/phi1/dataset/001375.npy
1376,train,clean_music,,,126224,Attribution-ShareAlike,,/tmp/phi1/dataset/001376.npy
1377,train,clean_music,,,13556,Attribution-ShareAlike 3.0 International,,/tmp/phi1/dataset/001377.npy
1378,train,clean_music,,,124394,Attribution-ShareAlike,,/tmp/phi1/dataset/001378.npy
1379,train,clean_music,,,62448,Attribution-ShareAlike 3.0 International,,/tmp/phi1/dataset/001379.npy
1380,train,clean_music,,,98557,Attribution,,/tmp/phi1/dataset/001380.npy
1381,train,clean_music,,,113810,Attribution-ShareAlike,,/tmp/phi1/dataset/001381.npy
1382,train,clean_music,,,98581,Attribution,,/tmp/phi1/dataset/001382.npy
1383,train,clean_music,,,98577,Attribution,,/tmp/phi1/dataset/001383.npy
1384,train,clean_music,,,28546,Creative Commons Attribution,,/tmp/phi1/dataset/001384.npy
1385,train,clean_music,,,124183,Attribution,,/tmp/phi1/dataset/001385.npy
1386,train,clean_music,,,126221,Attribution-ShareAlike,,/tmp/phi1/dataset/001386.npy
1387,train,clean_music,,,30056,Attribution-ShareAlike,,/tmp/phi1/dataset/001387.npy
1388,train,clean_music,,,134931,Attribution,,/tmp/phi1/dataset/001388.npy
1389,train,clean_music,,,24418,Creative Commons Attribution,,/tmp/phi1/dataset/001389.npy
1390,train,clean_music,,,124178,Attribution,,/tmp/phi1/dataset/001390.npy
1391,train,clean_music,,,38888,Public Domain,,/tmp/phi1/dataset/001391.npy
1392,train,clean_music,,,107583,Attribution,,/tmp/phi1/dataset/001392.npy
1393,train,clean_music,,,134453,CC0 1.0 Universal,,/tmp/phi1/dataset/001393.npy
1394,train,clean_music,,,65752,Attribution-ShareAlike 3.0 International,,/tmp/phi1/dataset/001394.npy
1395,train,clean_music,,,127302,Attribution,,/tmp/phi1/dataset/001395.npy
1396,train,clean_music,,,118196,Attribution,,/tmp/phi1/dataset/001396.npy
1397,train,clean_music,,,68538,Creative Commons Attribution,,/tmp/phi1/dataset/001397.npy
1398,train,clean_music,,,78213,Attribution 3.0 United States,,/tmp/phi1/dataset/001398.npy
1399,train,clean_music,,,21998,Public Domain,,/tmp/phi1/dataset/001399.npy
1400,train,clean_music,,,68842,Attribution 3.0 United States,,/tmp/phi1/dataset/001400.npy
1401,train,clean_music,,,24917,Attribution 3.0 United States,,/tmp/phi1/dataset/001401.npy
1402,train,clean_music,,,122085,Attribution-ShareAlike,,/tmp/phi1/dataset/001402.npy
1403,train,clean_music,,,137174,Attribution-ShareAlike,,/tmp/phi1/dataset/001403.npy
1404,train,clean_music,,,107809,Attribution,,/tmp/phi1/dataset/001404.npy
1405,train,clean_music,,,10699,Creative Commons Attribution,,/tmp/phi1/dataset/001405.npy
1406,train,clean_music,,,52636,Attribution 3.0 United States,,/tmp/phi1/dataset/001406.npy
1407,train,clean_music,,,148208,Attribution,,/tmp/phi1/dataset/001407.npy
1408,train,clean_music,,,47077,Creative Commons Attribution,,/tmp/phi1/dataset/001408.npy
1409,train,clean_music,,,47069,Creative Commons Attribution,,/tmp/phi1/dataset/001409.npy
1410,train,clean_music,,,114400,Attribution,,/tmp/phi1/dataset/001410.npy
1411,train,clean_music,,,98549,Attribution,,/tmp/phi1/dataset/001411.npy
1412,train,clean_music,,,114412,Attribution,,/tmp/phi1/dataset/001412.npy
1413,train,clean_music,,,126055,Attribution-ShareAlike,,/tmp/phi1/dataset/001413.npy
1414,train,clean_music,,,38780,Attribution-Share Alike 3.0 United States,,/tmp/phi1/dataset/001414.npy
1415,train,clean_music,,,133442,CC0 1.0 Universal,,/tmp/phi1/dataset/001415.npy
1416,train,clean_music,,,92886,Attribution-ShareAlike 3.0 International,,/tmp/phi1/dataset/001416.npy
1417,train,clean_music,,,4078,Attribution,,/tmp/phi1/dataset/001417.npy
1418,train,clean_music,,,58333,Attribution-ShareAlike 3.0 International,,/tmp/phi1/dataset/001418.npy
1419,train,clean_music,,,115339,Attribution,,/tmp/phi1/dataset/001419.npy
1420,train,clean_music,,,62452,Attribution-ShareAlike 3.0 International,,/tmp/phi1/dataset/001420.npy
1421,train,clean_music,,,55186,Attribution-ShareAlike 3.0 International,,/tmp/phi1/dataset/001421.npy
1422,train,clean_music,,,42375,Creative Commons Attribution,,/tmp/phi1/dataset/001422.npy
1423,train,clean_music,,,42372,Creative Commons Attribution,,/tmp/phi1/dataset/001423.npy
1424,train,clean_music,,,64520,Attribution-ShareAlike 3.0 International,,/tmp/phi1/dataset/001424.npy
1425,train,clean_music,,,98555,Attribution,,/tmp/phi1/dataset/001425.npy
1426,train,clean_music,,,42374,Creative Commons Attribution,,/tmp/phi1/dataset/001426.npy
1427,train,clean_music,,,64520,Attribution-ShareAlike 3.0 International,,/tmp/phi1/dataset/001427.npy
1428,train,clean_music,,,137567,Attribution-ShareAlike,,/tmp/phi1/dataset/001428.npy
1429,train,clean_music,,,52650,Attribution 3.0 United States,,/tmp/phi1/dataset/001429.npy
1430,train,clean_music,,,135370,Attribution,,/tmp/phi1/dataset/001430.npy
1431,train,clean_music,,,71507,Creative Commons Attribution,,/tmp/phi1/dataset/001431.npy
1432,train,clean_music,,,22094,Attribution-ShareAlike 3.0 International,,/tmp/phi1/dataset/001432.npy
1433,train,clean_music,,,141876,Attribution,,/tmp/phi1/dataset/001433.npy
1434,train,clean_music,,,52633,Attribution 3.0 United States,,/tmp/phi1/dataset/001434.npy
1435,train,clean_music,,,141567,Attribution,,/tmp/phi1/dataset/001435.npy
1436,train,clean_music,,,42376,Creative Commons Attribution,,/tmp/phi1/dataset/001436.npy
1437,train,clean_music,,,114416,Attribution,,/tmp/phi1/dataset/001437.npy
1438,train,clean_music,,,47070,Creative Commons Attribution,,/tmp/phi1/dataset/001438.npy
1439,train,clean_music,,,98227,Attribution-ShareAlike,,/tmp/phi1/dataset/001439.npy
1440,train,clean_music,,,139687,Attribution-ShareAlike,,/tmp/phi1/dataset/001440.npy
1441,train,clean_music,,,112668,Attribution-ShareAlike,,/tmp/phi1/dataset/001441.npy
1442,train,clean_music,,,108422,Attribution,,/tmp/phi1/dataset/001442.npy
1443,train,clean_music,,,68840,Attribution 3.0 United States,,/tmp/phi1/dataset/001443.npy
1444,train,clean_music,,,47073,Creative Commons Attribution,,/tmp/phi1/dataset/001444.npy
1445,train,clean_music,,,107031,Attribution-ShareAlike,,/tmp/phi1/dataset/001445.npy
1446,train,clean_music,,,142091,Attribution,,/tmp/phi1/dataset/001446.npy
1447,train,clean_music,,,121322,Attribution,,/tmp/phi1/dataset/001447.npy
1448,train,clean_music,,,112198,Attribution,,/tmp/phi1/dataset/001448.npy
1449,train,clean_music,,,118276,Attribution,,/tmp/phi1/dataset/001449.npy
1450,train,clean_music,,,42377,Creative Commons Attribution,,/tmp/phi1/dataset/001450.npy
1451,train,clean_music,,,113574,Attribution-ShareAlike,,/tmp/phi1/dataset/001451.npy
1452,train,clean_music,,,72074,Attribution,,/tmp/phi1/dataset/001452.npy
1453,train,clean_music,,,85787,Attribution-ShareAlike 3.0 International,,/tmp/phi1/dataset/001453.npy
1454,train,clean_music,,,134930,Attribution,,/tmp/phi1/dataset/001454.npy
1455,train,clean_music,,,127194,Attribution-ShareAlike,,/tmp/phi1/dataset/001455.npy
1456,train,clean_music,,,30702,Creative Commons Attribution,,/tmp/phi1/dataset/001456.npy
1457,train,clean_music,,,43883,Attribution-ShareAlike 3.0 International,,/tmp/phi1/dataset/001457.npy
1458,train,clean_music,,,115815,Attribution,,/tmp/phi1/dataset/001458.npy
1459,train,clean_music,,,75383,Creative Commons Attribution,,/tmp/phi1/dataset/001459.npy
1460,train,clean_music,,,52633,Attribution 3.0 United States,,/tmp/phi1/dataset/001460.npy
1461,train,clean_music,,,115591,Attribution,,/tmp/phi1/dataset/001461.npy
1462,train,clean_music,,,114390,Attribution,,/tmp/phi1/dataset/001462.npy
1463,train,clean_music,,,98575,Attribution,,/tmp/phi1/dataset/001463.npy
1464,train,clean_music,,,119941,Attribution-ShareAlike,,/tmp/phi1/dataset/001464.npy
1465,train,clean_music,,,142433,CC0 1.0 Universal,,/tmp/phi1/dataset/001465.npy
1466,train,clean_music,,,75389,Creative Commons Attribution,,/tmp/phi1/dataset/001466.npy
1467,train,clean_music,,,38898,Public Domain,,/tmp/phi1/dataset/001467.npy
1468,train,clean_music,,,15771,Attribution 3.0 United States,,/tmp/phi1/dataset/001468.npy
1469,train,clean_music,,,132134,Attribution,,/tmp/phi1/dataset/001469.npy
1470,train,clean_music,,,127191,Attribution-ShareAlike,,/tmp/phi1/dataset/001470.npy
1471,train,clean_music,,,141618,Attribution,,/tmp/phi1/dataset/001471.npy
1472,train,clean_music,,,118223,Attribution,,/tmp/phi1/dataset/001472.npy
1473,train,clean_music,,,148215,Attribution,,/tmp/phi1/dataset/001473.npy
1474,train,clean_music,,,110267,Attribution,,/tmp/phi1/dataset/001474.npy
1475,train,clean_music,,,23371,Attribution 3.0 United States,,/tmp/phi1/dataset/001475.npy
1476,train,clean_music,,,154307,Attribution,,/tmp/phi1/dataset/001476.npy
1477,train,clean_music,,,72076,Attribution,,/tmp/phi1/dataset/001477.npy
1478,train,clean_music,,,64863,Creative Commons Attribution,,/tmp/phi1/dataset/001478.npy
1479,train,clean_music,,,92889,Attribution-ShareAlike 3.0 International,,/tmp/phi1/dataset/001479.npy
1480,train,clean_music,,,72070,Attribution,,/tmp/phi1/dataset/001480.npy
1481,train,clean_music,,,122066,Attribution-ShareAlike,,/tmp/phi1/dataset/001481.npy
1482,train,clean_music,,,42373,Creative Commons Attribution,,/tmp/phi1/dataset/001482.npy
1483,train,clean_music,,,110266,Attribution,,/tmp/phi1/dataset/001483.npy
1484,train,clean_music,,,106566,Attribution-ShareAlike,,/tmp/phi1/dataset/001484.npy
1485,train,clean_music,,,126584,Attribution-ShareAlike,,/tmp/phi1/dataset/001485.npy
1486,train,clean_music,,,23371,Attribution 3.0 United States,,/tmp/phi1/dataset/001486.npy
1487,train,clean_music,,,75751,Creative Commons Attribution,,/tmp/phi1/dataset/001487.npy
1488,train,clean_music,,,24424,Creative Commons Attribution,,/tmp/phi1/dataset/001488.npy
1489,train,clean_music,,,142083,Attribution,,/tmp/phi1/dataset/001489.npy
1490,train,clean_music,,,64859,Creative Commons Attribution,,/tmp/phi1/dataset/001490.npy
1491,train,clean_music,,,118084,Attribution,,/tmp/phi1/dataset/001491.npy
1492,train,clean_music,,,38833,Attribution-Share Alike 3.0 United States,,/tmp/phi1/dataset/001492.npy
1493,train,clean_music,,,71254,Attribution-ShareAlike 3.0 International,,/tmp/phi1/dataset/001493.npy
1494,train,clean_music,,,112780,Attribution-ShareAlike,,/tmp/phi1/dataset/001494.npy
1495,train,clean_music,,,58334,Attribution-ShareAlike 3.0 International,,/tmp/phi1/dataset/001495.npy
1496,train,clean_music,,,47077,Creative Commons Attribution,,/tmp/phi1/dataset/001496.npy
1497,train,clean_music,,,106571,Attribution-ShareAlike,,/tmp/phi1/dataset/001497.npy
1498,train,clean_music,,,52649,Attribution 3.0 United States,,/tmp/phi1/dataset/001498.npy
1499,train,clean_music,,,122358,Attribution,,/tmp/phi1/dataset/001499.npy
1500,train,clean_music,,,127191,Attribution-ShareAlike,,/tmp/phi1/dataset/001500.npy
1501,train,clean_music,,,64857,Creative Commons Attribution,,/tmp/phi1/dataset/001501.npy
1502,train,clean_music,,,92872,Attribution-ShareAlike 3.0 International,,/tmp/phi1/dataset/001502.npy
1503,train,clean_music,,,63755,Attribution-ShareAlike,,/tmp/phi1/dataset/001503.npy
1504,train,clean_music,,,93915,Attribution-ShareAlike 3.0 International,,/tmp/phi1/dataset/001504.npy
1505,train,clean_music,,,147956,Attribution,,/tmp/phi1/dataset/001505.npy
1506,train,clean_music,,,124394,Attribution-ShareAlike,,/tmp/phi1/dataset/001506.npy
1507,train,clean_music,,,149488,Attribution,,/tmp/phi1/dataset/001507.npy
1508,train,clean_music,,,61007,Creative Commons Attribution,,/tmp/phi1/dataset/001508.npy
1509,train,clean_music,,,143060,Attribution,,/tmp/phi1/dataset/001509.npy
1510,train,clean_music,,,114397,Attribution,,/tmp/phi1/dataset/001510.npy
1511,train,clean_music,,,140266,CC0 1.0 Universal,,/tmp/phi1/dataset/001511.npy
1512,train,clean_music,,,4072,Attribution,,/tmp/phi1/dataset/001512.npy
1513,train,clean_music,,,62448,Attribution-ShareAlike 3.0 International,,/tmp/phi1/dataset/001513.npy
1514,train,clean_music,,,141875,Attribution,,/tmp/phi1/dataset/001514.npy
1515,train,clean_music,,,123494,Attribution,,/tmp/phi1/dataset/001515.npy
1516,train,clean_music,,,123964,Attribution,,/tmp/phi1/dataset/001516.npy
1517,train,clean_music,,,38827,Attribution-Share Alike 3.0 United States,,/tmp/phi1/dataset/001517.npy
1518,train,clean_music,,,147780,Attribution,,/tmp/phi1/dataset/001518.npy
1519,train,clean_music,,,106568,Attribution-ShareAlike,,/tmp/phi1/dataset/001519.npy
1520,train,clean_music,,,75747,Creative Commons Attribution,,/tmp/phi1/dataset/001520.npy
1521,train,clean_music,,,107594,Attribution,,/tmp/phi1/dataset/001521.npy
1522,train,clean_music,,,89816,Creative Commons Attribution,,/tmp/phi1/dataset/001522.npy
1523,train,clean_music,,,99261,Attribution-ShareAlike,,/tmp/phi1/dataset/001523.npy
1524,train,clean_music,,,141297,Attribution-ShareAlike,,/tmp/phi1/dataset/001524.npy
1525,train,clean_music,,,61453,Attribution-ShareAlike 3.0 International,,/tmp/phi1/dataset/001525.npy
1526,train,clean_music,,,141292,Attribution-ShareAlike,,/tmp/phi1/dataset/001526.npy
1527,train,clean_music,,,38888,Public Domain,,/tmp/phi1/dataset/001527.npy
1528,train,clean_music,,,149416,Attribution,,/tmp/phi1/dataset/001528.npy
1529,train,clean_music,,,104277,Attribution-ShareAlike,,/tmp/phi1/dataset/001529.npy
1530,train,clean_music,,,107429,Attribution,,/tmp/phi1/dataset/001530.npy
1531,train,clean_music,,,115767,Attribution,,/tmp/phi1/dataset/001531.npy
1532,train,clean_music,,,113574,Attribution-ShareAlike,,/tmp/phi1/dataset/001532.npy
1533,train,clean_music,,,7488,Attribution 3.0 United States,,/tmp/phi1/dataset/001533.npy
1534,train,clean_music,,,122357,Attribution,,/tmp/phi1/dataset/001534.npy
1535,train,clean_music,,,38819,Attribution-Share Alike 3.0 United States,,/tmp/phi1/dataset/001535.npy
1536,train,clean_music,,,46159,Attribution-ShareAlike 3.0 International,,/tmp/phi1/dataset/001536.npy
1537,train,clean_music,,,38783,Attribution-Share Alike 3.0 United States,,/tmp/phi1/dataset/001537.npy
1538,train,clean_music,,,145653,Attribution-ShareAlike,,/tmp/phi1/dataset/001538.npy
1539,train,clean_music,,,72076,Attribution,,/tmp/phi1/dataset/001539.npy
1540,train,clean_music,,,42372,Creative Commons Attribution,,/tmp/phi1/dataset/001540.npy
1541,train,clean_music,,,123970,Attribution,,/tmp/phi1/dataset/001541.npy
1542,train,clean_music,,,82237,Attribution-ShareAlike 3.0 International,,/tmp/phi1/dataset/001542.npy
1543,train,clean_music,,,115125,Attribution,,/tmp/phi1/dataset/001543.npy
1544,train,clean_music,,,93522,Creative Commons Attribution,,/tmp/phi1/dataset/001544.npy
1545,train,clean_music,,,113277,Attribution-ShareAlike 3.0 International,,/tmp/phi1/dataset/001545.npy
1546,train,clean_music,,,61013,Creative Commons Attribution,,/tmp/phi1/dataset/001546.npy
1547,train,clean_music,,,98581,Attribution,,/tmp/phi1/dataset/001547.npy
1548,train,clean_music,,,75748,Creative Commons Attribution,,/tmp/phi1/dataset/001548.npy
1549,train,clean_music,,,38899,Public Domain,,/tmp/phi1/dataset/001549.npy
1550,train,clean_music,,,112317,Attribution,,/tmp/phi1/dataset/001550.npy
1551,train,clean_music,,,75376,Creative Commons Attribution,,/tmp/phi1/dataset/001551.npy
1552,train,clean_music,,,116879,Attribution,,/tmp/phi1/dataset/001552.npy
1553,train,clean_music,,,114403,Attribution,,/tmp/phi1/dataset/001553.npy
1554,train,clean_music,,,140421,Attribution-ShareAlike,,/tmp/phi1/dataset/001554.npy
1555,train,clean_music,,,127936,Attribution,,/tmp/phi1/dataset/001555.npy
1556,train,clean_music,,,135371,Attribution,,/tmp/phi1/dataset/001556.npy
1557,train,clean_music,,,144454,CC0 1.0 Universal,,/tmp/phi1/dataset/001557.npy
1558,train,clean_music,,,141874,Attribution,,/tmp/phi1/dataset/001558.npy
1559,train,clean_music,,,98550,Attribution,,/tmp/phi1/dataset/001559.npy
1560,train,clean_music,,,149185,Attribution,,/tmp/phi1/dataset/001560.npy
1561,train,clean_music,,,114410,Attribution,,/tmp/phi1/dataset/001561.npy
1562,train,clean_music,,,64522,Attribution-ShareAlike 3.0 International,,/tmp/phi1/dataset/001562.npy
1563,train,clean_music,,,132420,Attribution,,/tmp/phi1/dataset/001563.npy
1564,train,clean_music,,,114410,Attribution,,/tmp/phi1/dataset/001564.npy
1565,train,clean_music,,,106571,Attribution-ShareAlike,,/tmp/phi1/dataset/001565.npy
1566,train,clean_music,,,126294,Attribution,,/tmp/phi1/dataset/001566.npy
1567,train,clean_music,,,82237,Attribution-ShareAlike 3.0 International,,/tmp/phi1/dataset/001567.npy
1568,train,clean_music,,,75419,Creative Commons Attribution,,/tmp/phi1/dataset/001568.npy
1569,train,clean_music,,,114222,Attribution,,/tmp/phi1/dataset/001569.npy
1570,train,clean_music,,,50836,Attribution-ShareAlike 3.0 International,,/tmp/phi1/dataset/001570.npy
1571,train,clean_music,,,141285,Attribution-ShareAlike,,/tmp/phi1/dataset/001571.npy
1572,train,clean_music,,,82237,Attribution-ShareAlike 3.0 International,,/tmp/phi1/dataset/001572.npy
1573,train,clean_music,,,149690,Attribution,,/tmp/phi1/dataset/001573.npy
1574,train,clean_music,,,55120,Attribution-ShareAlike 3.0 International,,/tmp/phi1/dataset/001574.npy
1575,train,clean_music,,,6776,Attribution,,/tmp/phi1/dataset/001575.npy
1576,train,clean_music,,,113453,Attribution-ShareAlike,,/tmp/phi1/dataset/001576.npy
1577,train,clean_music,,,122084,Attribution-ShareAlike,,/tmp/phi1/dataset/001577.npy
1578,train,clean_music,,,91619,Creative Commons Attribution,,/tmp/phi1/dataset/001578.npy
1579,train,clean_music,,,75376,Creative Commons Attribution,,/tmp/phi1/dataset/001579.npy
1580,train,clean_music,,,149689,Attribution,,/tmp/phi1/dataset/001580.npy
1581,train,clean_music,,,4074,Attribution,,/tmp/phi1/dataset/001581.npy
1582,train,clean_music,,,51006,Creative Commons Attribution,,/tmp/phi1/dataset/001582.npy
1583,train,clean_music,,,50752,Attribution-ShareAlike 3.0 International,,/tmp/phi1/dataset/001583.npy
1584,train,clean_music,,,106563,Attribution-ShareAlike,,/tmp/phi1/dataset/001584.npy
1585,train,clean_music,,,132310,Attribution,,/tmp/phi1/dataset/001585.npy
1586,train,clean_music,,,92889,Attribution-ShareAlike 3.0 International,,/tmp/phi1/dataset/001586.npy
1587,train,clean_music,,,22093,Attribution-Share Alike 3.0 United States,,/tmp/phi1/dataset/001587.npy
1588,train,clean_music,,,7481,Attribution 3.0 United States,,/tmp/phi1/dataset/001588.npy
1589,train,clean_music,,,38887,Public Domain,,/tmp/phi1/dataset/001589.npy
1590,train,clean_music,,,142087,Attribution,,/tmp/phi1/dataset/001590.npy
1591,train,clean_music,,,38820,Attribution-Share Alike 3.0 United States,,/tmp/phi1/dataset/001591.npy
1592,train,clean_music,,,108420,Attribution,,/tmp/phi1/dataset/001592.npy
1593,train,clean_music,,,118489,Attribution,,/tmp/phi1/dataset/001593.npy
1594,train,clean_music,,,114274,Attribution,,/tmp/phi1/dataset/001594.npy
1595,train,clean_music,,,22472,Attribution 3.0 United States,,/tmp/phi1/dataset/001595.npy
1596,train,clean_music,,,124912,Attribution-ShareAlike,,/tmp/phi1/dataset/001596.npy
1597,train,clean_music,,,38893,Public Domain,,/tmp/phi1/dataset/001597.npy
1598,train,clean_music,,,127263,Attribution,,/tmp/phi1/dataset/001598.npy
1599,train,clean_music,,,64516,Attribution-ShareAlike 3.0 International,,/tmp/phi1/dataset/001599.npy
1600,train,clean_music,,,82231,Attribution-ShareAlike 3.0 International,,/tmp/phi1/dataset/001600.npy
1601,train,clean_music,,,73776,Attribution-ShareAlike 3.0 International,,/tmp/phi1/dataset/001601.npy
1602,train,clean_music,,,113110,Attribution,,/tmp/phi1/dataset/001602.npy
1603,train,clean_music,,,47072,Creative Commons Attribution,,/tmp/phi1/dataset/001603.npy
1604,train,clean_music,,,61884,Attribution-ShareAlike,,/tmp/phi1/dataset/001604.npy
1605,train,clean_music,,,107571,Attribution,,/tmp/phi1/dataset/001605.npy
1606,train,clean_music,,,88876,Attribution 3.0 United States,,/tmp/phi1/dataset/001606.npy
1607,train,clean_music,,,58542,Attribution-ShareAlike 3.0 International,,/tmp/phi1/dataset/001607.npy
1608,train,clean_music,,,88869,Attribution 3.0 United States,,/tmp/phi1/dataset/001608.npy
1609,train,clean_music,,,149185,Attribution,,/tmp/phi1/dataset/001609.npy
1610,train,clean_music,,,118195,Attribution,,/tmp/phi1/dataset/001610.npy
1611,train,clean_music,,,141562,Attribution,,/tmp/phi1/dataset/001611.npy
1612,train,clean_music,,,38818,Attribution-Share Alike 3.0 United States,,/tmp/phi1/dataset/001612.npy
1613,train,clean_music,,,61011,Creative Commons Attribution,,/tmp/phi1/dataset/001613.npy
1614,train,clean_music,,,141902,Attribution-ShareAlike,,/tmp/phi1/dataset/001614.npy
1615,train,clean_music,,,116882,Attribution,,/tmp/phi1/dataset/001615.npy
1616,train,clean_music,,,112785,Attribution-ShareAlike,,/tmp/phi1/dataset/001616.npy
1617,train,clean_music,,,38818,Attribution-Share Alike 3.0 United States,,/tmp/phi1/dataset/001617.npy
1618,train,clean_music,,,75211,Attribution-ShareAlike 3.0 International,,/tmp/phi1/dataset/001618.npy
1619,train,clean_music,,,113453,Attribution-ShareAlike,,/tmp/phi1/dataset/001619.npy
1620,train,clean_music,,,71506,Creative Commons Attribution,,/tmp/phi1/dataset/001620.npy
1621,train,clean_music,,,127296,Attribution,,/tmp/phi1/dataset/001621.npy
1622,train,clean_music,,,118618,Attribution,,/tmp/phi1/dataset/001622.npy
1623,train,clean_music,,,148190,Attribution,,/tmp/phi1/dataset/001623.npy
1624,train,clean_music,,,72067,Attribution,,/tmp/phi1/dataset/001624.npy
1625,train,clean_music,,,133838,Attribution,,/tmp/phi1/dataset/001625.npy
1626,train,clean_music,,,78213,Attribution 3.0 United States,,/tmp/phi1/dataset/001626.npy
1627,train,clean_music,,,144801,CC0 1.0 Universal,,/tmp/phi1/dataset/001627.npy
1628,train,clean_music,,,124918,Attribution-ShareAlike,,/tmp/phi1/dataset/001628.npy
1629,train,clean_music,,,149488,Attribution,,/tmp/phi1/dataset/001629.npy
1630,train,clean_music,,,75393,Creative Commons Attribution,,/tmp/phi1/dataset/001630.npy
1631,train,clean_music,,,72076,Attribution,,/tmp/phi1/dataset/001631.npy
1632,train,clean_music,,,4080,Attribution,,/tmp/phi1/dataset/001632.npy
1633,train,clean_music,,,137173,Attribution-ShareAlike,,/tmp/phi1/dataset/001633.npy
1634,train,clean_music,,,106567,Attribution-ShareAlike,,/tmp/phi1/dataset/001634.npy
1635,train,clean_music,,,38776,Attribution-Share Alike 3.0 United States,,/tmp/phi1/dataset/001635.npy
1636,train,clean_music,,,80519,Attribution-ShareAlike 3.0 International,,/tmp/phi1/dataset/001636.npy
1637,train,clean_music,,,122360,Attribution,,/tmp/phi1/dataset/001637.npy
1638,train,clean_music,,,92887,Attribution-ShareAlike 3.0 International,,/tmp/phi1/dataset/001638.npy
1639,train,clean_music,,,51005,Creative Commons Attribution,,/tmp/phi1/dataset/001639.npy
1640,train,clean_music,,,126584,Attribution-ShareAlike,,/tmp/phi1/dataset/001640.npy
1641,train,clean_music,,,128709,Attribution,,/tmp/phi1/dataset/001641.npy
1642,train,clean_music,,,61007,Creative Commons Attribution,,/tmp/phi1/dataset/001642.npy
1643,train,clean_music,,,112316,Attribution,,/tmp/phi1/dataset/001643.npy
1644,train,clean_music,,,140134,Attribution,,/tmp/phi1/dataset/001644.npy
1645,train,clean_music,,,38910,Public Domain,,/tmp/phi1/dataset/001645.npy
1646,train,clean_music,,,113269,Attribution-ShareAlike 3.0 International,,/tmp/phi1/dataset/001646.npy
1647,train,clean_music,,,38830,Attribution-Share Alike 3.0 United States,,/tmp/phi1/dataset/001647.npy
1648,train,clean_music,,,64631,Creative Commons Attribution,,/tmp/phi1/dataset/001648.npy
1649,train,clean_music,,,35535,Attribution-ShareAlike 3.0 International,,/tmp/phi1/dataset/001649.npy
1650,train,clean_music,,,122080,Attribution-ShareAlike,,/tmp/phi1/dataset/001650.npy
1651,train,clean_music,,,118920,Attribution,,/tmp/phi1/dataset/001651.npy
1652,train,clean_music,,,134922,Attribution,,/tmp/phi1/dataset/001652.npy
1653,train,clean_music,,,61007,Creative Commons Attribution,,/tmp/phi1/dataset/001653.npy
1654,train,clean_music,,,114544,Attribution,,/tmp/phi1/dataset/001654.npy
1655,train,clean_music,,,141287,Attribution-ShareAlike,,/tmp/phi1/dataset/001655.npy
1656,train,clean_music,,,88892,Attribution 3.0 United States,,/tmp/phi1/dataset/001656.npy
1657,train,clean_music,,,114400,Attribution,,/tmp/phi1/dataset/001657.npy
1658,train,clean_music,,,126603,Attribution-ShareAlike,,/tmp/phi1/dataset/001658.npy
1659,train,clean_music,,,121315,Attribution,,/tmp/phi1/dataset/001659.npy
1660,train,clean_music,,,141285,Attribution-ShareAlike,,/tmp/phi1/dataset/001660.npy
1661,train,clean_music,,,38777,Attribution-Share Alike 3.0 United States,,/tmp/phi1/dataset/001661.npy
1662,train,clean_music,,,118500,Attribution,,/tmp/phi1/dataset/001662.npy
1663,train,clean_music,,,47076,Creative Commons Attribution,,/tmp/phi1/dataset/001663.npy
1664,train,clean_music,,,98584,Attribution,,/tmp/phi1/dataset/001664.npy
1665,train,clean_music,,,38896,Public Domain,,/tmp/phi1/dataset/001665.npy
1666,train,clean_music,,,72071,Attribution,,/tmp/phi1/dataset/001666.npy
1667,train,clean_music,,,133451,CC0 1.0 Universal,,/tmp/phi1/dataset/001667.npy
1668,train,clean_music,,,62753,Attribution-ShareAlike 3.0 International,,/tmp/phi1/dataset/001668.npy
1669,train,clean_music,,,122365,Attribution,,/tmp/phi1/dataset/001669.npy
1670,train,clean_music,,,137173,Attribution-ShareAlike,,/tmp/phi1/dataset/001670.npy
1671,train,clean_music,,,100535,Attribution-ShareAlike,,/tmp/phi1/dataset/001671.npy
1672,train,clean_music,,,115125,Attribution,,/tmp/phi1/dataset/001672.npy
1673,train,clean_music,,,106563,Attribution-ShareAlike,,/tmp/phi1/dataset/001673.npy
1674,train,clean_music,,,98552,Attribution,,/tmp/phi1/dataset/001674.npy
1675,train,clean_music,,,71508,Creative Commons Attribution,,/tmp/phi1/dataset/001675.npy
1676,train,clean_music,,,24429,Creative Commons Attribution,,/tmp/phi1/dataset/001676.npy
1677,train,clean_music,,,134936,Attribution,,/tmp/phi1/dataset/001677.npy
1678,train,clean_music,,,42374,Creative Commons Attribution,,/tmp/phi1/dataset/001678.npy
1679,train,clean_music,,,98583,Attribution,,/tmp/phi1/dataset/001679.npy
1680,train,clean_music,,,133454,CC0 1.0 Universal,,/tmp/phi1/dataset/001680.npy
1681,train,clean_music,,,75935,Creative Commons Attribution,,/tmp/phi1/dataset/001681.npy
1682,train,clean_music,,,142093,Attribution,,/tmp/phi1/dataset/001682.npy
1683,train,clean_music,,,75935,Creative Commons Attribution,,/tmp/phi1/dataset/001683.npy
1684,train,clean_music,,,92872,Attribution-ShareAlike 3.0 International,,/tmp/phi1/dataset/001684.npy
1685,train,clean_music,,,15464,Attribution 3.0 United States,,/tmp/phi1/dataset/001685.npy
1686,train,clean_music,,,127559,Attribution,,/tmp/phi1/dataset/001686.npy
1687,train,clean_music,,,149687,Attribution,,/tmp/phi1/dataset/001687.npy
1688,train,clean_music,,,114392,Attribution,,/tmp/phi1/dataset/001688.npy
1689,train,clean_music,,,55480,Attribution-ShareAlike 3.0 International,,/tmp/phi1/dataset/001689.npy
1690,train,clean_music,,,7548,Attribution,,/tmp/phi1/dataset/001690.npy
1691,train,clean_music,,,64859,Creative Commons Attribution,,/tmp/phi1/dataset/001691.npy
1692,train,clean_music,,,38784,Attribution-Share Alike 3.0 United States,,/tmp/phi1/dataset/001692.npy
1693,train,clean_music,,,117057,CC0 1.0 Universal,,/tmp/phi1/dataset/001693.npy
1694,train,clean_music,,,7492,Attribution 3.0 United States,,/tmp/phi1/dataset/001694.npy
1695,train,clean_music,,,127300,Attribution,,/tmp/phi1/dataset/001695.npy
1696,train,clean_music,,,50955,Creative Commons Attribution,,/tmp/phi1/dataset/001696.npy
1697,train,clean_music,,,112780,Attribution-ShareAlike,,/tmp/phi1/dataset/001697.npy
1698,train,clean_music,,,134454,CC0 1.0 Universal,,/tmp/phi1/dataset/001698.npy
1699,train,clean_music,,,13556,Attribution-ShareAlike 3.0 International,,/tmp/phi1/dataset/001699.npy
1700,train,clean_music,,,141619,Attribution,,/tmp/phi1/dataset/001700.npy
1701,train,clean_music,,,61175,Attribution-ShareAlike 3.0 International,,/tmp/phi1/dataset/001701.npy
1702,train,clean_music,,,108422,Attribution,,/tmp/phi1/dataset/001702.npy
1703,train,clean_music,,,141569,Attribution,,/tmp/phi1/dataset/001703.npy
1704,train,clean_music,,,38906,Public Domain,,/tmp/phi1/dataset/001704.npy
1705,train,clean_music,,,62742,Attribution-ShareAlike 3.0 International,,/tmp/phi1/dataset/001705.npy
1706,train,clean_music,,,15769,Attribution 3.0 United States,,/tmp/phi1/dataset/001706.npy
1707,train,clean_music,,,123490,Attribution,,/tmp/phi1/dataset/001707.npy
1708,train,clean_music,,,152545,Attribution-ShareAlike,,/tmp/phi1/dataset/001708.npy
1709,train,clean_music,,,107613,Attribution,,/tmp/phi1/dataset/001709.npy
1710,train,clean_music,,,139688,Attribution-ShareAlike,,/tmp/phi1/dataset/001710.npy
1711,train,clean_music,,,89815,Creative Commons Attribution,,/tmp/phi1/dataset/001711.npy
1712,train,clean_music,,,10694,Creative Commons Attribution,,/tmp/phi1/dataset/001712.npy
1713,train,clean_music,,,93520,Creative Commons Attribution,,/tmp/phi1/dataset/001713.npy
1714,train,clean_music,,,75932,Creative Commons Attribution,,/tmp/phi1/dataset/001714.npy
1715,train,clean_music,,,115769,Attribution,,/tmp/phi1/dataset/001715.npy
1716,train,clean_music,,,126294,Attribution,,/tmp/phi1/dataset/001716.npy
1717,train,clean_music,,,107613,Attribution,,/tmp/phi1/dataset/001717.npy
1718,train,clean_music,,,73174,Attribution 3.0 United States,,/tmp/phi1/dataset/001718.npy
1719,train,clean_music,,,38826,Attribution-Share Alike 3.0 United States,,/tmp/phi1/dataset/001719.npy
1720,train,clean_music,,,75925,Creative Commons Attribution,,/tmp/phi1/dataset/001720.npy
1721,train,clean_music,,,141292,Attribution-ShareAlike,,/tmp/phi1/dataset/001721.npy
1722,train,clean_music,,,124183,Attribution,,/tmp/phi1/dataset/001722.npy
1723,train,clean_music,,,129969,Attribution,,/tmp/phi1/dataset/001723.npy
1724,train,clean_music,,,114265,Attribution,,/tmp/phi1/dataset/001724.npy
1725,train,clean_music,,,118922,Attribution 3.0 United States,,/tmp/phi1/dataset/001725.npy
1726,train,clean_music,,,22478,Attribution 3.0 United States,,/tmp/phi1/dataset/001726.npy
1727,train,clean_music,,,35541,Attribution-ShareAlike 3.0 International,,/tmp/phi1/dataset/001727.npy
1728,train,clean_music,,,75754,Creative Commons Attribution,,/tmp/phi1/dataset/001728.npy
1729,train,clean_music,,,113277,Attribution-ShareAlike 3.0 International,,/tmp/phi1/dataset/001729.npy
1730,train,clean_music,,,126607,Attribution-ShareAlike,,/tmp/phi1/dataset/001730.npy
1731,train,clean_music,,,145259,Attribution-ShareAlike,,/tmp/phi1/dataset/001731.npy
1732,train,clean_music,,,82237,Attribution-ShareAlike 3.0 International,,/tmp/phi1/dataset/001732.npy
1733,train,clean_music,,,121313,Attribution,,/tmp/phi1/dataset/001733.npy
1734,train,clean_music,,,126601,Attribution-ShareAlike,,/tmp/phi1/dataset/001734.npy
1735,train,clean_music,,,54463,Creative Commons Attribution,,/tmp/phi1/dataset/001735.npy
1736,train,clean_music,,,45103,Attribution,,/tmp/phi1/dataset/001736.npy
1737,train,clean_music,,,38905,Public Domain,,/tmp/phi1/dataset/001737.npy
1738,train,clean_music,,,118222,Attribution,,/tmp/phi1/dataset/001738.npy
1739,train,clean_music,,,112788,Attribution-ShareAlike,,/tmp/phi1/dataset/001739.npy
1740,train,clean_music,,,130927,Attribution 3.0 United States,,/tmp/phi1/dataset/001740.npy
1741,train,clean_music,,,75925,Creative Commons Attribution,,/tmp/phi1/dataset/001741.npy
1742,train,clean_music,,,62446,Attribution-ShareAlike 3.0 International,,/tmp/phi1/dataset/001742.npy
1743,train,clean_music,,,21996,Public Domain,,/tmp/phi1/dataset/001743.npy
1744,train,clean_music,,,107027,Attribution-ShareAlike,,/tmp/phi1/dataset/001744.npy
1745,train,clean_music,,,133835,Attribution,,/tmp/phi1/dataset/001745.npy
1746,train,clean_music,,,126585,Attribution-ShareAlike,,/tmp/phi1/dataset/001746.npy
1747,train,clean_music,,,126584,Attribution-ShareAlike,,/tmp/phi1/dataset/001747.npy
1748,train,clean_music,,,107029,Attribution-ShareAlike,,/tmp/phi1/dataset/001748.npy
1749,train,clean_music,,,124915,Attribution-ShareAlike,,/tmp/phi1/dataset/001749.npy
1750,train,clean_music,,,104276,Attribution-ShareAlike,,/tmp/phi1/dataset/001750.npy
1751,train,clean_music,,,123980,Attribution,,/tmp/phi1/dataset/001751.npy
1752,train,clean_music,,,134443,CC0 1.0 Universal,,/tmp/phi1/dataset/001752.npy
1753,train,clean_music,,,142080,Attribution,,/tmp/phi1/dataset/001753.npy
1754,train,clean_music,,,80518,Attribution-ShareAlike 3.0 International,,/tmp/phi1/dataset/001754.npy
1755,train,clean_music,,,134940,Attribution,,/tmp/phi1/dataset/001755.npy
1756,train,clean_music,,,72067,Attribution,,/tmp/phi1/dataset/001756.npy
1757,train,clean_music,,,106564,Attribution-ShareAlike,,/tmp/phi1/dataset/001757.npy
1758,train,clean_music,,,38890,Public Domain,,/tmp/phi1/dataset/001758.npy
1759,train,clean_music,,,115774,Attribution,,/tmp/phi1/dataset/001759.npy
1760,train,clean_music,,,119940,Attribution-ShareAlike,,/tmp/phi1/dataset/001760.npy
1761,train,clean_music,,,38775,Attribution-Share Alike 3.0 United States,,/tmp/phi1/dataset/001761.npy
1762,train,clean_music,,,128711,Attribution,,/tmp/phi1/dataset/001762.npy
1763,train,clean_music,,,108422,Attribution,,/tmp/phi1/dataset/001763.npy
1764,train,clean_music,,,107432,Attribution,,/tmp/phi1/dataset/001764.npy
1765,train,clean_music,,,93915,Attribution-ShareAlike 3.0 International,,/tmp/phi1/dataset/001765.npy
1766,train,clean_music,,,141878,Attribution,,/tmp/phi1/dataset/001766.npy
1767,train,clean_music,,,140135,Attribution,,/tmp/phi1/dataset/001767.npy
1768,train,clean_music,,,98556,Attribution,,/tmp/phi1/dataset/001768.npy
1769,train,clean_music,,,122087,Attribution-ShareAlike,,/tmp/phi1/dataset/001769.npy
1770,train,clean_music,,,38820,Attribution-Share Alike 3.0 United States,,/tmp/phi1/dataset/001770.npy
1771,train,clean_music,,,140933,Creative Commons Attribution,,/tmp/phi1/dataset/001771.npy
1772,train,clean_music,,,98585,Attribution,,/tmp/phi1/dataset/001772.npy
1773,train,clean_music,,,73819,Attribution-ShareAlike 3.0 International,,/tmp/phi1/dataset/001773.npy
1774,train,clean_music,,,88873,Attribution 3.0 United States,,/tmp/phi1/dataset/001774.npy
1775,train,clean_music,,,145607,Attribution,,/tmp/phi1/dataset/001775.npy
1776,train,clean_music,,,89817,Creative Commons Attribution,,/tmp/phi1/dataset/001776.npy
1777,train,clean_music,,,74392,Attribution-ShareAlike 3.0 International,,/tmp/phi1/dataset/001777.npy
1778,train,clean_music,,,113810,Attribution-ShareAlike,,/tmp/phi1/dataset/001778.npy
1779,train,clean_music,,,15770,Attribution 3.0 United States,,/tmp/phi1/dataset/001779.npy
1780,train,clean_music,,,99261,Attribution-ShareAlike,,/tmp/phi1/dataset/001780.npy
1781,train,clean_music,,,114396,Attribution,,/tmp/phi1/dataset/001781.npy
1782,train,clean_music,,,89814,Creative Commons Attribution,,/tmp/phi1/dataset/001782.npy
1783,train,clean_music,,,98585,Attribution,,/tmp/phi1/dataset/001783.npy
1784,train,clean_music,,,118327,Attribution-ShareAlike,,/tmp/phi1/dataset/001784.npy
1785,train,clean_music,,,114387,Attribution,,/tmp/phi1/dataset/001785.npy
1786,train,clean_music,,,137173,Attribution-ShareAlike,,/tmp/phi1/dataset/001786.npy
1787,train,clean_music,,,75748,Creative Commons Attribution,,/tmp/phi1/dataset/001787.npy
1788,train,clean_music,,,134443,CC0 1.0 Universal,,/tmp/phi1/dataset/001788.npy
1789,train,clean_music,,,140344,Attribution,,/tmp/phi1/dataset/001789.npy
1790,train,clean_music,,,80518,Attribution-ShareAlike 3.0 International,,/tmp/phi1/dataset/001790.npy
1791,train,clean_music,,,55124,Attribution-ShareAlike 3.0 International,,/tmp/phi1/dataset/001791.npy
1792,train,clean_music,,,119940,Attribution-ShareAlike,,/tmp/phi1/dataset/001792.npy
1793,train,clean_music,,,114558,Attribution,,/tmp/phi1/dataset/001793.npy
1794,train,clean_music,,,141878,Attribution,,/tmp/phi1/dataset/001794.npy
1795,train,clean_music,,,148031,Attribution,,/tmp/phi1/dataset/001795.npy
1796,train,clean_music,,,127192,Attribution-ShareAlike,,/tmp/phi1/dataset/001796.npy
1797,train,clean_music,,,22473,Attribution 3.0 United States,,/tmp/phi1/dataset/001797.npy
1798,train,clean_music,,,68538,Creative Commons Attribution,,/tmp/phi1/dataset/001798.npy
1799,train,clean_music,,,38784,Attribution-Share Alike 3.0 United States,,/tmp/phi1/dataset/001799.npy
1800,train,clean_music,,,113512,Attribution,,/tmp/phi1/dataset/001800.npy
1801,train,clean_music,,,98550,Attribution,,/tmp/phi1/dataset/001801.npy
1802,train,clean_music,,,137176,Attribution-ShareAlike,,/tmp/phi1/dataset/001802.npy
1803,train,clean_music,,,64628,Creative Commons Attribution,,/tmp/phi1/dataset/001803.npy
1804,train,clean_music,,,47070,Creative Commons Attribution,,/tmp/phi1/dataset/001804.npy
1805,train,clean_music,,,6778,Attribution,,/tmp/phi1/dataset/001805.npy
1806,train,clean_music,,,98550,Attribution,,/tmp/phi1/dataset/001806.npy
1807,train,clean_music,,,123490,Attribution,,/tmp/phi1/dataset/001807.npy
1808,train,clean_music,,,4037,Attribution,,/tmp/phi1/dataset/001808.npy
1809,train,clean_music,,,134937,Attribution,,/tmp/phi1/dataset/001809.npy
1810,train,clean_music,,,113511,Attribution,,/tmp/phi1/dataset/001810.npy
1811,train,clean_music,,,51004,Creative Commons Attribution,,/tmp/phi1/dataset/001811.npy
1812,train,clean_music,,,80515,Attribution-ShareAlike 3.0 International,,/tmp/phi1/dataset/001812.npy
1813,train,clean_music,,,42377,Creative Commons Attribution,,/tmp/phi1/dataset/001813.npy
1814,train,clean_music,,,141873,Attribution,,/tmp/phi1/dataset/001814.npy
1815,train,clean_music,,,106563,Attribution-ShareAlike,,/tmp/phi1/dataset/001815.npy
1816,train,clean_music,,,118972,Attribution-ShareAlike,,/tmp/phi1/dataset/001816.npy
1817,train,clean_music,,,118489,Attribution,,/tmp/phi1/dataset/001817.npy
1818,train,clean_music,,,15464,Attribution 3.0 United States,,/tmp/phi1/dataset/001818.npy
1819,train,clean_music,,,143056,Attribution,,/tmp/phi1/dataset/001819.npy
1820,train,clean_music,,,4074,Attribution,,/tmp/phi1/dataset/001820.npy
1821,train,clean_music,,,118987,Attribution-ShareAlike,,/tmp/phi1/dataset/001821.npy
1822,train,clean_music,,,64631,Creative Commons Attribution,,/tmp/phi1/dataset/001822.npy
1823,train,mixed,7850,/home/aidevcon/Downloads/DATASET/librispeech/LibriSpeech/dev-clean/7850/286674/7850-286674-0003.flac,35535,Attribution-ShareAlike 3.0 International,10,/tmp/phi1/dataset/001823.npy
1824,train,mixed,777,/home/aidevcon/Downloads/DATASET/librispeech/LibriSpeech/dev-clean/777/126732/777-126732-0079.flac,108418,Attribution,-9,/tmp/phi1/dataset/001824.npy
1825,train,mixed,652,/home/aidevcon/Downloads/DATASET/librispeech/LibriSpeech/dev-clean/652/130726/652-130726-0012.flac,114544,Attribution,-3,/tmp/phi1/dataset/001825.npy
1826,train,mixed,6345,/home/aidevcon/Downloads/DATASET/librispeech/LibriSpeech/dev-clean/6345/93306/6345-93306-0019.flac,35541,Attribution-ShareAlike 3.0 International,10,/tmp/phi1/dataset/001826.npy
1827,train,mixed,174,/home/aidevcon/Downloads/DATASET/librispeech/LibriSpeech/dev-clean/174/50561/174-50561-0005.flac,106568,Attribution-ShareAlike,-3,/tmp/phi1/dataset/001827.npy
1828,train,mixed,1993,/home/aidevcon/Downloads/DATASET/librispeech/LibriSpeech/dev-clean/1993/147965/1993-147965-0002.flac,124891,Attribution,-9,/tmp/phi1/dataset/001828.npy
1829,train,mixed,5536,/home/aidevcon/Downloads/DATASET/librispeech/LibriSpeech/dev-clean/5536/43359/5536-43359-0003.flac,123979,Attribution,-9,/tmp/phi1/dataset/001829.npy
1830,train,mixed,652,/home/aidevcon/Downloads/DATASET/librispeech/LibriSpeech/dev-clean/652/129742/652-129742-0000.flac,38898,Public Domain,10,/tmp/phi1/dataset/001830.npy
1831,train,mixed,3170,/home/aidevcon/Downloads/DATASET/librispeech/LibriSpeech/dev-clean/3170/137482/3170-137482-0015.flac,89815,Creative Commons Attribution,-9,/tmp/phi1/dataset/001831.npy
1832,train,mixed,5895,/home/aidevcon/Downloads/DATASET/librispeech/LibriSpeech/dev-clean/5895/34622/5895-34622-0003.flac,133838,Attribution,-3,/tmp/phi1/dataset/001832.npy
1833,train,mixed,652,/home/aidevcon/Downloads/DATASET/librispeech/LibriSpeech/dev-clean/652/130726/652-130726-0011.flac,52649,Attribution 3.0 United States,-9,/tmp/phi1/dataset/001833.npy
1834,train,mixed,2412,/home/aidevcon/Downloads/DATASET/librispeech/LibriSpeech/dev-clean/2412/153948/2412-153948-0004.flac,63770,Attribution-ShareAlike,-9,/tmp/phi1/dataset/001834.npy
1835,train,mixed,84,/home/aidevcon/Downloads/DATASET/librispeech/LibriSpeech/dev-clean/84/121550/84-121550-0032.flac,123974,Attribution,10,/tmp/phi1/dataset/001835.npy
1836,train,mixed,2086,/home/aidevcon/Downloads/DATASET/librispeech/LibriSpeech/dev-clean/2086/149220/2086-149220-0025.flac,88872,Attribution 3.0 United States,3,/tmp/phi1/dataset/001836.npy
1837,train,mixed,1988,/home/aidevcon/Downloads/DATASET/librispeech/LibriSpeech/dev-clean/1988/147956/1988-147956-0004.flac,97940,Attribution-ShareAlike,-3,/tmp/phi1/dataset/001837.npy
1838,train,mixed,6313,/home/aidevcon/Downloads/DATASET/librispeech/LibriSpeech/dev-clean/6313/76958/6313-76958-0013.flac,145464,Attribution,3,/tmp/phi1/dataset/001838.npy
1839,train,mixed,6345,/home/aidevcon/Downloads/DATASET/librispeech/LibriSpeech/dev-clean/6345/93306/6345-93306-0022.flac,52630,Attribution 3.0 United States,-9,/tmp/phi1/dataset/001839.npy
1840,train,mixed,3170,/home/aidevcon/Downloads/DATASET/librispeech/LibriSpeech/dev-clean/3170/137482/3170-137482-0015.flac,75754,Creative Commons Attribution,-3,/tmp/phi1/dataset/001840.npy
1841,train,mixed,8842,/home/aidevcon/Downloads/DATASET/librispeech/LibriSpeech/dev-clean/8842/304647/8842-304647-0002.flac,133447,CC0 1.0 Universal,-9,/tmp/phi1/dataset/001841.npy
1842,train,mixed,7850,/home/aidevcon/Downloads/DATASET/librispeech/LibriSpeech/dev-clean/7850/286674/7850-286674-0005.flac,114401,Attribution,3,/tmp/phi1/dataset/001842.npy
1843,train,mixed,251,/home/aidevcon/Downloads/DATASET/librispeech/LibriSpeech/dev-clean/251/118436/251-118436-0012.flac,130683,Attribution,3,/tmp/phi1/dataset/001843.npy
1844,train,mixed,251,/home/aidevcon/Downloads/DATASET/librispeech/LibriSpeech/dev-clean/251/136532/251-136532-0007.flac,75415,Creative Commons Attribution,-3,/tmp/phi1/dataset/001844.npy
1845,train,mixed,174,/home/aidevcon/Downloads/DATASET/librispeech/LibriSpeech/dev-clean/174/168635/174-168635-0008.flac,132420,Attribution,-9,/tmp/phi1/dataset/001845.npy
1846,train,mixed,3170,/home/aidevcon/Downloads/DATASET/librispeech/LibriSpeech/dev-clean/3170/137482/3170-137482-0000.flac,146020,Attribution,3,/tmp/phi1/dataset/001846.npy
1847,train,mixed,2803,/home/aidevcon/Downloads/DATASET/librispeech/LibriSpeech/dev-clean/2803/161169/2803-161169-0009.flac,91205,Attribution-ShareAlike 3.0 International,-3,/tmp/phi1/dataset/001847.npy
1848,train,mixed,174,/home/aidevcon/Downloads/DATASET/librispeech/LibriSpeech/dev-clean/174/50561/174-50561-0013.flac,75375,Creative Commons Attribution,-9,/tmp/phi1/dataset/001848.npy
1849,train,mixed,3853,/home/aidevcon/Downloads/DATASET/librispeech/LibriSpeech/dev-clean/3853/163249/3853-163249-0025.flac,126588,Attribution-ShareAlike,-9,/tmp/phi1/dataset/001849.npy
1850,train,mixed,6345,/home/aidevcon/Downloads/DATASET/librispeech/LibriSpeech/dev-clean/6345/93302/6345-93302-0016.flac,149700,Attribution-ShareAlike,-3,/tmp/phi1/dataset/001850.npy
1851,train,mixed,652,/home/aidevcon/Downloads/DATASET/librispeech/LibriSpeech/dev-clean/652/129742/652-129742-0016.flac,108422,Attribution,-9,/tmp/phi1/dataset/001851.npy
1852,train,mixed,652,/home/aidevcon/Downloads/DATASET/librispeech/LibriSpeech/dev-clean/652/129742/652-129742-0009.flac,62742,Attribution-ShareAlike 3.0 International,3,/tmp/phi1/dataset/001852.npy
1853,train,mixed,1993,/home/aidevcon/Downloads/DATASET/librispeech/LibriSpeech/dev-clean/1993/147964/1993-147964-0005.flac,24423,Creative Commons Attribution,3,/tmp/phi1/dataset/001853.npy
1854,train,mixed,1988,/home/aidevcon/Downloads/DATASET/librispeech/LibriSpeech/dev-clean/1988/147956/1988-147956-0008.flac,145258,Attribution-ShareAlike,-3,/tmp/phi1/dataset/001854.npy
1855,train,mixed,2086,/home/aidevcon/Downloads/DATASET/librispeech/LibriSpeech/dev-clean/2086/149220/2086-149220-0000.flac,130133,Attribution,10,/tmp/phi1/dataset/001855.npy
1856,train,mixed,5536,/home/aidevcon/Downloads/DATASET/librispeech/LibriSpeech/dev-clean/5536/43363/5536-43363-0006.flac,98574,Attribution,-9,/tmp/phi1/dataset/001856.npy
1857,train,mixed,251,/home/aidevcon/Downloads/DATASET/librispeech/LibriSpeech/dev-clean/251/136532/251-136532-0021.flac,130683,Attribution,3,/tmp/phi1/dataset/001857.npy
1858,train,mixed,2086,/home/aidevcon/Downloads/DATASET/librispeech/LibriSpeech/dev-clean/2086/149220/2086-149220-0012.flac,114400,Attribution,3,/tmp/phi1/dataset/001858.npy
1859,train,mixed,5895,/home/aidevcon/Downloads/DATASET/librispeech/LibriSpeech/dev-clean/5895/34615/5895-34615-0010.flac,126227,Attribution-ShareAlike,3,/tmp/phi1/dataset/001859.npy
1860,train,mixed,2428,/home/aidevcon/Downloads/DATASET/librispeech/LibriSpeech/dev-clean/2428/83699/2428-83699-0003.flac,122087,Attribution-ShareAlike,3,/tmp/phi1/dataset/001860.npy
1861,train,mixed,2428,/home/aidevcon/Downloads/DATASET/librispeech/LibriSpeech/dev-clean/2428/83699/2428-83699-0029.flac,73776,Attribution-ShareAlike 3.0 International,-9,/tmp/phi1/dataset/001861.npy
1862,train,mixed,1988,/home/aidevcon/Downloads/DATASET/librispeech/LibriSpeech/dev-clean/1988/147956/1988-147956-0029.flac,3880,Attribution,10,/tmp/phi1/dataset/001862.npy
1863,train,mixed,6295,/home/aidevcon/Downloads/DATASET/librispeech/LibriSpeech/dev-clean/6295/244435/6295-244435-0038.flac,76659,Attribution,-9,/tmp/phi1/dataset/001863.npy
1864,train,mixed,5694,/home/aidevcon/Downloads/DATASET/librispeech/LibriSpeech/dev-clean/5694/64029/5694-64029-0024.flac,98582,Attribution,-9,/tmp/phi1/dataset/001864.npy
1865,train,mixed,5536,/home/aidevcon/Downloads/DATASET/librispeech/LibriSpeech/dev-clean/5536/43363/5536-43363-0010.flac,75935,Creative Commons Attribution,-3,/tmp/phi1/dataset/001865.npy
1866,train,mixed,2078,/home/aidevcon/Downloads/DATASET/librispeech/LibriSpeech/dev-clean/2078/142845/2078-142845-0018.flac,64334,Creative Commons Attribution,3,/tmp/phi1/dataset/001866.npy
1867,train,mixed,7976,/home/aidevcon/Downloads/DATASET/librispeech/LibriSpeech/dev-clean/7976/110124/7976-110124-0006.flac,124892,Attribution,3,/tmp/phi1/dataset/001867.npy
1868,train,mixed,8842,/home/aidevcon/Downloads/DATASET/librispeech/LibriSpeech/dev-clean/8842/304647/8842-304647-0006.flac,47070,Creative Commons Attribution,10,/tmp/phi1/dataset/001868.npy
1869,train,mixed,2412,/home/aidevcon/Downloads/DATASET/librispeech/LibriSpeech/dev-clean/2412/153947/2412-153947-0011.flac,24899,Attribution 3.0 United States,10,/tmp/phi1/dataset/001869.npy
1870,train,mixed,7976,/home/aidevcon/Downloads/DATASET/librispeech/LibriSpeech/dev-clean/7976/110523/7976-110523-0012.flac,118484,Attribution,-3,/tmp/phi1/dataset/001870.npy
1871,train,mixed,2803,/home/aidevcon/Downloads/DATASET/librispeech/LibriSpeech/dev-clean/2803/161169/2803-161169-0014.flac,148190,Attribution,-3,/tmp/phi1/dataset/001871.npy
1872,train,mixed,6241,/home/aidevcon/Downloads/DATASET/librispeech/LibriSpeech/dev-clean/6241/66616/6241-66616-0001.flac,123490,Attribution,-3,/tmp/phi1/dataset/001872.npy
1873,train,mixed,3170,/home/aidevcon/Downloads/DATASET/librispeech/LibriSpeech/dev-clean/3170/137482/3170-137482-0041.flac,85788,Attribution-ShareAlike 3.0 International,3,/tmp/phi1/dataset/001873.npy
1874,train,mixed,5895,/home/aidevcon/Downloads/DATASET/librispeech/LibriSpeech/dev-clean/5895/34622/5895-34622-0011.flac,141289,Attribution-ShareAlike,3,/tmp/phi1/dataset/001874.npy
1875,train,mixed,6313,/home/aidevcon/Downloads/DATASET/librispeech/LibriSpeech/dev-clean/6313/66125/6313-66125-0027.flac,149700,Attribution-ShareAlike,10,/tmp/phi1/dataset/001875.npy
1876,train,mixed,652,/home/aidevcon/Downloads/DATASET/librispeech/LibriSpeech/dev-clean/652/129742/652-129742-0012.flac,134941,Attribution,10,/tmp/phi1/dataset/001876.npy
1877,train,mixed,6295,/home/aidevcon/Downloads/DATASET/librispeech/LibriSpeech/dev-clean/6295/64301/6295-64301-0028.flac,135368,Attribution,-3,/tmp/phi1/dataset/001877.npy
1878,train,mixed,3170,/home/aidevcon/Downloads/DATASET/librispeech/LibriSpeech/dev-clean/3170/137482/3170-137482-0027.flac,141878,Attribution,-9,/tmp/phi1/dataset/001878.npy
1879,train,mixed,3170,/home/aidevcon/Downloads/DATASET/librispeech/LibriSpeech/dev-clean/3170/137482/3170-137482-0002.flac,52642,Attribution 3.0 United States,10,/tmp/phi1/dataset/001879.npy
1880,train,mixed,777,/home/aidevcon/Downloads/DATASET/librispeech/LibriSpeech/dev-clean/777/126732/777-126732-0002.flac,38821,Attribution-Share Alike 3.0 United States,3,/tmp/phi1/dataset/001880.npy
1881,train,mixed,1993,/home/aidevcon/Downloads/DATASET/librispeech/LibriSpeech/dev-clean/1993/147149/1993-147149-0030.flac,149778,Attribution,10,/tmp/phi1/dataset/001881.npy
1882,train,mixed,1673,/home/aidevcon/Downloads/DATASET/librispeech/LibriSpeech/dev-clean/1673/143397/1673-143397-0013.flac,142083,Attribution,3,/tmp/phi1/dataset/001882.npy
1883,train,mixed,3576,/home/aidevcon/Downloads/DATASET/librispeech/LibriSpeech/dev-clean/3576/138058/3576-138058-0029.flac,144592,Attribution,-9,/tmp/phi1/dataset/001883.npy
1884,train,mixed,652,/home/aidevcon/Downloads/DATASET/librispeech/LibriSpeech/dev-clean/652/130726/652-130726-0016.flac,116882,Attribution,-3,/tmp/phi1/dataset/001884.npy
1885,train,mixed,3170,/home/aidevcon/Downloads/DATASET/librispeech/LibriSpeech/dev-clean/3170/137482/3170-137482-0020.flac,85792,Attribution-ShareAlike 3.0 International,-3,/tmp/phi1/dataset/001885.npy
1886,train,mixed,652,/home/aidevcon/Downloads/DATASET/librispeech/LibriSpeech/dev-clean/652/130726/652-130726-0004.flac,71247,Attribution-ShareAlike 3.0 International,-3,/tmp/phi1/dataset/001886.npy
1887,train,mixed,8297,/home/aidevcon/Downloads/DATASET/librispeech/LibriSpeech/dev-clean/8297/275154/8297-275154-0002.flac,124176,Attribution,10,/tmp/phi1/dataset/001887.npy
1888,train,mixed,84,/home/aidevcon/Downloads/DATASET/librispeech/LibriSpeech/dev-clean/84/121550/84-121550-0025.flac,52630,Attribution 3.0 United States,-3,/tmp/phi1/dataset/001888.npy
1889,train,mixed,1673,/home/aidevcon/Downloads/DATASET/librispeech/LibriSpeech/dev-clean/1673/143397/1673-143397-0000.flac,148032,Attribution,3,/tmp/phi1/dataset/001889.npy
1890,train,mixed,3853,/home/aidevcon/Downloads/DATASET/librispeech/LibriSpeech/dev-clean/3853/163249/3853-163249-0052.flac,81037,Attribution-ShareAlike 3.0 International,10,/tmp/phi1/dataset/001890.npy
1891,train,mixed,1993,/home/aidevcon/Downloads/DATASET/librispeech/LibriSpeech/dev-clean/1993/147149/1993-147149-0019.flac,122671,Attribution,10,/tmp/phi1/dataset/001891.npy
1892,train,mixed,84,/home/aidevcon/Downloads/DATASET/librispeech/LibriSpeech/dev-clean/84/121550/84-121550-0028.flac,124912,Attribution-ShareAlike,-9,/tmp/phi1/dataset/001892.npy
1893,train,mixed,2078,/home/aidevcon/Downloads/DATASET/librispeech/LibriSpeech/dev-clean/2078/142845/2078-142845-0008.flac,115761,CC0 1.0 Universal,-9,/tmp/phi1/dataset/001893.npy
1894,train,mixed,5694,/home/aidevcon/Downloads/DATASET/librispeech/LibriSpeech/dev-clean/5694/64038/5694-64038-0022.flac,73171,Attribution 3.0 United States,10,/tmp/phi1/dataset/001894.npy
1895,train,mixed,3170,/home/aidevcon/Downloads/DATASET/librispeech/LibriSpeech/dev-clean/3170/137482/3170-137482-0031.flac,141567,Attribution,10,/tmp/phi1/dataset/001895.npy
1896,train,mixed,3576,/home/aidevcon/Downloads/DATASET/librispeech/LibriSpeech/dev-clean/3576/138058/3576-138058-0030.flac,124916,Attribution-ShareAlike,10,/tmp/phi1/dataset/001896.npy
1897,train,mixed,174,/home/aidevcon/Downloads/DATASET/librispeech/LibriSpeech/dev-clean/174/168635/174-168635-0005.flac,64860,Creative Commons Attribution,10,/tmp/phi1/dataset/001897.npy
1898,train,mixed,1673,/home/aidevcon/Downloads/DATASET/librispeech/LibriSpeech/dev-clean/1673/143396/1673-143396-0009.flac,104277,Attribution-ShareAlike,10,/tmp/phi1/dataset/001898.npy
1899,train,mixed,652,/home/aidevcon/Downloads/DATASET/librispeech/LibriSpeech/dev-clean/652/130726/652-130726-0006.flac,38886,Public Domain,3,/tmp/phi1/dataset/001899.npy
1900,train,mixed,3853,/home/aidevcon/Downloads/DATASET/librispeech/LibriSpeech/dev-clean/3853/163249/3853-163249-0036.flac,141292,Attribution-ShareAlike,10,/tmp/phi1/dataset/001900.npy
1901,train,mixed,6295,/home/aidevcon/Downloads/DATASET/librispeech/LibriSpeech/dev-clean/6295/64301/6295-64301-0030.flac,150266,Attribution,3,/tmp/phi1/dataset/001901.npy
1902,train,mixed,7976,/home/aidevcon/Downloads/DATASET/librispeech/LibriSpeech/dev-clean/7976/105575/7976-105575-0014.flac,115817,Attribution,-3,/tmp/phi1/dataset/001902.npy
1903,train,mixed,3853,/home/aidevcon/Downloads/DATASET/librispeech/LibriSpeech/dev-clean/3853/163249/3853-163249-0053.flac,98077,Attribution,3,/tmp/phi1/dataset/001903.npy
1904,train,mixed,652,/home/aidevcon/Downloads/DATASET/librispeech/LibriSpeech/dev-clean/652/130726/652-130726-0019.flac,128448,Attribution-ShareAlike,-3,/tmp/phi1/dataset/001904.npy
1905,train,mixed,6319,/home/aidevcon/Downloads/DATASET/librispeech/LibriSpeech/dev-clean/6319/64726/6319-64726-0018.flac,24912,Attribution 3.0 United States,-9,/tmp/phi1/dataset/001905.npy
1906,train,mixed,2078,/home/aidevcon/Downloads/DATASET/librispeech/LibriSpeech/dev-clean/2078/142845/2078-142845-0025.flac,115125,Attribution,-9,/tmp/phi1/dataset/001906.npy
1907,train,mixed,3752,/home/aidevcon/Downloads/DATASET/librispeech/LibriSpeech/dev-clean/3752/4944/3752-4944-0052.flac,71515,Creative Commons Attribution,10,/tmp/phi1/dataset/001907.npy
1908,train,mixed,3853,/home/aidevcon/Downloads/DATASET/librispeech/LibriSpeech/dev-clean/3853/163249/3853-163249-0053.flac,113513,Attribution,3,/tmp/phi1/dataset/001908.npy
1909,train,mixed,251,/home/aidevcon/Downloads/DATASET/librispeech/LibriSpeech/dev-clean/251/137823/251-137823-0020.flac,72075,Attribution,-3,/tmp/phi1/dataset/001909.npy
1910,train,mixed,6319,/home/aidevcon/Downloads/DATASET/librispeech/LibriSpeech/dev-clean/6319/275224/6319-275224-0006.flac,141568,Attribution,-3,/tmp/phi1/dataset/001910.npy
1911,train,mixed,7850,/home/aidevcon/Downloads/DATASET/librispeech/LibriSpeech/dev-clean/7850/73752/7850-73752-0003.flac,140925,Creative Commons Attribution,3,/tmp/phi1/dataset/001911.npy
1912,train,mixed,174,/home/aidevcon/Downloads/DATASET/librispeech/LibriSpeech/dev-clean/174/84280/174-84280-0004.flac,63770,Attribution-ShareAlike,10,/tmp/phi1/dataset/001912.npy
1913,train,mixed,6313,/home/aidevcon/Downloads/DATASET/librispeech/LibriSpeech/dev-clean/6313/66129/6313-66129-0018.flac,141566,Attribution,3,/tmp/phi1/dataset/001913.npy
1914,train,mixed,2803,/home/aidevcon/Downloads/DATASET/librispeech/LibriSpeech/dev-clean/2803/161169/2803-161169-0009.flac,142084,Attribution,-9,/tmp/phi1/dataset/001914.npy
1915,train,mixed,251,/home/aidevcon/Downloads/DATASET/librispeech/LibriSpeech/dev-clean/251/118436/251-118436-0015.flac,132134,Attribution,-9,/tmp/phi1/dataset/001915.npy
1916,train,mixed,5895,/home/aidevcon/Downloads/DATASET/librispeech/LibriSpeech/dev-clean/5895/34615/5895-34615-0014.flac,124913,Attribution-ShareAlike,10,/tmp/phi1/dataset/001916.npy
1917,train,mixed,6319,/home/aidevcon/Downloads/DATASET/librispeech/LibriSpeech/dev-clean/6319/275224/6319-275224-0002.flac,50753,Attribution-ShareAlike 3.0 International,3,/tmp/phi1/dataset/001917.npy
1918,train,mixed,7850,/home/aidevcon/Downloads/DATASET/librispeech/LibriSpeech/dev-clean/7850/73752/7850-73752-0006.flac,75931,Creative Commons Attribution,-9,/tmp/phi1/dataset/001918.npy
1919,train,mixed,777,/home/aidevcon/Downloads/DATASET/librispeech/LibriSpeech/dev-clean/777/126732/777-126732-0003.flac,143239,CC0 1.0 Universal,-3,/tmp/phi1/dataset/001919.npy
1920,train,mixed,3752,/home/aidevcon/Downloads/DATASET/librispeech/LibriSpeech/dev-clean/3752/4944/3752-4944-0027.flac,127299,Attribution,-3,/tmp/phi1/dataset/001920.npy
1921,train,mixed,174,/home/aidevcon/Downloads/DATASET/librispeech/LibriSpeech/dev-clean/174/84280/174-84280-0012.flac,123973,Attribution,3,/tmp/phi1/dataset/001921.npy
1922,train,mixed,2428,/home/aidevcon/Downloads/DATASET/librispeech/LibriSpeech/dev-clean/2428/83705/2428-83705-0015.flac,38818,Attribution-Share Alike 3.0 United States,10,/tmp/phi1/dataset/001922.npy
1923,train,mixed,5694,/home/aidevcon/Downloads/DATASET/librispeech/LibriSpeech/dev-clean/5694/64029/5694-64029-0023.flac,93521,Creative Commons Attribution,-3,/tmp/phi1/dataset/001923.npy
1924,train,mixed,7976,/home/aidevcon/Downloads/DATASET/librispeech/LibriSpeech/dev-clean/7976/110523/7976-110523-0000.flac,38899,Public Domain,-3,/tmp/phi1/dataset/001924.npy
1925,train,mixed,7850,/home/aidevcon/Downloads/DATASET/librispeech/LibriSpeech/dev-clean/7850/73752/7850-73752-0010.flac,148216,Attribution,-9,/tmp/phi1/dataset/001925.npy
1926,train,mixed,5536,/home/aidevcon/Downloads/DATASET/librispeech/LibriSpeech/dev-clean/5536/43363/5536-43363-0005.flac,131837,Attribution,-3,/tmp/phi1/dataset/001926.npy
1927,train,mixed,2078,/home/aidevcon/Downloads/DATASET/librispeech/LibriSpeech/dev-clean/2078/142845/2078-142845-0012.flac,148234,Attribution,3,/tmp/phi1/dataset/001927.npy
1928,train,mixed,8297,/home/aidevcon/Downloads/DATASET/librispeech/LibriSpeech/dev-clean/8297/275156/8297-275156-0003.flac,122077,Attribution-ShareAlike,3,/tmp/phi1/dataset/001928.npy
1929,train,mixed,8297,/home/aidevcon/Downloads/DATASET/librispeech/LibriSpeech/dev-clean/8297/275155/8297-275155-0022.flac,115813,Attribution,-9,/tmp/phi1/dataset/001929.npy
1930,train,mixed,652,/home/aidevcon/Downloads/DATASET/librispeech/LibriSpeech/dev-clean/652/130726/652-130726-0032.flac,93518,Creative Commons Attribution,3,/tmp/phi1/dataset/001930.npy
1931,train,mixed,3576,/home/aidevcon/Downloads/DATASET/librispeech/LibriSpeech/dev-clean/3576/138058/3576-138058-0010.flac,73776,Attribution-ShareAlike 3.0 International,3,/tmp/phi1/dataset/001931.npy
1932,train,mixed,777,/home/aidevcon/Downloads/DATASET/librispeech/LibriSpeech/dev-clean/777/126732/777-126732-0005.flac,133772,Attribution-ShareAlike,-9,/tmp/phi1/dataset/001932.npy
1933,train,mixed,6319,/home/aidevcon/Downloads/DATASET/librispeech/LibriSpeech/dev-clean/6319/64726/6319-64726-0004.flac,24915,Attribution 3.0 United States,-9,/tmp/phi1/dataset/001933.npy
1934,train,mixed,1988,/home/aidevcon/Downloads/DATASET/librispeech/LibriSpeech/dev-clean/1988/147956/1988-147956-0017.flac,76659,Attribution,-9,/tmp/phi1/dataset/001934.npy
1935,train,mixed,7850,/home/aidevcon/Downloads/DATASET/librispeech/LibriSpeech/dev-clean/7850/281318/7850-281318-0008.flac,143941,CC0 1.0 Universal,-9,/tmp/phi1/dataset/001935.npy
1936,train,mixed,2803,/home/aidevcon/Downloads/DATASET/librispeech/LibriSpeech/dev-clean/2803/154328/2803-154328-0018.flac,114556,Attribution,-3,/tmp/phi1/dataset/001936.npy
1937,train,mixed,6295,/home/aidevcon/Downloads/DATASET/librispeech/LibriSpeech/dev-clean/6295/64301/6295-64301-0024.flac,140922,Creative Commons Attribution,10,/tmp/phi1/dataset/001937.npy
1938,train,mixed,6295,/home/aidevcon/Downloads/DATASET/librispeech/LibriSpeech/dev-clean/6295/244435/6295-244435-0004.flac,6776,Attribution,-9,/tmp/phi1/dataset/001938.npy
1939,train,mixed,251,/home/aidevcon/Downloads/DATASET/librispeech/LibriSpeech/dev-clean/251/136532/251-136532-0002.flac,22479,Attribution 3.0 United States,3,/tmp/phi1/dataset/001939.npy
1940,train,mixed,2078,/home/aidevcon/Downloads/DATASET/librispeech/LibriSpeech/dev-clean/2078/142845/2078-142845-0040.flac,39291,Attribution-ShareAlike 3.0 International,10,/tmp/phi1/dataset/001940.npy
1941,train,mixed,1673,/home/aidevcon/Downloads/DATASET/librispeech/LibriSpeech/dev-clean/1673/143397/1673-143397-0019.flac,38776,Attribution-Share Alike 3.0 United States,10,/tmp/phi1/dataset/001941.npy
1942,train,mixed,2412,/home/aidevcon/Downloads/DATASET/librispeech/LibriSpeech/dev-clean/2412/153947/2412-153947-0014.flac,9846,Attribution 3.0 United States,10,/tmp/phi1/dataset/001942.npy
1943,train,mixed,5536,/home/aidevcon/Downloads/DATASET/librispeech/LibriSpeech/dev-clean/5536/43359/5536-43359-0011.flac,98581,Attribution,-3,/tmp/phi1/dataset/001943.npy
1944,train,mixed,5895,/home/aidevcon/Downloads/DATASET/librispeech/LibriSpeech/dev-clean/5895/34615/5895-34615-0004.flac,112316,Attribution,-3,/tmp/phi1/dataset/001944.npy
1945,train,mixed,3576,/home/aidevcon/Downloads/DATASET/librispeech/LibriSpeech/dev-clean/3576/138058/3576-138058-0037.flac,124180,Attribution,-9,/tmp/phi1/dataset/001945.npy
1946,train,mixed,6295,/home/aidevcon/Downloads/DATASET/librispeech/LibriSpeech/dev-clean/6295/64301/6295-64301-0017.flac,114392,Attribution,3,/tmp/phi1/dataset/001946.npy
1947,train,mixed,6345,/home/aidevcon/Downloads/DATASET/librispeech/LibriSpeech/dev-clean/6345/93306/6345-93306-0000.flac,124154,Attribution,-9,/tmp/phi1/dataset/001947.npy
1948,train,mixed,2803,/home/aidevcon/Downloads/DATASET/librispeech/LibriSpeech/dev-clean/2803/161169/2803-161169-0011.flac,107589,Attribution,10,/tmp/phi1/dataset/001948.npy
1949,train,mixed,1673,/home/aidevcon/Downloads/DATASET/librispeech/LibriSpeech/dev-clean/1673/143397/1673-143397-0011.flac,126588,Attribution-ShareAlike,-9,/tmp/phi1/dataset/001949.npy
1950,train,mixed,6313,/home/aidevcon/Downloads/DATASET/librispeech/LibriSpeech/dev-clean/6313/66129/6313-66129-0003.flac,62749,Attribution-ShareAlike 3.0 International,10,/tmp/phi1/dataset/001950.npy
1951,train,mixed,6295,/home/aidevcon/Downloads/DATASET/librispeech/LibriSpeech/dev-clean/6295/244435/6295-244435-0018.flac,38827,Attribution-Share Alike 3.0 United States,3,/tmp/phi1/dataset/001951.npy
1952,train,mixed,2086,/home/aidevcon/Downloads/DATASET/librispeech/LibriSpeech/dev-clean/2086/149220/2086-149220-0025.flac,110263,Attribution,10,/tmp/phi1/dataset/001952.npy
1953,train,mixed,251,/home/aidevcon/Downloads/DATASET/librispeech/LibriSpeech/dev-clean/251/118436/251-118436-0009.flac,138060,Attribution,-3,/tmp/phi1/dataset/001953.npy
1954,train,mixed,1673,/home/aidevcon/Downloads/DATASET/librispeech/LibriSpeech/dev-clean/1673/143397/1673-143397-0019.flac,88875,Attribution 3.0 United States,-9,/tmp/phi1/dataset/001954.npy
1955,train,mixed,3853,/home/aidevcon/Downloads/DATASET/librispeech/LibriSpeech/dev-clean/3853/163249/3853-163249-0022.flac,75403,Creative Commons Attribution,-9,/tmp/phi1/dataset/001955.npy
1956,train,mixed,1673,/home/aidevcon/Downloads/DATASET/librispeech/LibriSpeech/dev-clean/1673/143396/1673-143396-0004.flac,50836,Attribution-ShareAlike 3.0 International,-3,/tmp/phi1/dataset/001956.npy
1957,train,mixed,1993,/home/aidevcon/Downloads/DATASET/librispeech/LibriSpeech/dev-clean/1993/147964/1993-147964-0005.flac,152480,Attribution,-3,/tmp/phi1/dataset/001957.npy
1958,train,mixed,2078,/home/aidevcon/Downloads/DATASET/librispeech/LibriSpeech/dev-clean/2078/142845/2078-142845-0013.flac,124394,Attribution-ShareAlike,-3,/tmp/phi1/dataset/001958.npy
1959,train,mixed,84,/home/aidevcon/Downloads/DATASET/librispeech/LibriSpeech/dev-clean/84/121550/84-121550-0013.flac,30043,Attribution-ShareAlike,10,/tmp/phi1/dataset/001959.npy
1960,train,mixed,3853,/home/aidevcon/Downloads/DATASET/librispeech/LibriSpeech/dev-clean/3853/163249/3853-163249-0030.flac,24422,Creative Commons Attribution,-3,/tmp/phi1/dataset/001960.npy
1961,train,mixed,2078,/home/aidevcon/Downloads/DATASET/librispeech/LibriSpeech/dev-clean/2078/142845/2078-142845-0007.flac,114401,Attribution,3,/tmp/phi1/dataset/001961.npy
1962,train,mixed,2803,/home/aidevcon/Downloads/DATASET/librispeech/LibriSpeech/dev-clean/2803/154328/2803-154328-0015.flac,124177,Attribution,-9,/tmp/phi1/dataset/001962.npy
1963,train,mixed,5895,/home/aidevcon/Downloads/DATASET/librispeech/LibriSpeech/dev-clean/5895/34615/5895-34615-0016.flac,141289,Attribution-ShareAlike,-9,/tmp/phi1/dataset/001963.npy
1964,train,mixed,3170,/home/aidevcon/Downloads/DATASET/librispeech/LibriSpeech/dev-clean/3170/137482/3170-137482-0010.flac,24899,Attribution 3.0 United States,3,/tmp/phi1/dataset/001964.npy
1965,train,mixed,1673,/home/aidevcon/Downloads/DATASET/librispeech/LibriSpeech/dev-clean/1673/143396/1673-143396-0018.flac,64866,Creative Commons Attribution,-9,/tmp/phi1/dataset/001965.npy
1966,train,mixed,1993,/home/aidevcon/Downloads/DATASET/librispeech/LibriSpeech/dev-clean/1993/147964/1993-147964-0000.flac,52641,Attribution 3.0 United States,-3,/tmp/phi1/dataset/001966.npy
1967,train,mixed,2803,/home/aidevcon/Downloads/DATASET/librispeech/LibriSpeech/dev-clean/2803/154328/2803-154328-0018.flac,114408,Attribution,-9,/tmp/phi1/dataset/001967.npy
1968,train,mixed,7976,/home/aidevcon/Downloads/DATASET/librispeech/LibriSpeech/dev-clean/7976/110523/7976-110523-0017.flac,104279,Attribution-ShareAlike,3,/tmp/phi1/dataset/001968.npy
1969,train,mixed,2412,/home/aidevcon/Downloads/DATASET/librispeech/LibriSpeech/dev-clean/2412/153948/2412-153948-0014.flac,141569,Attribution,-3,/tmp/phi1/dataset/001969.npy
1970,train,mixed,7850,/home/aidevcon/Downloads/DATASET/librispeech/LibriSpeech/dev-clean/7850/281318/7850-281318-0019.flac,112789,Attribution-ShareAlike,10,/tmp/phi1/dataset/001970.npy
1971,train,mixed,6295,/home/aidevcon/Downloads/DATASET/librispeech/LibriSpeech/dev-clean/6295/244435/6295-244435-0037.flac,76659,Attribution,10,/tmp/phi1/dataset/001971.npy
1972,train,mixed,3170,/home/aidevcon/Downloads/DATASET/librispeech/LibriSpeech/dev-clean/3170/137482/3170-137482-0038.flac,122084,Attribution-ShareAlike,-3,/tmp/phi1/dataset/001972.npy
1973,train,mixed,8842,/home/aidevcon/Downloads/DATASET/librispeech/LibriSpeech/dev-clean/8842/302201/8842-302201-0015.flac,106564,Attribution-ShareAlike,-9,/tmp/phi1/dataset/001973.npy
1974,train,mixed,2412,/home/aidevcon/Downloads/DATASET/librispeech/LibriSpeech/dev-clean/2412/153947/2412-153947-0005.flac,142094,CC0 1.0 Universal,3,/tmp/phi1/dataset/001974.npy
1975,train,mixed,3170,/home/aidevcon/Downloads/DATASET/librispeech/LibriSpeech/dev-clean/3170/137482/3170-137482-0036.flac,39607,Creative Commons Attribution,-3,/tmp/phi1/dataset/001975.npy
1976,train,mixed,3576,/home/aidevcon/Downloads/DATASET/librispeech/LibriSpeech/dev-clean/3576/138058/3576-138058-0000.flac,141285,Attribution-ShareAlike,3,/tmp/phi1/dataset/001976.npy
1977,train,mixed,6319,/home/aidevcon/Downloads/DATASET/librispeech/LibriSpeech/dev-clean/6319/64726/6319-64726-0017.flac,75749,Creative Commons Attribution,10,/tmp/phi1/dataset/001977.npy
1978,train,mixed,5536,/home/aidevcon/Downloads/DATASET/librispeech/LibriSpeech/dev-clean/5536/43359/5536-43359-0009.flac,47076,Creative Commons Attribution,-3,/tmp/phi1/dataset/001978.npy
1979,train,mixed,3576,/home/aidevcon/Downloads/DATASET/librispeech/LibriSpeech/dev-clean/3576/138058/3576-138058-0033.flac,135363,Attribution,-3,/tmp/phi1/dataset/001979.npy
1980,train,mixed,1272,/home/aidevcon/Downloads/DATASET/librispeech/LibriSpeech/dev-clean/1272/141231/1272-141231-0009.flac,85792,Attribution-ShareAlike 3.0 International,3,/tmp/phi1/dataset/001980.npy
1981,train,mixed,6241,/home/aidevcon/Downloads/DATASET/librispeech/LibriSpeech/dev-clean/6241/61943/6241-61943-0018.flac,133448,CC0 1.0 Universal,10,/tmp/phi1/dataset/001981.npy
1982,train,mixed,8297,/home/aidevcon/Downloads/DATASET/librispeech/LibriSpeech/dev-clean/8297/275155/8297-275155-0024.flac,140344,Attribution,10,/tmp/phi1/dataset/001982.npy
1983,train,mixed,6319,/home/aidevcon/Downloads/DATASET/librispeech/LibriSpeech/dev-clean/6319/275224/6319-275224-0003.flac,54465,Creative Commons Attribution,-3,/tmp/phi1/dataset/001983.npy
1984,train,mixed,5895,/home/aidevcon/Downloads/DATASET/librispeech/LibriSpeech/dev-clean/5895/34615/5895-34615-0004.flac,38914,Public Domain,3,/tmp/phi1/dataset/001984.npy
1985,train,mixed,8842,/home/aidevcon/Downloads/DATASET/librispeech/LibriSpeech/dev-clean/8842/302201/8842-302201-0006.flac,62749,Attribution-ShareAlike 3.0 International,-3,/tmp/phi1/dataset/001985.npy
1986,train,mixed,174,/home/aidevcon/Downloads/DATASET/librispeech/LibriSpeech/dev-clean/174/168635/174-168635-0003.flac,55113,Attribution-ShareAlike 3.0 International,-9,/tmp/phi1/dataset/001986.npy
1987,train,mixed,3170,/home/aidevcon/Downloads/DATASET/librispeech/LibriSpeech/dev-clean/3170/137482/3170-137482-0043.flac,141303,Attribution-ShareAlike,10,/tmp/phi1/dataset/001987.npy
1988,train,mixed,5694,/home/aidevcon/Downloads/DATASET/librispeech/LibriSpeech/dev-clean/5694/64029/5694-64029-0013.flac,122683,Attribution,10,/tmp/phi1/dataset/001988.npy
1989,train,mixed,174,/home/aidevcon/Downloads/DATASET/librispeech/LibriSpeech/dev-clean/174/84280/174-84280-0013.flac,91162,Creative Commons Attribution,-3,/tmp/phi1/dataset/001989.npy
1990,train,mixed,2078,/home/aidevcon/Downloads/DATASET/librispeech/LibriSpeech/dev-clean/2078/142845/2078-142845-0012.flac,89814,Creative Commons Attribution,-3,/tmp/phi1/dataset/001990.npy
1991,train,mixed,3752,/home/aidevcon/Downloads/DATASET/librispeech/LibriSpeech/dev-clean/3752/4943/3752-4943-0001.flac,107577,Attribution,-3,/tmp/phi1/dataset/001991.npy
1992,train,mixed,6319,/home/aidevcon/Downloads/DATASET/librispeech/LibriSpeech/dev-clean/6319/64726/6319-64726-0004.flac,75931,Creative Commons Attribution,10,/tmp/phi1/dataset/001992.npy
1993,train,mixed,2412,/home/aidevcon/Downloads/DATASET/librispeech/LibriSpeech/dev-clean/2412/153948/2412-153948-0009.flac,62452,Attribution-ShareAlike 3.0 International,10,/tmp/phi1/dataset/001993.npy
1994,train,mixed,3170,/home/aidevcon/Downloads/DATASET/librispeech/LibriSpeech/dev-clean/3170/137482/3170-137482-0010.flac,135339,Attribution,10,/tmp/phi1/dataset/001994.npy
1995,train,mixed,1272,/home/aidevcon/Downloads/DATASET/librispeech/LibriSpeech/dev-clean/1272/135031/1272-135031-0001.flac,71508,Creative Commons Attribution,-9,/tmp/phi1/dataset/001995.npy
1996,train,mixed,777,/home/aidevcon/Downloads/DATASET/librispeech/LibriSpeech/dev-clean/777/126732/777-126732-0011.flac,124154,Attribution,-3,/tmp/phi1/dataset/001996.npy
1997,train,mixed,251,/home/aidevcon/Downloads/DATASET/librispeech/LibriSpeech/dev-clean/251/136532/251-136532-0019.flac,75975,Attribution-ShareAlike 3.0 International,10,/tmp/phi1/dataset/001997.npy
1998,train,mixed,1993,/home/aidevcon/Downloads/DATASET/librispeech/LibriSpeech/dev-clean/1993/147149/1993-147149-0023.flac,35534,Attribution-ShareAlike 3.0 International,-9,/tmp/phi1/dataset/001998.npy
1999,train,mixed,2412,/home/aidevcon/Downloads/DATASET/librispeech/LibriSpeech/dev-clean/2412/153948/2412-153948-0000.flac,15476,Attribution 3.0 United States,-3,/tmp/phi1/dataset/001999.npy
2000,train,mixed,6241,/home/aidevcon/Downloads/DATASET/librispeech/LibriSpeech/dev-clean/6241/66616/6241-66616-0009.flac,152570,Attribution,3,/tmp/phi1/dataset/002000.npy
2001,train,mixed,5694,/home/aidevcon/Downloads/DATASET/librispeech/LibriSpeech/dev-clean/5694/64038/5694-64038-0010.flac,152568,Attribution,3,/tmp/phi1/dataset/002001.npy
2002,train,mixed,1272,/home/aidevcon/Downloads/DATASET/librispeech/LibriSpeech/dev-clean/1272/128104/1272-128104-0000.flac,98578,Attribution,-3,/tmp/phi1/dataset/002002.npy
2003,train,mixed,5895,/home/aidevcon/Downloads/DATASET/librispeech/LibriSpeech/dev-clean/5895/34629/5895-34629-0021.flac,150064,Attribution-ShareAlike,-3,/tmp/phi1/dataset/002003.npy
2004,train,mixed,5536,/home/aidevcon/Downloads/DATASET/librispeech/LibriSpeech/dev-clean/5536/43363/5536-43363-0010.flac,150063,Attribution-ShareAlike,-3,/tmp/phi1/dataset/002004.npy
2005,train,mixed,652,/home/aidevcon/Downloads/DATASET/librispeech/LibriSpeech/dev-clean/652/130726/652-130726-0034.flac,75399,Creative Commons Attribution,3,/tmp/phi1/dataset/002005.npy
2006,train,mixed,1673,/home/aidevcon/Downloads/DATASET/librispeech/LibriSpeech/dev-clean/1673/143396/1673-143396-0004.flac,121319,Attribution,-9,/tmp/phi1/dataset/002006.npy
2007,train,mixed,3853,/home/aidevcon/Downloads/DATASET/librispeech/LibriSpeech/dev-clean/3853/163249/3853-163249-0000.flac,68543,Creative Commons Attribution,3,/tmp/phi1/dataset/002007.npy
2008,train,mixed,7976,/home/aidevcon/Downloads/DATASET/librispeech/LibriSpeech/dev-clean/7976/105575/7976-105575-0003.flac,6776,Attribution,10,/tmp/phi1/dataset/002008.npy
2009,train,mixed,2412,/home/aidevcon/Downloads/DATASET/librispeech/LibriSpeech/dev-clean/2412/153948/2412-153948-0006.flac,107434,Attribution,-3,/tmp/phi1/dataset/002009.npy
2010,train,mixed,1673,/home/aidevcon/Downloads/DATASET/librispeech/LibriSpeech/dev-clean/1673/143396/1673-143396-0020.flac,114395,Attribution,3,/tmp/phi1/dataset/002010.npy
2011,train,mixed,1988,/home/aidevcon/Downloads/DATASET/librispeech/LibriSpeech/dev-clean/1988/147956/1988-147956-0020.flac,133431,CC0 1.0 Universal,-3,/tmp/phi1/dataset/002011.npy
2012,train,mixed,251,/home/aidevcon/Downloads/DATASET/librispeech/LibriSpeech/dev-clean/251/137823/251-137823-0005.flac,22480,Attribution 3.0 United States,-9,/tmp/phi1/dataset/002012.npy
2013,train,mixed,8842,/home/aidevcon/Downloads/DATASET/librispeech/LibriSpeech/dev-clean/8842/302203/8842-302203-0000.flac,127294,Attribution,10,/tmp/phi1/dataset/002013.npy
2014,train,mixed,251,/home/aidevcon/Downloads/DATASET/librispeech/LibriSpeech/dev-clean/251/136532/251-136532-0004.flac,28546,Creative Commons Attribution,3,/tmp/phi1/dataset/002014.npy
2015,train,mixed,7850,/home/aidevcon/Downloads/DATASET/librispeech/LibriSpeech/dev-clean/7850/281318/7850-281318-0023.flac,63757,Attribution-ShareAlike,-9,/tmp/phi1/dataset/002015.npy
2016,train,mixed,8297,/home/aidevcon/Downloads/DATASET/librispeech/LibriSpeech/dev-clean/8297/275155/8297-275155-0000.flac,148028,Attribution,-9,/tmp/phi1/dataset/002016.npy
2017,train,mixed,6319,/home/aidevcon/Downloads/DATASET/librispeech/LibriSpeech/dev-clean/6319/64726/6319-64726-0002.flac,98583,Attribution,10,/tmp/phi1/dataset/002017.npy
2018,train,mixed,84,/home/aidevcon/Downloads/DATASET/librispeech/LibriSpeech/dev-clean/84/121123/84-121123-0017.flac,22000,Public Domain,10,/tmp/phi1/dataset/002018.npy
2019,train,mixed,1993,/home/aidevcon/Downloads/DATASET/librispeech/LibriSpeech/dev-clean/1993/147149/1993-147149-0006.flac,112788,Attribution-ShareAlike,10,/tmp/phi1/dataset/002019.npy
2020,train,mixed,7850,/home/aidevcon/Downloads/DATASET/librispeech/LibriSpeech/dev-clean/7850/281318/7850-281318-0014.flac,107029,Attribution-ShareAlike,-9,/tmp/phi1/dataset/002020.npy
2021,train,mixed,652,/home/aidevcon/Downloads/DATASET/librispeech/LibriSpeech/dev-clean/652/130726/652-130726-0021.flac,6679,Creative Commons Attribution,3,/tmp/phi1/dataset/002021.npy
2022,train,mixed,777,/home/aidevcon/Downloads/DATASET/librispeech/LibriSpeech/dev-clean/777/126732/777-126732-0007.flac,54469,Creative Commons Attribution,-9,/tmp/phi1/dataset/002022.npy
2023,train,mixed,174,/home/aidevcon/Downloads/DATASET/librispeech/LibriSpeech/dev-clean/174/84280/174-84280-0003.flac,38823,Attribution-Share Alike 3.0 United States,3,/tmp/phi1/dataset/002023.npy
2024,train,mixed,1272,/home/aidevcon/Downloads/DATASET/librispeech/LibriSpeech/dev-clean/1272/135031/1272-135031-0024.flac,119939,Attribution-ShareAlike,-9,/tmp/phi1/dataset/002024.npy
2025,train,mixed,84,/home/aidevcon/Downloads/DATASET/librispeech/LibriSpeech/dev-clean/84/121550/84-121550-0022.flac,104277,Attribution-ShareAlike,10,/tmp/phi1/dataset/002025.npy
2026,train,mixed,6319,/home/aidevcon/Downloads/DATASET/librispeech/LibriSpeech/dev-clean/6319/64726/6319-64726-0007.flac,113809,Attribution-ShareAlike,-3,/tmp/phi1/dataset/002026.npy
2027,train,mixed,1993,/home/aidevcon/Downloads/DATASET/librispeech/LibriSpeech/dev-clean/1993/147149/1993-147149-0000.flac,114392,Attribution,-9,/tmp/phi1/dataset/002027.npy
2028,train,mixed,5536,/home/aidevcon/Downloads/DATASET/librispeech/LibriSpeech/dev-clean/5536/43359/5536-43359-0011.flac,74945,Attribution-ShareAlike 3.0 International,-9,/tmp/phi1/dataset/002028.npy
2029,train,mixed,652,/home/aidevcon/Downloads/DATASET/librispeech/LibriSpeech/dev-clean/652/129742/652-129742-0006.flac,147126,Attribution,-3,/tmp/phi1/dataset/002029.npy
2030,train,mixed,1673,/home/aidevcon/Downloads/DATASET/librispeech/LibriSpeech/dev-clean/1673/143397/1673-143397-0007.flac,141735,Attribution,-9,/tmp/phi1/dataset/002030.npy
2031,train,mixed,6319,/home/aidevcon/Downloads/DATASET/librispeech/LibriSpeech/dev-clean/6319/275224/6319-275224-0008.flac,107028,Attribution-ShareAlike,-9,/tmp/phi1/dataset/002031.npy
2032,train,mixed,652,/home/aidevcon/Downloads/DATASET/librispeech/LibriSpeech/dev-clean/652/130726/652-130726-0022.flac,24917,Attribution 3.0 United States,-9,/tmp/phi1/dataset/002032.npy
2033,train,mixed,2803,/home/aidevcon/Downloads/DATASET/librispeech/LibriSpeech/dev-clean/2803/154328/2803-154328-0023.flac,150063,Attribution-ShareAlike,-9,/tmp/phi1/dataset/002033.npy
2034,train,mixed,1988,/home/aidevcon/Downloads/DATASET/librispeech/LibriSpeech/dev-clean/1988/148538/1988-148538-0005.flac,147412,Attribution,-9,/tmp/phi1/dataset/002034.npy
2035,train,mixed,2803,/home/aidevcon/Downloads/DATASET/librispeech/LibriSpeech/dev-clean/2803/161169/2803-161169-0013.flac,52639,Attribution 3.0 United States,3,/tmp/phi1/dataset/002035.npy
2036,train,mixed,1673,/home/aidevcon/Downloads/DATASET/librispeech/LibriSpeech/dev-clean/1673/143397/1673-143397-0017.flac,91161,Creative Commons Attribution,3,/tmp/phi1/dataset/002036.npy
2037,train,mixed,7976,/home/aidevcon/Downloads/DATASET/librispeech/LibriSpeech/dev-clean/7976/110523/7976-110523-0004.flac,107589,Attribution,3,/tmp/phi1/dataset/002037.npy
2038,train,mixed,3170,/home/aidevcon/Downloads/DATASET/librispeech/LibriSpeech/dev-clean/3170/137482/3170-137482-0035.flac,127192,Attribution-ShareAlike,-9,/tmp/phi1/dataset/002038.npy
2039,train,mixed,7850,/home/aidevcon/Downloads/DATASET/librispeech/LibriSpeech/dev-clean/7850/286674/7850-286674-0002.flac,107030,Attribution-ShareAlike,-9,/tmp/phi1/dataset/002039.npy
2040,train,mixed,3576,/home/aidevcon/Downloads/DATASET/librispeech/LibriSpeech/dev-clean/3576/138058/3576-138058-0024.flac,127296,Attribution,3,/tmp/phi1/dataset/002040.npy
2041,train,mixed,2412,/home/aidevcon/Downloads/DATASET/librispeech/LibriSpeech/dev-clean/2412/153954/2412-153954-0011.flac,97286,Attribution,10,/tmp/phi1/dataset/002041.npy
2042,train,mixed,3170,/home/aidevcon/Downloads/DATASET/librispeech/LibriSpeech/dev-clean/3170/137482/3170-137482-0037.flac,7490,Attribution 3.0 United States,3,/tmp/phi1/dataset/002042.npy
2043,train,mixed,5694,/home/aidevcon/Downloads/DATASET/librispeech/LibriSpeech/dev-clean/5694/64025/5694-64025-0010.flac,115339,Attribution,-9,/tmp/phi1/dataset/002043.npy
2044,train,mixed,3576,/home/aidevcon/Downloads/DATASET/librispeech/LibriSpeech/dev-clean/3576/138058/3576-138058-0022.flac,142078,Attribution,-9,/tmp/phi1/dataset/002044.npy
2045,train,mixed,1673,/home/aidevcon/Downloads/DATASET/librispeech/LibriSpeech/dev-clean/1673/143396/1673-143396-0013.flac,121313,Attribution,10,/tmp/phi1/dataset/002045.npy
2046,train,mixed,3752,/home/aidevcon/Downloads/DATASET/librispeech/LibriSpeech/dev-clean/3752/4943/3752-4943-0007.flac,93921,Attribution-ShareAlike 3.0 International,3,/tmp/phi1/dataset/002046.npy
2047,train,mixed,1272,/home/aidevcon/Downloads/DATASET/librispeech/LibriSpeech/dev-clean/1272/141231/1272-141231-0005.flac,93921,Attribution-ShareAlike 3.0 International,-3,/tmp/phi1/dataset/002047.npy
2048,train,mixed,652,/home/aidevcon/Downloads/DATASET/librispeech/LibriSpeech/dev-clean/652/130726/652-130726-0033.flac,134931,Attribution,10,/tmp/phi1/dataset/002048.npy
2049,train,mixed,3853,/home/aidevcon/Downloads/DATASET/librispeech/LibriSpeech/dev-clean/3853/163249/3853-163249-0016.flac,139776,Attribution,-9,/tmp/phi1/dataset/002049.npy
2050,train,mixed,2086,/home/aidevcon/Downloads/DATASET/librispeech/LibriSpeech/dev-clean/2086/149220/2086-149220-0019.flac,62751,Attribution-ShareAlike 3.0 International,10,/tmp/phi1/dataset/002050.npy
2051,train,mixed,7976,/home/aidevcon/Downloads/DATASET/librispeech/LibriSpeech/dev-clean/7976/105575/7976-105575-0024.flac,114396,Attribution,10,/tmp/phi1/dataset/002051.npy
2052,train,mixed,3853,/home/aidevcon/Downloads/DATASET/librispeech/LibriSpeech/dev-clean/3853/163249/3853-163249-0027.flac,126584,Attribution-ShareAlike,-3,/tmp/phi1/dataset/002052.npy
2053,train,mixed,1993,/home/aidevcon/Downloads/DATASET/librispeech/LibriSpeech/dev-clean/1993/147149/1993-147149-0024.flac,127996,Attribution,-3,/tmp/phi1/dataset/002053.npy
2054,train,mixed,84,/home/aidevcon/Downloads/DATASET/librispeech/LibriSpeech/dev-clean/84/121550/84-121550-0004.flac,72068,Attribution,10,/tmp/phi1/dataset/002054.npy
2055,train,mixed,3853,/home/aidevcon/Downloads/DATASET/librispeech/LibriSpeech/dev-clean/3853/163249/3853-163249-0017.flac,64517,Attribution-ShareAlike 3.0 International,3,/tmp/phi1/dataset/002055.npy
2056,train,mixed,2428,/home/aidevcon/Downloads/DATASET/librispeech/LibriSpeech/dev-clean/2428/83705/2428-83705-0026.flac,113971,Attribution,10,/tmp/phi1/dataset/002056.npy
2057,train,mixed,2078,/home/aidevcon/Downloads/DATASET/librispeech/LibriSpeech/dev-clean/2078/142845/2078-142845-0008.flac,64861,Creative Commons Attribution,-3,/tmp/phi1/dataset/002057.npy
2058,train,mixed,174,/home/aidevcon/Downloads/DATASET/librispeech/LibriSpeech/dev-clean/174/84280/174-84280-0002.flac,73175,Attribution 3.0 United States,-3,/tmp/phi1/dataset/002058.npy
2059,train,mixed,6319,/home/aidevcon/Downloads/DATASET/librispeech/LibriSpeech/dev-clean/6319/64726/6319-64726-0000.flac,135338,Attribution,-3,/tmp/phi1/dataset/002059.npy
2060,train,mixed,1988,/home/aidevcon/Downloads/DATASET/librispeech/LibriSpeech/dev-clean/1988/147956/1988-147956-0007.flac,71511,Creative Commons Attribution,-3,/tmp/phi1/dataset/002060.npy
2061,train,mixed,5694,/home/aidevcon/Downloads/DATASET/librispeech/LibriSpeech/dev-clean/5694/64038/5694-64038-0004.flac,112315,Attribution,-3,/tmp/phi1/dataset/002061.npy
2062,train,mixed,652,/home/aidevcon/Downloads/DATASET/librispeech/LibriSpeech/dev-clean/652/130726/652-130726-0022.flac,75375,Creative Commons Attribution,-9,/tmp/phi1/dataset/002062.npy
2063,train,mixed,652,/home/aidevcon/Downloads/DATASET/librispeech/LibriSpeech/dev-clean/652/130737/652-130737-0002.flac,75375,Creative Commons Attribution,10,/tmp/phi1/dataset/002063.npy
2064,train,mixed,3170,/home/aidevcon/Downloads/DATASET/librispeech/LibriSpeech/dev-clean/3170/137482/3170-137482-0002.flac,121319,Attribution,3,/tmp/phi1/dataset/002064.npy
2065,train,mixed,5536,/home/aidevcon/Downloads/DATASET/librispeech/LibriSpeech/dev-clean/5536/43358/5536-43358-0008.flac,98770,Attribution-ShareAlike,3,/tmp/phi1/dataset/002065.npy
2066,train,mixed,1673,/home/aidevcon/Downloads/DATASET/librispeech/LibriSpeech/dev-clean/1673/143396/1673-143396-0019.flac,35534,Attribution-ShareAlike 3.0 International,-9,/tmp/phi1/dataset/002066.npy
2067,train,mixed,2412,/home/aidevcon/Downloads/DATASET/librispeech/LibriSpeech/dev-clean/2412/153947/2412-153947-0011.flac,15488,Public Domain,10,/tmp/phi1/dataset/002067.npy
2068,train,mixed,1993,/home/aidevcon/Downloads/DATASET/librispeech/LibriSpeech/dev-clean/1993/147149/1993-147149-0027.flac,115813,Attribution,-3,/tmp/phi1/dataset/002068.npy
2069,train,mixed,6295,/home/aidevcon/Downloads/DATASET/librispeech/LibriSpeech/dev-clean/6295/64301/6295-64301-0000.flac,107426,Attribution,-3,/tmp/phi1/dataset/002069.npy
2070,train,mixed,2086,/home/aidevcon/Downloads/DATASET/librispeech/LibriSpeech/dev-clean/2086/149220/2086-149220-0049.flac,88873,Attribution 3.0 United States,3,/tmp/phi1/dataset/002070.npy
2071,train,mixed,2078,/home/aidevcon/Downloads/DATASET/librispeech/LibriSpeech/dev-clean/2078/142845/2078-142845-0005.flac,134930,Attribution,3,/tmp/phi1/dataset/002071.npy
2072,train,mixed,3752,/home/aidevcon/Downloads/DATASET/librispeech/LibriSpeech/dev-clean/3752/4943/3752-4943-0010.flac,63770,Attribution-ShareAlike,-9,/tmp/phi1/dataset/002072.npy
2073,train,mixed,5895,/home/aidevcon/Downloads/DATASET/librispeech/LibriSpeech/dev-clean/5895/34622/5895-34622-0022.flac,55122,Attribution-ShareAlike 3.0 International,10,/tmp/phi1/dataset/002073.npy
2074,train,mixed,5694,/home/aidevcon/Downloads/DATASET/librispeech/LibriSpeech/dev-clean/5694/64025/5694-64025-0021.flac,118276,Attribution,10,/tmp/phi1/dataset/002074.npy
2075,train,mixed,3576,/home/aidevcon/Downloads/DATASET/librispeech/LibriSpeech/dev-clean/3576/138058/3576-138058-0004.flac,7554,Attribution,-3,/tmp/phi1/dataset/002075.npy
2076,train,mixed,251,/home/aidevcon/Downloads/DATASET/librispeech/LibriSpeech/dev-clean/251/136532/251-136532-0023.flac,127301,Attribution,10,/tmp/phi1/dataset/002076.npy
2077,train,mixed,652,/home/aidevcon/Downloads/DATASET/librispeech/LibriSpeech/dev-clean/652/129742/652-129742-0013.flac,141591,Attribution,10,/tmp/phi1/dataset/002077.npy
2078,train,mixed,3853,/home/aidevcon/Downloads/DATASET/librispeech/LibriSpeech/dev-clean/3853/163249/3853-163249-0049.flac,72073,Attribution,-9,/tmp/phi1/dataset/002078.npy
2079,train,mixed,6241,/home/aidevcon/Downloads/DATASET/librispeech/LibriSpeech/dev-clean/6241/66616/6241-66616-0007.flac,75747,Creative Commons Attribution,-9,/tmp/phi1/dataset/002079.npy
2080,train,mixed,3170,/home/aidevcon/Downloads/DATASET/librispeech/LibriSpeech/dev-clean/3170/137482/3170-137482-0003.flac,71514,Creative Commons Attribution,-3,/tmp/phi1/dataset/002080.npy
2081,train,mixed,652,/home/aidevcon/Downloads/DATASET/librispeech/LibriSpeech/dev-clean/652/130726/652-130726-0033.flac,12174,Attribution-ShareAlike 3.0 International,-9,/tmp/phi1/dataset/002081.npy
2082,train,mixed,652,/home/aidevcon/Downloads/DATASET/librispeech/LibriSpeech/dev-clean/652/130726/652-130726-0008.flac,46157,Attribution-ShareAlike 3.0 International,-3,/tmp/phi1/dataset/002082.npy
2083,train,mixed,2803,/home/aidevcon/Downloads/DATASET/librispeech/LibriSpeech/dev-clean/2803/161169/2803-161169-0012.flac,6684,Creative Commons Attribution,-9,/tmp/phi1/dataset/002083.npy
2084,train,mixed,2412,/home/aidevcon/Downloads/DATASET/librispeech/LibriSpeech/dev-clean/2412/153948/2412-153948-0006.flac,122081,Attribution-ShareAlike,-9,/tmp/phi1/dataset/002084.npy
2085,train,mixed,5895,/home/aidevcon/Downloads/DATASET/librispeech/LibriSpeech/dev-clean/5895/34629/5895-34629-0008.flac,127297,Attribution,3,/tmp/phi1/dataset/002085.npy
2086,train,mixed,2412,/home/aidevcon/Downloads/DATASET/librispeech/LibriSpeech/dev-clean/2412/153954/2412-153954-0017.flac,80518,Attribution-ShareAlike 3.0 International,3,/tmp/phi1/dataset/002086.npy
2087,train,mixed,652,/home/aidevcon/Downloads/DATASET/librispeech/LibriSpeech/dev-clean/652/130726/652-130726-0002.flac,68573,Creative Commons Attribution,-9,/tmp/phi1/dataset/002087.npy
2088,train,mixed,251,/home/aidevcon/Downloads/DATASET/librispeech/LibriSpeech/dev-clean/251/136532/251-136532-0003.flac,71254,Attribution-ShareAlike 3.0 International,-9,/tmp/phi1/dataset/002088.npy
2089,train,mixed,6313,/home/aidevcon/Downloads/DATASET/librispeech/LibriSpeech/dev-clean/6313/66125/6313-66125-0027.flac,55480,Attribution-ShareAlike 3.0 International,-9,/tmp/phi1/dataset/002089.npy
2090,train,mixed,3853,/home/aidevcon/Downloads/DATASET/librispeech/LibriSpeech/dev-clean/3853/163249/3853-163249-0005.flac,140933,Creative Commons Attribution,3,/tmp/phi1/dataset/002090.npy
2091,train,mixed,2412,/home/aidevcon/Downloads/DATASET/librispeech/LibriSpeech/dev-clean/2412/153948/2412-153948-0004.flac,122077,Attribution-ShareAlike,-3,/tmp/phi1/dataset/002091.npy
2092,train,mixed,3170,/home/aidevcon/Downloads/DATASET/librispeech/LibriSpeech/dev-clean/3170/137482/3170-137482-0005.flac,10698,Creative Commons Attribution,10,/tmp/phi1/dataset/002092.npy
2093,train,mixed,8297,/home/aidevcon/Downloads/DATASET/librispeech/LibriSpeech/dev-clean/8297/275155/8297-275155-0004.flac,127194,Attribution-ShareAlike,-9,/tmp/phi1/dataset/002093.npy
2094,train,mixed,1673,/home/aidevcon/Downloads/DATASET/librispeech/LibriSpeech/dev-clean/1673/143396/1673-143396-0005.flac,127301,Attribution,-9,/tmp/phi1/dataset/002094.npy
2095,train,mixed,6345,/home/aidevcon/Downloads/DATASET/librispeech/LibriSpeech/dev-clean/6345/64257/6345-64257-0009.flac,126603,Attribution-ShareAlike,3,/tmp/phi1/dataset/002095.npy
2096,train,mixed,2078,/home/aidevcon/Downloads/DATASET/librispeech/LibriSpeech/dev-clean/2078/142845/2078-142845-0025.flac,61013,Creative Commons Attribution,-9,/tmp/phi1/dataset/002096.npy
2097,train,mixed,652,/home/aidevcon/Downloads/DATASET/librispeech/LibriSpeech/dev-clean/652/130726/652-130726-0023.flac,13556,Attribution-ShareAlike 3.0 International,-3,/tmp/phi1/dataset/002097.npy
2098,train,mixed,2078,/home/aidevcon/Downloads/DATASET/librispeech/LibriSpeech/dev-clean/2078/142845/2078-142845-0043.flac,122080,Attribution-ShareAlike,10,/tmp/phi1/dataset/002098.npy
2099,train,mixed,2078,/home/aidevcon/Downloads/DATASET/librispeech/LibriSpeech/dev-clean/2078/142845/2078-142845-0005.flac,141300,Attribution-ShareAlike,-9,/tmp/phi1/dataset/002099.npy
2100,train,mixed,1993,/home/aidevcon/Downloads/DATASET/librispeech/LibriSpeech/dev-clean/1993/147149/1993-147149-0030.flac,140925,Creative Commons Attribution,-3,/tmp/phi1/dataset/002100.npy
2101,train,mixed,6319,/home/aidevcon/Downloads/DATASET/librispeech/LibriSpeech/dev-clean/6319/57405/6319-57405-0004.flac,14344,Creative Commons Attribution,10,/tmp/phi1/dataset/002101.npy
2102,train,mixed,84,/home/aidevcon/Downloads/DATASET/librispeech/LibriSpeech/dev-clean/84/121123/84-121123-0003.flac,110262,Attribution,3,/tmp/phi1/dataset/002102.npy
2103,train,mixed,1993,/home/aidevcon/Downloads/DATASET/librispeech/LibriSpeech/dev-clean/1993/147964/1993-147964-0010.flac,115597,Attribution,10,/tmp/phi1/dataset/002103.npy
2104,train,mixed,777,/home/aidevcon/Downloads/DATASET/librispeech/LibriSpeech/dev-clean/777/126732/777-126732-0031.flac,52634,Attribution 3.0 United States,-3,/tmp/phi1/dataset/002104.npy
2105,train,mixed,2803,/home/aidevcon/Downloads/DATASET/librispeech/LibriSpeech/dev-clean/2803/154328/2803-154328-0008.flac,112316,Attribution,10,/tmp/phi1/dataset/002105.npy
2106,train,mixed,652,/home/aidevcon/Downloads/DATASET/librispeech/LibriSpeech/dev-clean/652/129742/652-129742-0016.flac,107597,Attribution,10,/tmp/phi1/dataset/002106.npy
2107,train,mixed,8842,/home/aidevcon/Downloads/DATASET/librispeech/LibriSpeech/dev-clean/8842/304647/8842-304647-0003.flac,38825,Attribution-Share Alike 3.0 United States,3,/tmp/phi1/dataset/002107.npy
2108,train,mixed,5895,/home/aidevcon/Downloads/DATASET/librispeech/LibriSpeech/dev-clean/5895/34629/5895-34629-0006.flac,124891,Attribution,10,/tmp/phi1/dataset/002108.npy
2109,train,mixed,652,/home/aidevcon/Downloads/DATASET/librispeech/LibriSpeech/dev-clean/652/129742/652-129742-0009.flac,134937,Attribution,3,/tmp/phi1/dataset/002109.npy
2110,train,mixed,1988,/home/aidevcon/Downloads/DATASET/librispeech/LibriSpeech/dev-clean/1988/148538/1988-148538-0009.flac,51115,Creative Commons Attribution,-9,/tmp/phi1/dataset/002110.npy
2111,train,mixed,251,/home/aidevcon/Downloads/DATASET/librispeech/LibriSpeech/dev-clean/251/118436/251-118436-0019.flac,98574,Attribution,10,/tmp/phi1/dataset/002111.npy
2112,train,mixed,174,/home/aidevcon/Downloads/DATASET/librispeech/LibriSpeech/dev-clean/174/84280/174-84280-0001.flac,38828,Attribution-Share Alike 3.0 United States,10,/tmp/phi1/dataset/002112.npy
2113,train,mixed,1993,/home/aidevcon/Downloads/DATASET/librispeech/LibriSpeech/dev-clean/1993/147149/1993-147149-0022.flac,62436,Attribution-ShareAlike 3.0 International,3,/tmp/phi1/dataset/002113.npy
2114,train,mixed,7850,/home/aidevcon/Downloads/DATASET/librispeech/LibriSpeech/dev-clean/7850/73752/7850-73752-0003.flac,114408,Attribution,10,/tmp/phi1/dataset/002114.npy
2115,train,mixed,7976,/home/aidevcon/Downloads/DATASET/librispeech/LibriSpeech/dev-clean/7976/110523/7976-110523-0012.flac,14653,Attribution-ShareAlike 3.0 International,-3,/tmp/phi1/dataset/002115.npy
2116,train,mixed,2086,/home/aidevcon/Downloads/DATASET/librispeech/LibriSpeech/dev-clean/2086/149214/2086-149214-0004.flac,92888,Attribution-ShareAlike 3.0 International,3,/tmp/phi1/dataset/002116.npy
2117,train,mixed,5536,/home/aidevcon/Downloads/DATASET/librispeech/LibriSpeech/dev-clean/5536/43358/5536-43358-0003.flac,131837,Attribution,3,/tmp/phi1/dataset/002117.npy
2118,train,mixed,3170,/home/aidevcon/Downloads/DATASET/librispeech/LibriSpeech/dev-clean/3170/137482/3170-137482-0006.flac,45101,Attribution,-9,/tmp/phi1/dataset/002118.npy
2119,train,mixed,2086,/home/aidevcon/Downloads/DATASET/librispeech/LibriSpeech/dev-clean/2086/149220/2086-149220-0016.flac,75751,Creative Commons Attribution,10,/tmp/phi1/dataset/002119.npy
2120,train,mixed,7976,/home/aidevcon/Downloads/DATASET/librispeech/LibriSpeech/dev-clean/7976/110124/7976-110124-0018.flac,154305,Attribution,-3,/tmp/phi1/dataset/002120.npy
2121,train,mixed,7976,/home/aidevcon/Downloads/DATASET/librispeech/LibriSpeech/dev-clean/7976/110124/7976-110124-0010.flac,130682,Attribution,-9,/tmp/phi1/dataset/002121.npy
2122,train,mixed,3170,/home/aidevcon/Downloads/DATASET/librispeech/LibriSpeech/dev-clean/3170/137482/3170-137482-0031.flac,145004,Attribution,10,/tmp/phi1/dataset/002122.npy
2123,train,mixed,1272,/home/aidevcon/Downloads/DATASET/librispeech/LibriSpeech/dev-clean/1272/141231/1272-141231-0004.flac,107577,Attribution,-9,/tmp/phi1/dataset/002123.npy
2124,train,mixed,777,/home/aidevcon/Downloads/DATASET/librispeech/LibriSpeech/dev-clean/777/126732/777-126732-0060.flac,114242,Attribution,10,/tmp/phi1/dataset/002124.npy
2125,train,mixed,5694,/home/aidevcon/Downloads/DATASET/librispeech/LibriSpeech/dev-clean/5694/64025/5694-64025-0014.flac,122084,Attribution-ShareAlike,-3,/tmp/phi1/dataset/002125.npy
2126,train,mixed,3752,/home/aidevcon/Downloads/DATASET/librispeech/LibriSpeech/dev-clean/3752/4944/3752-4944-0022.flac,62445,Attribution-ShareAlike 3.0 International,-9,/tmp/phi1/dataset/002126.npy
2127,train,mixed,6345,/home/aidevcon/Downloads/DATASET/librispeech/LibriSpeech/dev-clean/6345/93302/6345-93302-0018.flac,10693,Creative Commons Attribution,3,/tmp/phi1/dataset/002127.npy
2128,train,mixed,174,/home/aidevcon/Downloads/DATASET/librispeech/LibriSpeech/dev-clean/174/50561/174-50561-0010.flac,52631,Attribution 3.0 United States,-9,/tmp/phi1/dataset/002128.npy
2129,train,mixed,5895,/home/aidevcon/Downloads/DATASET/librispeech/LibriSpeech/dev-clean/5895/34622/5895-34622-0019.flac,149417,Attribution,10,/tmp/phi1/dataset/002129.npy
2130,train,mixed,1993,/home/aidevcon/Downloads/DATASET/librispeech/LibriSpeech/dev-clean/1993/147965/1993-147965-0008.flac,123979,Attribution,-3,/tmp/phi1/dataset/002130.npy
2131,train,mixed,8842,/home/aidevcon/Downloads/DATASET/librispeech/LibriSpeech/dev-clean/8842/302201/8842-302201-0014.flac,71515,Creative Commons Attribution,-9,/tmp/phi1/dataset/002131.npy
2132,train,mixed,8842,/home/aidevcon/Downloads/DATASET/librispeech/LibriSpeech/dev-clean/8842/302203/8842-302203-0009.flac,122352,Attribution,-3,/tmp/phi1/dataset/002132.npy
2133,train,mixed,3576,/home/aidevcon/Downloads/DATASET/librispeech/LibriSpeech/dev-clean/3576/138058/3576-138058-0039.flac,35535,Attribution-ShareAlike 3.0 International,10,/tmp/phi1/dataset/002133.npy
2134,train,mixed,777,/home/aidevcon/Downloads/DATASET/librispeech/LibriSpeech/dev-clean/777/126732/777-126732-0013.flac,51004,Creative Commons Attribution,10,/tmp/phi1/dataset/002134.npy
2135,train,mixed,2803,/home/aidevcon/Downloads/DATASET/librispeech/LibriSpeech/dev-clean/2803/161169/2803-161169-0012.flac,52639,Attribution 3.0 United States,10,/tmp/phi1/dataset/002135.npy
2136,train,mixed,7850,/home/aidevcon/Downloads/DATASET/librispeech/LibriSpeech/dev-clean/7850/111771/7850-111771-0008.flac,112318,Attribution,3,/tmp/phi1/dataset/002136.npy
2137,train,mixed,6295,/home/aidevcon/Downloads/DATASET/librispeech/LibriSpeech/dev-clean/6295/64301/6295-64301-0025.flac,75374,Creative Commons Attribution,-3,/tmp/phi1/dataset/002137.npy
2138,train,mixed,7976,/home/aidevcon/Downloads/DATASET/librispeech/LibriSpeech/dev-clean/7976/105575/7976-105575-0006.flac,38829,Attribution-Share Alike 3.0 United States,3,/tmp/phi1/dataset/002138.npy
2139,train,mixed,3576,/home/aidevcon/Downloads/DATASET/librispeech/LibriSpeech/dev-clean/3576/138058/3576-138058-0028.flac,123979,Attribution,3,/tmp/phi1/dataset/002139.npy
2140,train,mixed,6345,/home/aidevcon/Downloads/DATASET/librispeech/LibriSpeech/dev-clean/6345/93306/6345-93306-0002.flac,7554,Attribution,-3,/tmp/phi1/dataset/002140.npy
2141,train,mixed,6319,/home/aidevcon/Downloads/DATASET/librispeech/LibriSpeech/dev-clean/6319/57405/6319-57405-0009.flac,38859,Creative Commons Attribution,10,/tmp/phi1/dataset/002141.npy
2142,train,mixed,652,/home/aidevcon/Downloads/DATASET/librispeech/LibriSpeech/dev-clean/652/129742/652-129742-0003.flac,141290,Attribution-ShareAlike,3,/tmp/phi1/dataset/002142.npy
2143,train,mixed,3170,/home/aidevcon/Downloads/DATASET/librispeech/LibriSpeech/dev-clean/3170/137482/3170-137482-0039.flac,112789,Attribution-ShareAlike,-3,/tmp/phi1/dataset/002143.npy
2144,train,mixed,1993,/home/aidevcon/Downloads/DATASET/librispeech/LibriSpeech/dev-clean/1993/147149/1993-147149-0015.flac,123969,Attribution,-9,/tmp/phi1/dataset/002144.npy
2145,train,mixed,6345,/home/aidevcon/Downloads/DATASET/librispeech/LibriSpeech/dev-clean/6345/93306/6345-93306-0000.flac,127996,Attribution,3,/tmp/phi1/dataset/002145.npy
2146,train,mixed,6295,/home/aidevcon/Downloads/DATASET/librispeech/LibriSpeech/dev-clean/6295/244435/6295-244435-0002.flac,124154,Attribution,10,/tmp/phi1/dataset/002146.npy
2147,train,mixed,174,/home/aidevcon/Downloads/DATASET/librispeech/LibriSpeech/dev-clean/174/84280/174-84280-0004.flac,7548,Attribution,-3,/tmp/phi1/dataset/002147.npy
2148,train,mixed,777,/home/aidevcon/Downloads/DATASET/librispeech/LibriSpeech/dev-clean/777/126732/777-126732-0014.flac,127192,Attribution-ShareAlike,3,/tmp/phi1/dataset/002148.npy
2149,train,mixed,1993,/home/aidevcon/Downloads/DATASET/librispeech/LibriSpeech/dev-clean/1993/147149/1993-147149-0016.flac,110262,Attribution,10,/tmp/phi1/dataset/002149.npy
2150,train,mixed,6295,/home/aidevcon/Downloads/DATASET/librispeech/LibriSpeech/dev-clean/6295/64301/6295-64301-0031.flac,75211,Attribution-ShareAlike 3.0 International,10,/tmp/phi1/dataset/002150.npy
2151,train,mixed,7976,/home/aidevcon/Downloads/DATASET/librispeech/LibriSpeech/dev-clean/7976/110523/7976-110523-0007.flac,134918,Attribution,-3,/tmp/phi1/dataset/002151.npy
2152,train,mixed,2412,/home/aidevcon/Downloads/DATASET/librispeech/LibriSpeech/dev-clean/2412/153947/2412-153947-0016.flac,51112,Creative Commons Attribution,-9,/tmp/phi1/dataset/002152.npy
2153,train,mixed,251,/home/aidevcon/Downloads/DATASET/librispeech/LibriSpeech/dev-clean/251/136532/251-136532-0003.flac,64866,Creative Commons Attribution,10,/tmp/phi1/dataset/002153.npy
2154,train,mixed,3576,/home/aidevcon/Downloads/DATASET/librispeech/LibriSpeech/dev-clean/3576/138058/3576-138058-0015.flac,113511,Attribution,-3,/tmp/phi1/dataset/002154.npy
2155,train,mixed,6241,/home/aidevcon/Downloads/DATASET/librispeech/LibriSpeech/dev-clean/6241/61946/6241-61946-0022.flac,98577,Attribution,3,/tmp/phi1/dataset/002155.npy
2156,train,mixed,174,/home/aidevcon/Downloads/DATASET/librispeech/LibriSpeech/dev-clean/174/50561/174-50561-0001.flac,130129,Attribution,-9,/tmp/phi1/dataset/002156.npy
2157,train,mixed,8297,/home/aidevcon/Downloads/DATASET/librispeech/LibriSpeech/dev-clean/8297/275155/8297-275155-0018.flac,129972,Attribution,-3,/tmp/phi1/dataset/002157.npy
2158,train,mixed,84,/home/aidevcon/Downloads/DATASET/librispeech/LibriSpeech/dev-clean/84/121550/84-121550-0035.flac,52650,Attribution 3.0 United States,-3,/tmp/phi1/dataset/002158.npy
2159,train,mixed,2803,/home/aidevcon/Downloads/DATASET/librispeech/LibriSpeech/dev-clean/2803/154328/2803-154328-0017.flac,73171,Attribution 3.0 United States,-9,/tmp/phi1/dataset/002159.npy
2160,train,mixed,6319,/home/aidevcon/Downloads/DATASET/librispeech/LibriSpeech/dev-clean/6319/275224/6319-275224-0014.flac,64521,Attribution-ShareAlike 3.0 International,10,/tmp/phi1/dataset/002160.npy
2161,train,mixed,6319,/home/aidevcon/Downloads/DATASET/librispeech/LibriSpeech/dev-clean/6319/64726/6319-64726-0002.flac,17782,Attribution-Share Alike 3.0 United States,10,/tmp/phi1/dataset/002161.npy
2162,train,mixed,7850,/home/aidevcon/Downloads/DATASET/librispeech/LibriSpeech/dev-clean/7850/111771/7850-111771-0009.flac,54466,Creative Commons Attribution,3,/tmp/phi1/dataset/002162.npy
2163,train,mixed,6295,/home/aidevcon/Downloads/DATASET/librispeech/LibriSpeech/dev-clean/6295/64301/6295-64301-0011.flac,126055,Attribution-ShareAlike,3,/tmp/phi1/dataset/002163.npy
2164,train,mixed,2803,/home/aidevcon/Downloads/DATASET/librispeech/LibriSpeech/dev-clean/2803/154328/2803-154328-0015.flac,72075,Attribution,3,/tmp/phi1/dataset/002164.npy
2165,train,mixed,3576,/home/aidevcon/Downloads/DATASET/librispeech/LibriSpeech/dev-clean/3576/138058/3576-138058-0035.flac,91161,Creative Commons Attribution,-9,/tmp/phi1/dataset/002165.npy
2166,train,mixed,3576,/home/aidevcon/Downloads/DATASET/librispeech/LibriSpeech/dev-clean/3576/138058/3576-138058-0000.flac,15488,Public Domain,-9,/tmp/phi1/dataset/002166.npy
2167,train,mixed,251,/home/aidevcon/Downloads/DATASET/librispeech/LibriSpeech/dev-clean/251/136532/251-136532-0017.flac,88846,Attribution 3.0 United States,10,/tmp/phi1/dataset/002167.npy
2168,train,mixed,8297,/home/aidevcon/Downloads/DATASET/librispeech/LibriSpeech/dev-clean/8297/275155/8297-275155-0019.flac,16162,Attribution-ShareAlike 3.0 International,-3,/tmp/phi1/dataset/002168.npy
2169,train,mixed,3170,/home/aidevcon/Downloads/DATASET/librispeech/LibriSpeech/dev-clean/3170/137482/3170-137482-0025.flac,88867,Attribution 3.0 United States,10,/tmp/phi1/dataset/002169.npy
2170,train,mixed,2078,/home/aidevcon/Downloads/DATASET/librispeech/LibriSpeech/dev-clean/2078/142845/2078-142845-0031.flac,130133,Attribution,-3,/tmp/phi1/dataset/002170.npy
2171,train,mixed,6313,/home/aidevcon/Downloads/DATASET/librispeech/LibriSpeech/dev-clean/6313/66125/6313-66125-0023.flac,115816,Attribution,-9,/tmp/phi1/dataset/002171.npy
2172,train,mixed,5694,/home/aidevcon/Downloads/DATASET/librispeech/LibriSpeech/dev-clean/5694/64029/5694-64029-0028.flac,149777,Attribution,-9,/tmp/phi1/dataset/002172.npy
2173,train,mixed,777,/home/aidevcon/Downloads/DATASET/librispeech/LibriSpeech/dev-clean/777/126732/777-126732-0067.flac,147126,Attribution,10,/tmp/phi1/dataset/002173.npy
2174,train,mixed,3853,/home/aidevcon/Downloads/DATASET/librispeech/LibriSpeech/dev-clean/3853/163249/3853-163249-0032.flac,64630,Creative Commons Attribution,-9,/tmp/phi1/dataset/002174.npy
2175,train,mixed,3853,/home/aidevcon/Downloads/DATASET/librispeech/LibriSpeech/dev-clean/3853/163249/3853-163249-0019.flac,85792,Attribution-ShareAlike 3.0 International,10,/tmp/phi1/dataset/002175.npy
2176,train,mixed,2412,/home/aidevcon/Downloads/DATASET/librispeech/LibriSpeech/dev-clean/2412/153947/2412-153947-0010.flac,126297,Attribution,-9,/tmp/phi1/dataset/002176.npy
2177,train,mixed,1673,/home/aidevcon/Downloads/DATASET/librispeech/LibriSpeech/dev-clean/1673/143397/1673-143397-0016.flac,93921,Attribution-ShareAlike 3.0 International,3,/tmp/phi1/dataset/002177.npy
2178,train,mixed,2078,/home/aidevcon/Downloads/DATASET/librispeech/LibriSpeech/dev-clean/2078/142845/2078-142845-0051.flac,122080,Attribution-ShareAlike,10,/tmp/phi1/dataset/002178.npy
2179,train,mixed,6319,/home/aidevcon/Downloads/DATASET/librispeech/LibriSpeech/dev-clean/6319/275224/6319-275224-0011.flac,142668,Attribution,-3,/tmp/phi1/dataset/002179.npy
2180,train,mixed,5694,/home/aidevcon/Downloads/DATASET/librispeech/LibriSpeech/dev-clean/5694/64025/5694-64025-0015.flac,124154,Attribution,10,/tmp/phi1/dataset/002180.npy
2181,train,mixed,174,/home/aidevcon/Downloads/DATASET/librispeech/LibriSpeech/dev-clean/174/84280/174-84280-0005.flac,61011,Creative Commons Attribution,3,/tmp/phi1/dataset/002181.npy
2182,train,mixed,3170,/home/aidevcon/Downloads/DATASET/librispeech/LibriSpeech/dev-clean/3170/137482/3170-137482-0023.flac,118921,Attribution,3,/tmp/phi1/dataset/002182.npy
2183,train,mixed,1988,/home/aidevcon/Downloads/DATASET/librispeech/LibriSpeech/dev-clean/1988/148538/1988-148538-0013.flac,88854,Attribution 3.0 United States,-3,/tmp/phi1/dataset/002183.npy
2184,train,mixed,3853,/home/aidevcon/Downloads/DATASET/librispeech/LibriSpeech/dev-clean/3853/163249/3853-163249-0016.flac,24899,Attribution 3.0 United States,-9,/tmp/phi1/dataset/002184.npy
2185,train,mixed,1673,/home/aidevcon/Downloads/DATASET/librispeech/LibriSpeech/dev-clean/1673/143396/1673-143396-0000.flac,71255,Attribution-ShareAlike 3.0 International,-9,/tmp/phi1/dataset/002185.npy
2186,train,mixed,1993,/home/aidevcon/Downloads/DATASET/librispeech/LibriSpeech/dev-clean/1993/147149/1993-147149-0003.flac,64854,Creative Commons Attribution,10,/tmp/phi1/dataset/002186.npy
2187,train,mixed,5694,/home/aidevcon/Downloads/DATASET/librispeech/LibriSpeech/dev-clean/5694/64025/5694-64025-0010.flac,107433,Attribution,3,/tmp/phi1/dataset/002187.npy
2188,train,mixed,5536,/home/aidevcon/Downloads/DATASET/librispeech/LibriSpeech/dev-clean/5536/43358/5536-43358-0017.flac,145918,Attribution,3,/tmp/phi1/dataset/002188.npy
2189,train,mixed,84,/home/aidevcon/Downloads/DATASET/librispeech/LibriSpeech/dev-clean/84/121123/84-121123-0008.flac,142078,Attribution,-3,/tmp/phi1/dataset/002189.npy
2190,train,mixed,2803,/home/aidevcon/Downloads/DATASET/librispeech/LibriSpeech/dev-clean/2803/161169/2803-161169-0017.flac,99261,Attribution-ShareAlike,3,/tmp/phi1/dataset/002190.npy
2191,train,mixed,2078,/home/aidevcon/Downloads/DATASET/librispeech/LibriSpeech/dev-clean/2078/142845/2078-142845-0028.flac,141878,Attribution,3,/tmp/phi1/dataset/002191.npy
2192,train,mixed,6319,/home/aidevcon/Downloads/DATASET/librispeech/LibriSpeech/dev-clean/6319/275224/6319-275224-0008.flac,142092,Attribution,-9,/tmp/phi1/dataset/002192.npy
2193,train,mixed,6241,/home/aidevcon/Downloads/DATASET/librispeech/LibriSpeech/dev-clean/6241/66616/6241-66616-0016.flac,15771,Attribution 3.0 United States,-9,/tmp/phi1/dataset/002193.npy
2194,train,mixed,3853,/home/aidevcon/Downloads/DATASET/librispeech/LibriSpeech/dev-clean/3853/163249/3853-163249-0048.flac,139776,Attribution,10,/tmp/phi1/dataset/002194.npy
2195,train,mixed,1673,/home/aidevcon/Downloads/DATASET/librispeech/LibriSpeech/dev-clean/1673/143397/1673-143397-0011.flac,133431,CC0 1.0 Universal,10,/tmp/phi1/dataset/002195.npy
2196,train,mixed,8842,/home/aidevcon/Downloads/DATASET/librispeech/LibriSpeech/dev-clean/8842/302196/8842-302196-0003.flac,82231,Attribution-ShareAlike 3.0 International,-9,/tmp/phi1/dataset/002196.npy
2197,train,mixed,6295,/home/aidevcon/Downloads/DATASET/librispeech/LibriSpeech/dev-clean/6295/244435/6295-244435-0016.flac,75936,Creative Commons Attribution,-3,/tmp/phi1/dataset/002197.npy
2198,train,mixed,3853,/home/aidevcon/Downloads/DATASET/librispeech/LibriSpeech/dev-clean/3853/163249/3853-163249-0024.flac,114413,Attribution,3,/tmp/phi1/dataset/002198.npy
2199,train,mixed,3576,/home/aidevcon/Downloads/DATASET/librispeech/LibriSpeech/dev-clean/3576/138058/3576-138058-0024.flac,47074,Creative Commons Attribution,10,/tmp/phi1/dataset/002199.npy
2200,train,mixed,5694,/home/aidevcon/Downloads/DATASET/librispeech/LibriSpeech/dev-clean/5694/64025/5694-64025-0011.flac,71513,Creative Commons Attribution,10,/tmp/phi1/dataset/002200.npy
2201,train,mixed,6295,/home/aidevcon/Downloads/DATASET/librispeech/LibriSpeech/dev-clean/6295/64301/6295-64301-0022.flac,145653,Attribution-ShareAlike,-9,/tmp/phi1/dataset/002201.npy
2202,train,mixed,84,/home/aidevcon/Downloads/DATASET/librispeech/LibriSpeech/dev-clean/84/121550/84-121550-0021.flac,122686,Attribution,-3,/tmp/phi1/dataset/002202.npy
2203,train,mixed,174,/home/aidevcon/Downloads/DATASET/librispeech/LibriSpeech/dev-clean/174/50561/174-50561-0007.flac,75380,Creative Commons Attribution,-3,/tmp/phi1/dataset/002203.npy
2204,train,mixed,6319,/home/aidevcon/Downloads/DATASET/librispeech/LibriSpeech/dev-clean/6319/275224/6319-275224-0017.flac,52632,Attribution 3.0 United States,-9,/tmp/phi1/dataset/002204.npy
2205,train,mixed,174,/home/aidevcon/Downloads/DATASET/librispeech/LibriSpeech/dev-clean/174/84280/174-84280-0015.flac,100497,Attribution-ShareAlike,-3,/tmp/phi1/dataset/002205.npy
2206,train,mixed,251,/home/aidevcon/Downloads/DATASET/librispeech/LibriSpeech/dev-clean/251/136532/251-136532-0018.flac,38892,Public Domain,3,/tmp/phi1/dataset/002206.npy
2207,train,mixed,3170,/home/aidevcon/Downloads/DATASET/librispeech/LibriSpeech/dev-clean/3170/137482/3170-137482-0007.flac,75927,Creative Commons Attribution,-3,/tmp/phi1/dataset/002207.npy
2208,train,mixed,1673,/home/aidevcon/Downloads/DATASET/librispeech/LibriSpeech/dev-clean/1673/143396/1673-143396-0009.flac,22478,Attribution 3.0 United States,10,/tmp/phi1/dataset/002208.npy
2209,train,mixed,1673,/home/aidevcon/Downloads/DATASET/librispeech/LibriSpeech/dev-clean/1673/143397/1673-143397-0004.flac,112668,Attribution-ShareAlike,3,/tmp/phi1/dataset/002209.npy
2210,train,mixed,84,/home/aidevcon/Downloads/DATASET/librispeech/LibriSpeech/dev-clean/84/121550/84-121550-0001.flac,98552,Attribution,10,/tmp/phi1/dataset/002210.npy
2211,train,mixed,3853,/home/aidevcon/Downloads/DATASET/librispeech/LibriSpeech/dev-clean/3853/163249/3853-163249-0041.flac,127266,Attribution,-3,/tmp/phi1/dataset/002211.npy
2212,train,mixed,777,/home/aidevcon/Downloads/DATASET/librispeech/LibriSpeech/dev-clean/777/126732/777-126732-0063.flac,75371,Creative Commons Attribution,10,/tmp/phi1/dataset/002212.npy
2213,train,mixed,174,/home/aidevcon/Downloads/DATASET/librispeech/LibriSpeech/dev-clean/174/168635/174-168635-0004.flac,61161,Attribution-ShareAlike 3.0 International,-9,/tmp/phi1/dataset/002213.npy
2214,train,mixed,7976,/home/aidevcon/Downloads/DATASET/librispeech/LibriSpeech/dev-clean/7976/110523/7976-110523-0010.flac,135369,Attribution,10,/tmp/phi1/dataset/002214.npy
2215,train,mixed,7976,/home/aidevcon/Downloads/DATASET/librispeech/LibriSpeech/dev-clean/7976/110523/7976-110523-0017.flac,112668,Attribution-ShareAlike,3,/tmp/phi1/dataset/002215.npy
2216,train,mixed,1673,/home/aidevcon/Downloads/DATASET/librispeech/LibriSpeech/dev-clean/1673/143396/1673-143396-0009.flac,133457,CC0 1.0 Universal,-3,/tmp/phi1/dataset/002216.npy
2217,train,mixed,6295,/home/aidevcon/Downloads/DATASET/librispeech/LibriSpeech/dev-clean/6295/64301/6295-64301-0029.flac,64854,Creative Commons Attribution,-9,/tmp/phi1/dataset/002217.npy
2218,train,mixed,2428,/home/aidevcon/Downloads/DATASET/librispeech/LibriSpeech/dev-clean/2428/83705/2428-83705-0025.flac,7491,Attribution 3.0 United States,3,/tmp/phi1/dataset/002218.npy
2219,train,mixed,251,/home/aidevcon/Downloads/DATASET/librispeech/LibriSpeech/dev-clean/251/137823/251-137823-0010.flac,74370,Creative Commons Attribution,-3,/tmp/phi1/dataset/002219.npy
2220,train,mixed,6319,/home/aidevcon/Downloads/DATASET/librispeech/LibriSpeech/dev-clean/6319/64726/6319-64726-0016.flac,133459,CC0 1.0 Universal,-3,/tmp/phi1/dataset/002220.npy
2221,train,mixed,7850,/home/aidevcon/Downloads/DATASET/librispeech/LibriSpeech/dev-clean/7850/281318/7850-281318-0017.flac,104278,Attribution-ShareAlike,-3,/tmp/phi1/dataset/002221.npy
2222,train,mixed,5536,/home/aidevcon/Downloads/DATASET/librispeech/LibriSpeech/dev-clean/5536/43359/5536-43359-0001.flac,72070,Attribution,-9,/tmp/phi1/dataset/002222.npy
2223,train,mixed,174,/home/aidevcon/Downloads/DATASET/librispeech/LibriSpeech/dev-clean/174/168635/174-168635-0003.flac,127297,Attribution,-3,/tmp/phi1/dataset/002223.npy
2224,train,mixed,3853,/home/aidevcon/Downloads/DATASET/librispeech/LibriSpeech/dev-clean/3853/163249/3853-163249-0042.flac,97286,Attribution,3,/tmp/phi1/dataset/002224.npy
2225,train,mixed,1993,/home/aidevcon/Downloads/DATASET/librispeech/LibriSpeech/dev-clean/1993/147149/1993-147149-0003.flac,113973,Attribution,-3,/tmp/phi1/dataset/002225.npy
2226,train,mixed,2803,/home/aidevcon/Downloads/DATASET/librispeech/LibriSpeech/dev-clean/2803/161169/2803-161169-0016.flac,142079,Attribution,-3,/tmp/phi1/dataset/002226.npy
2227,train,mixed,6313,/home/aidevcon/Downloads/DATASET/librispeech/LibriSpeech/dev-clean/6313/66129/6313-66129-0015.flac,141567,Attribution,3,/tmp/phi1/dataset/002227.npy
2228,train,mixed,2803,/home/aidevcon/Downloads/DATASET/librispeech/LibriSpeech/dev-clean/2803/161169/2803-161169-0008.flac,142084,Attribution,-9,/tmp/phi1/dataset/002228.npy
2229,train,mixed,6313,/home/aidevcon/Downloads/DATASET/librispeech/LibriSpeech/dev-clean/6313/66129/6313-66129-0020.flac,135373,Attribution,-3,/tmp/phi1/dataset/002229.npy
2230,train,mixed,6319,/home/aidevcon/Downloads/DATASET/librispeech/LibriSpeech/dev-clean/6319/64726/6319-64726-0007.flac,39291,Attribution-ShareAlike 3.0 International,10,/tmp/phi1/dataset/002230.npy
2231,train,mixed,7976,/home/aidevcon/Downloads/DATASET/librispeech/LibriSpeech/dev-clean/7976/110124/7976-110124-0011.flac,17782,Attribution-Share Alike 3.0 United States,3,/tmp/phi1/dataset/002231.npy
2232,train,mixed,8842,/home/aidevcon/Downloads/DATASET/librispeech/LibriSpeech/dev-clean/8842/302196/8842-302196-0005.flac,113808,Attribution-ShareAlike,10,/tmp/phi1/dataset/002232.npy
2233,train,mixed,6345,/home/aidevcon/Downloads/DATASET/librispeech/LibriSpeech/dev-clean/6345/64257/6345-64257-0002.flac,42375,Creative Commons Attribution,-9,/tmp/phi1/dataset/002233.npy
2234,train,mixed,3853,/home/aidevcon/Downloads/DATASET/librispeech/LibriSpeech/dev-clean/3853/163249/3853-163249-0017.flac,124393,Attribution-ShareAlike,10,/tmp/phi1/dataset/002234.npy
2235,train,mixed,6295,/home/aidevcon/Downloads/DATASET/librispeech/LibriSpeech/dev-clean/6295/244435/6295-244435-0020.flac,61159,Attribution-ShareAlike 3.0 International,10,/tmp/phi1/dataset/002235.npy
2236,train,mixed,6241,/home/aidevcon/Downloads/DATASET/librispeech/LibriSpeech/dev-clean/6241/61946/6241-61946-0013.flac,98549,Attribution,3,/tmp/phi1/dataset/002236.npy
2237,train,mixed,3853,/home/aidevcon/Downloads/DATASET/librispeech/LibriSpeech/dev-clean/3853/163249/3853-163249-0051.flac,91160,Creative Commons Attribution,-9,/tmp/phi1/dataset/002237.npy
2238,train,mixed,5536,/home/aidevcon/Downloads/DATASET/librispeech/LibriSpeech/dev-clean/5536/43363/5536-43363-0009.flac,61160,Attribution-ShareAlike 3.0 International,-9,/tmp/phi1/dataset/002238.npy
2239,train,mixed,6313,/home/aidevcon/Downloads/DATASET/librispeech/LibriSpeech/dev-clean/6313/66129/6313-66129-0001.flac,65752,Attribution-ShareAlike 3.0 International,-9,/tmp/phi1/dataset/002239.npy
2240,train,mixed,2078,/home/aidevcon/Downloads/DATASET/librispeech/LibriSpeech/dev-clean/2078/142845/2078-142845-0010.flac,62749,Attribution-ShareAlike 3.0 International,10,/tmp/phi1/dataset/002240.npy
2241,train,mixed,174,/home/aidevcon/Downloads/DATASET/librispeech/LibriSpeech/dev-clean/174/168635/174-168635-0007.flac,72069,Attribution,10,/tmp/phi1/dataset/002241.npy
2242,train,mixed,6319,/home/aidevcon/Downloads/DATASET/librispeech/LibriSpeech/dev-clean/6319/57405/6319-57405-0009.flac,142091,Attribution,10,/tmp/phi1/dataset/002242.npy
2243,train,mixed,1993,/home/aidevcon/Downloads/DATASET/librispeech/LibriSpeech/dev-clean/1993/147149/1993-147149-0030.flac,112781,Attribution-ShareAlike,-9,/tmp/phi1/dataset/002243.npy
2244,train,mixed,6295,/home/aidevcon/Downloads/DATASET/librispeech/LibriSpeech/dev-clean/6295/64301/6295-64301-0018.flac,124912,Attribution-ShareAlike,10,/tmp/phi1/dataset/002244.npy
2245,train,mixed,2078,/home/aidevcon/Downloads/DATASET/librispeech/LibriSpeech/dev-clean/2078/142845/2078-142845-0014.flac,72068,Attribution,-3,/tmp/phi1/dataset/002245.npy
2246,train,mixed,2086,/home/aidevcon/Downloads/DATASET/librispeech/LibriSpeech/dev-clean/2086/149220/2086-149220-0003.flac,126605,Attribution-ShareAlike,-9,/tmp/phi1/dataset/002246.npy
2247,train,mixed,2428,/home/aidevcon/Downloads/DATASET/librispeech/LibriSpeech/dev-clean/2428/83699/2428-83699-0018.flac,112197,Attribution,-3,/tmp/phi1/dataset/002247.npy
2248,train,mixed,1993,/home/aidevcon/Downloads/DATASET/librispeech/LibriSpeech/dev-clean/1993/147149/1993-147149-0004.flac,39607,Creative Commons Attribution,-9,/tmp/phi1/dataset/002248.npy
2249,train,mixed,1988,/home/aidevcon/Downloads/DATASET/librispeech/LibriSpeech/dev-clean/1988/148538/1988-148538-0013.flac,55121,Attribution-ShareAlike 3.0 International,3,/tmp/phi1/dataset/002249.npy
2250,train,mixed,2412,/home/aidevcon/Downloads/DATASET/librispeech/LibriSpeech/dev-clean/2412/153948/2412-153948-0011.flac,98228,Attribution-ShareAlike,10,/tmp/phi1/dataset/002250.npy
2251,train,mixed,8842,/home/aidevcon/Downloads/DATASET/librispeech/LibriSpeech/dev-clean/8842/302201/8842-302201-0014.flac,140135,Attribution,10,/tmp/phi1/dataset/002251.npy
2252,train,mixed,6319,/home/aidevcon/Downloads/DATASET/librispeech/LibriSpeech/dev-clean/6319/275224/6319-275224-0011.flac,68579,Creative Commons Attribution,-9,/tmp/phi1/dataset/002252.npy
2253,train,mixed,3170,/home/aidevcon/Downloads/DATASET/librispeech/LibriSpeech/dev-clean/3170/137482/3170-137482-0047.flac,134443,CC0 1.0 Universal,-3,/tmp/phi1/dataset/002253.npy
2254,train,mixed,3170,/home/aidevcon/Downloads/DATASET/librispeech/LibriSpeech/dev-clean/3170/137482/3170-137482-0039.flac,38817,Attribution-Share Alike 3.0 United States,3,/tmp/phi1/dataset/002254.npy
2255,train,mixed,2086,/home/aidevcon/Downloads/DATASET/librispeech/LibriSpeech/dev-clean/2086/149214/2086-149214-0002.flac,93919,Attribution-ShareAlike 3.0 International,-9,/tmp/phi1/dataset/002255.npy
2256,train,mixed,5694,/home/aidevcon/Downloads/DATASET/librispeech/LibriSpeech/dev-clean/5694/64038/5694-64038-0015.flac,97286,Attribution,10,/tmp/phi1/dataset/002256.npy
2257,train,mixed,84,/home/aidevcon/Downloads/DATASET/librispeech/LibriSpeech/dev-clean/84/121550/84-121550-0008.flac,62448,Attribution-ShareAlike 3.0 International,3,/tmp/phi1/dataset/002257.npy
2258,train,mixed,7850,/home/aidevcon/Downloads/DATASET/librispeech/LibriSpeech/dev-clean/7850/281318/7850-281318-0004.flac,107617,Attribution,10,/tmp/phi1/dataset/002258.npy
2259,train,mixed,7976,/home/aidevcon/Downloads/DATASET/librispeech/LibriSpeech/dev-clean/7976/105575/7976-105575-0004.flac,68844,Attribution 3.0 United States,-3,/tmp/phi1/dataset/002259.npy
2260,train,mixed,5694,/home/aidevcon/Downloads/DATASET/librispeech/LibriSpeech/dev-clean/5694/64038/5694-64038-0017.flac,42377,Creative Commons Attribution,-3,/tmp/phi1/dataset/002260.npy
2261,train,mixed,174,/home/aidevcon/Downloads/DATASET/librispeech/LibriSpeech/dev-clean/174/84280/174-84280-0015.flac,88867,Attribution 3.0 United States,3,/tmp/phi1/dataset/002261.npy
2262,train,mixed,2078,/home/aidevcon/Downloads/DATASET/librispeech/LibriSpeech/dev-clean/2078/142845/2078-142845-0017.flac,92874,Attribution-ShareAlike 3.0 International,10,/tmp/phi1/dataset/002262.npy
2263,train,mixed,2803,/home/aidevcon/Downloads/DATASET/librispeech/LibriSpeech/dev-clean/2803/154328/2803-154328-0005.flac,134919,Attribution,-3,/tmp/phi1/dataset/002263.npy
2264,train,mixed,84,/home/aidevcon/Downloads/DATASET/librispeech/LibriSpeech/dev-clean/84/121550/84-121550-0033.flac,121313,Attribution,3,/tmp/phi1/dataset/002264.npy
2265,train,mixed,7976,/home/aidevcon/Downloads/DATASET/librispeech/LibriSpeech/dev-clean/7976/105575/7976-105575-0007.flac,129972,Attribution,3,/tmp/phi1/dataset/002265.npy
2266,train,mixed,2803,/home/aidevcon/Downloads/DATASET/librispeech/LibriSpeech/dev-clean/2803/161169/2803-161169-0000.flac,142082,Attribution,-9,/tmp/phi1/dataset/002266.npy
2267,train,mixed,3576,/home/aidevcon/Downloads/DATASET/librispeech/LibriSpeech/dev-clean/3576/138058/3576-138058-0022.flac,141874,Attribution,-3,/tmp/phi1/dataset/002267.npy
2268,train,mixed,174,/home/aidevcon/Downloads/DATASET/librispeech/LibriSpeech/dev-clean/174/84280/174-84280-0007.flac,52647,Attribution 3.0 United States,10,/tmp/phi1/dataset/002268.npy
2269,train,mixed,5694,/home/aidevcon/Downloads/DATASET/librispeech/LibriSpeech/dev-clean/5694/64029/5694-64029-0007.flac,118507,Attribution,-3,/tmp/phi1/dataset/002269.npy
2270,train,mixed,7976,/home/aidevcon/Downloads/DATASET/librispeech/LibriSpeech/dev-clean/7976/105575/7976-105575-0011.flac,75376,Creative Commons Attribution,-9,/tmp/phi1/dataset/002270.npy
2271,train,mixed,6295,/home/aidevcon/Downloads/DATASET/librispeech/LibriSpeech/dev-clean/6295/244435/6295-244435-0010.flac,58333,Attribution-ShareAlike 3.0 International,3,/tmp/phi1/dataset/002271.npy
2272,train,mixed,3853,/home/aidevcon/Downloads/DATASET/librispeech/LibriSpeech/dev-clean/3853/163249/3853-163249-0036.flac,7548,Attribution,10,/tmp/phi1/dataset/002272.npy
2273,train,mixed,8842,/home/aidevcon/Downloads/DATASET/librispeech/LibriSpeech/dev-clean/8842/302196/8842-302196-0000.flac,107574,Attribution,3,/tmp/phi1/dataset/002273.npy
2274,train,mixed,1988,/home/aidevcon/Downloads/DATASET/librispeech/LibriSpeech/dev-clean/1988/148538/1988-148538-0001.flac,71250,Attribution-ShareAlike 3.0 International,-9,/tmp/phi1/dataset/002274.npy
2275,train,mixed,3853,/home/aidevcon/Downloads/DATASET/librispeech/LibriSpeech/dev-clean/3853/163249/3853-163249-0028.flac,134455,CC0 1.0 Universal,10,/tmp/phi1/dataset/002275.npy
2276,train,mixed,174,/home/aidevcon/Downloads/DATASET/librispeech/LibriSpeech/dev-clean/174/50561/174-50561-0015.flac,132138,Attribution,-3,/tmp/phi1/dataset/002276.npy
2277,train,mixed,84,/home/aidevcon/Downloads/DATASET/librispeech/LibriSpeech/dev-clean/84/121550/84-121550-0015.flac,134453,CC0 1.0 Universal,-9,/tmp/phi1/dataset/002277.npy
2278,train,mixed,6345,/home/aidevcon/Downloads/DATASET/librispeech/LibriSpeech/dev-clean/6345/93302/6345-93302-0027.flac,123965,Attribution,3,/tmp/phi1/dataset/002278.npy
2279,train,mixed,3853,/home/aidevcon/Downloads/DATASET/librispeech/LibriSpeech/dev-clean/3853/163249/3853-163249-0046.flac,89445,Creative Commons Attribution,3,/tmp/phi1/dataset/002279.npy
2280,train,mixed,7850,/home/aidevcon/Downloads/DATASET/librispeech/LibriSpeech/dev-clean/7850/286674/7850-286674-0004.flac,128709,Attribution,3,/tmp/phi1/dataset/002280.npy
2281,train,mixed,2078,/home/aidevcon/Downloads/DATASET/librispeech/LibriSpeech/dev-clean/2078/142845/2078-142845-0037.flac,75420,Creative Commons Attribution,10,/tmp/phi1/dataset/002281.npy
2282,train,mixed,84,/home/aidevcon/Downloads/DATASET/librispeech/LibriSpeech/dev-clean/84/121123/84-121123-0016.flac,62449,Attribution-ShareAlike 3.0 International,3,/tmp/phi1/dataset/002282.npy
2283,train,mixed,1272,/home/aidevcon/Downloads/DATASET/librispeech/LibriSpeech/dev-clean/1272/141231/1272-141231-0023.flac,47068,Creative Commons Attribution,10,/tmp/phi1/dataset/002283.npy
2284,train,mixed,3576,/home/aidevcon/Downloads/DATASET/librispeech/LibriSpeech/dev-clean/3576/138058/3576-138058-0002.flac,64857,Creative Commons Attribution,3,/tmp/phi1/dataset/002284.npy
2285,train,mixed,7976,/home/aidevcon/Downloads/DATASET/librispeech/LibriSpeech/dev-clean/7976/110523/7976-110523-0005.flac,98576,Attribution,-3,/tmp/phi1/dataset/002285.npy
2286,train,mixed,8297,/home/aidevcon/Downloads/DATASET/librispeech/LibriSpeech/dev-clean/8297/275155/8297-275155-0000.flac,42375,Creative Commons Attribution,3,/tmp/phi1/dataset/002286.npy
2287,train,mixed,3752,/home/aidevcon/Downloads/DATASET/librispeech/LibriSpeech/dev-clean/3752/4943/3752-4943-0011.flac,52637,Attribution 3.0 United States,-3,/tmp/phi1/dataset/002287.npy
2288,train,mixed,6319,/home/aidevcon/Downloads/DATASET/librispeech/LibriSpeech/dev-clean/6319/64726/6319-64726-0019.flac,154305,Attribution,3,/tmp/phi1/dataset/002288.npy
2289,train,mixed,652,/home/aidevcon/Downloads/DATASET/librispeech/LibriSpeech/dev-clean/652/130726/652-130726-0002.flac,63747,Attribution-ShareAlike,10,/tmp/phi1/dataset/002289.npy
2290,train,mixed,3576,/home/aidevcon/Downloads/DATASET/librispeech/LibriSpeech/dev-clean/3576/138058/3576-138058-0002.flac,140344,Attribution,-3,/tmp/phi1/dataset/002290.npy
2291,train,mixed,6241,/home/aidevcon/Downloads/DATASET/librispeech/LibriSpeech/dev-clean/6241/66616/6241-66616-0019.flac,107591,Attribution,-9,/tmp/phi1/dataset/002291.npy
2292,train,mixed,3752,/home/aidevcon/Downloads/DATASET/librispeech/LibriSpeech/dev-clean/3752/4944/3752-4944-0066.flac,148186,Attribution,10,/tmp/phi1/dataset/002292.npy
2293,train,mixed,6241,/home/aidevcon/Downloads/DATASET/librispeech/LibriSpeech/dev-clean/6241/66616/6241-66616-0025.flac,38821,Attribution-Share Alike 3.0 United States,-9,/tmp/phi1/dataset/002293.npy
2294,train,mixed,2803,/home/aidevcon/Downloads/DATASET/librispeech/LibriSpeech/dev-clean/2803/161169/2803-161169-0005.flac,123976,Attribution,10,/tmp/phi1/dataset/002294.npy
2295,train,mixed,174,/home/aidevcon/Downloads/DATASET/librispeech/LibriSpeech/dev-clean/174/84280/174-84280-0001.flac,148211,Attribution,-3,/tmp/phi1/dataset/002295.npy
2296,train,mixed,3853,/home/aidevcon/Downloads/DATASET/librispeech/LibriSpeech/dev-clean/3853/163249/3853-163249-0046.flac,144810,Attribution,-9,/tmp/phi1/dataset/002296.npy
2297,train,mixed,1272,/home/aidevcon/Downloads/DATASET/librispeech/LibriSpeech/dev-clean/1272/141231/1272-141231-0003.flac,75376,Creative Commons Attribution,-9,/tmp/phi1/dataset/002297.npy
2298,train,mixed,3853,/home/aidevcon/Downloads/DATASET/librispeech/LibriSpeech/dev-clean/3853/163249/3853-163249-0036.flac,38817,Attribution-Share Alike 3.0 United States,-3,/tmp/phi1/dataset/002298.npy
2299,train,mixed,1673,/home/aidevcon/Downloads/DATASET/librispeech/LibriSpeech/dev-clean/1673/143396/1673-143396-0010.flac,68549,Creative Commons Attribution,10,/tmp/phi1/dataset/002299.npy
2300,train,mixed,3576,/home/aidevcon/Downloads/DATASET/librispeech/LibriSpeech/dev-clean/3576/138058/3576-138058-0022.flac,143061,Attribution,-9,/tmp/phi1/dataset/002300.npy
2301,train,mixed,174,/home/aidevcon/Downloads/DATASET/librispeech/LibriSpeech/dev-clean/174/168635/174-168635-0018.flac,142089,Attribution,-9,/tmp/phi1/dataset/002301.npy
2302,train,mixed,3170,/home/aidevcon/Downloads/DATASET/librispeech/LibriSpeech/dev-clean/3170/137482/3170-137482-0001.flac,93918,Attribution-ShareAlike 3.0 International,-3,/tmp/phi1/dataset/002302.npy
2303,train,mixed,6345,/home/aidevcon/Downloads/DATASET/librispeech/LibriSpeech/dev-clean/6345/93306/6345-93306-0001.flac,68840,Attribution 3.0 United States,10,/tmp/phi1/dataset/002303.npy
2304,train,mixed,6241,/home/aidevcon/Downloads/DATASET/librispeech/LibriSpeech/dev-clean/6241/61946/6241-61946-0004.flac,133449,CC0 1.0 Universal,3,/tmp/phi1/dataset/002304.npy
2305,train,mixed,5536,/home/aidevcon/Downloads/DATASET/librispeech/LibriSpeech/dev-clean/5536/43363/5536-43363-0019.flac,115768,Attribution,10,/tmp/phi1/dataset/002305.npy
2306,train,mixed,2412,/home/aidevcon/Downloads/DATASET/librispeech/LibriSpeech/dev-clean/2412/153954/2412-153954-0018.flac,126603,Attribution-ShareAlike,-3,/tmp/phi1/dataset/002306.npy
2307,train,mixed,652,/home/aidevcon/Downloads/DATASET/librispeech/LibriSpeech/dev-clean/652/130726/652-130726-0026.flac,126223,Attribution-ShareAlike,-9,/tmp/phi1/dataset/002307.npy
2308,train,mixed,5895,/home/aidevcon/Downloads/DATASET/librispeech/LibriSpeech/dev-clean/5895/34622/5895-34622-0005.flac,61159,Attribution-ShareAlike 3.0 International,-9,/tmp/phi1/dataset/002308.npy
2309,train,mixed,3576,/home/aidevcon/Downloads/DATASET/librispeech/LibriSpeech/dev-clean/3576/138058/3576-138058-0014.flac,43883,Attribution-ShareAlike 3.0 International,-3,/tmp/phi1/dataset/002309.npy
2310,train,mixed,1993,/home/aidevcon/Downloads/DATASET/librispeech/LibriSpeech/dev-clean/1993/147965/1993-147965-0005.flac,107020,Attribution-ShareAlike,10,/tmp/phi1/dataset/002310.npy
2311,train,mixed,2078,/home/aidevcon/Downloads/DATASET/librispeech/LibriSpeech/dev-clean/2078/142845/2078-142845-0007.flac,15488,Public Domain,-9,/tmp/phi1/dataset/002311.npy
2312,train,mixed,84,/home/aidevcon/Downloads/DATASET/librispeech/LibriSpeech/dev-clean/84/121123/84-121123-0026.flac,38826,Attribution-Share Alike 3.0 United States,3,/tmp/phi1/dataset/002312.npy
2313,train,mixed,777,/home/aidevcon/Downloads/DATASET/librispeech/LibriSpeech/dev-clean/777/126732/777-126732-0015.flac,145549,Attribution-ShareAlike,-3,/tmp/phi1/dataset/002313.npy
2314,train,mixed,5536,/home/aidevcon/Downloads/DATASET/librispeech/LibriSpeech/dev-clean/5536/43363/5536-43363-0001.flac,88868,Attribution 3.0 United States,10,/tmp/phi1/dataset/002314.npy
2315,train,mixed,7850,/home/aidevcon/Downloads/DATASET/librispeech/LibriSpeech/dev-clean/7850/73752/7850-73752-0015.flac,52636,Attribution 3.0 United States,10,/tmp/phi1/dataset/002315.npy
2316,train,mixed,1988,/home/aidevcon/Downloads/DATASET/librispeech/LibriSpeech/dev-clean/1988/147956/1988-147956-0009.flac,22480,Attribution 3.0 United States,3,/tmp/phi1/dataset/002316.npy
2317,train,mixed,2803,/home/aidevcon/Downloads/DATASET/librispeech/LibriSpeech/dev-clean/2803/154320/2803-154320-0001.flac,71514,Creative Commons Attribution,-9,/tmp/phi1/dataset/002317.npy
2318,train,mixed,251,/home/aidevcon/Downloads/DATASET/librispeech/LibriSpeech/dev-clean/251/136532/251-136532-0010.flac,64859,Creative Commons Attribution,10,/tmp/phi1/dataset/002318.npy
2319,train,mixed,2412,/home/aidevcon/Downloads/DATASET/librispeech/LibriSpeech/dev-clean/2412/153947/2412-153947-0003.flac,121595,Attribution,3,/tmp/phi1/dataset/002319.npy
2320,train,mixed,1993,/home/aidevcon/Downloads/DATASET/librispeech/LibriSpeech/dev-clean/1993/147149/1993-147149-0027.flac,71506,Creative Commons Attribution,3,/tmp/phi1/dataset/002320.npy
2321,train,mixed,2086,/home/aidevcon/Downloads/DATASET/librispeech/LibriSpeech/dev-clean/2086/149220/2086-149220-0002.flac,104279,Attribution-ShareAlike,3,/tmp/phi1/dataset/002321.npy
2322,train,mixed,84,/home/aidevcon/Downloads/DATASET/librispeech/LibriSpeech/dev-clean/84/121550/84-121550-0014.flac,114266,Attribution,-3,/tmp/phi1/dataset/002322.npy
2323,train,mixed,2086,/home/aidevcon/Downloads/DATASET/librispeech/LibriSpeech/dev-clean/2086/149220/2086-149220-0001.flac,38785,Attribution-Share Alike 3.0 United States,-3,/tmp/phi1/dataset/002323.npy
2324,train,mixed,1272,/home/aidevcon/Downloads/DATASET/librispeech/LibriSpeech/dev-clean/1272/128104/1272-128104-0009.flac,141282,Attribution-ShareAlike,10,/tmp/phi1/dataset/002324.npy
2325,train,mixed,1673,/home/aidevcon/Downloads/DATASET/librispeech/LibriSpeech/dev-clean/1673/143396/1673-143396-0011.flac,149776,Attribution,10,/tmp/phi1/dataset/002325.npy
2326,train,mixed,6295,/home/aidevcon/Downloads/DATASET/librispeech/LibriSpeech/dev-clean/6295/64301/6295-64301-0019.flac,137168,Attribution-ShareAlike,10,/tmp/phi1/dataset/002326.npy
2327,train,mixed,3576,/home/aidevcon/Downloads/DATASET/librispeech/LibriSpeech/dev-clean/3576/138058/3576-138058-0019.flac,141618,Attribution,-9,/tmp/phi1/dataset/002327.npy
2328,train,mixed,2086,/home/aidevcon/Downloads/DATASET/librispeech/LibriSpeech/dev-clean/2086/149220/2086-149220-0023.flac,98547,Attribution,-9,/tmp/phi1/dataset/002328.npy
2329,train,mixed,1673,/home/aidevcon/Downloads/DATASET/librispeech/LibriSpeech/dev-clean/1673/143396/1673-143396-0008.flac,141619,Attribution,10,/tmp/phi1/dataset/002329.npy
2330,train,mixed,2803,/home/aidevcon/Downloads/DATASET/librispeech/LibriSpeech/dev-clean/2803/161169/2803-161169-0001.flac,91162,Creative Commons Attribution,-3,/tmp/phi1/dataset/002330.npy
2331,train,mixed,6345,/home/aidevcon/Downloads/DATASET/librispeech/LibriSpeech/dev-clean/6345/93306/6345-93306-0023.flac,122087,Attribution-ShareAlike,-3,/tmp/phi1/dataset/002331.npy
2332,train,mixed,5895,/home/aidevcon/Downloads/DATASET/librispeech/LibriSpeech/dev-clean/5895/34622/5895-34622-0008.flac,71240,Attribution-ShareAlike 3.0 International,3,/tmp/phi1/dataset/002332.npy
2333,train,mixed,5536,/home/aidevcon/Downloads/DATASET/librispeech/LibriSpeech/dev-clean/5536/43358/5536-43358-0005.flac,16162,Attribution-ShareAlike 3.0 International,10,/tmp/phi1/dataset/002333.npy
2334,train,mixed,6295,/home/aidevcon/Downloads/DATASET/librispeech/LibriSpeech/dev-clean/6295/64301/6295-64301-0013.flac,92881,Attribution-ShareAlike 3.0 International,-9,/tmp/phi1/dataset/002334.npy
2335,train,mixed,6345,/home/aidevcon/Downloads/DATASET/librispeech/LibriSpeech/dev-clean/6345/64257/6345-64257-0006.flac,148216,Attribution,3,/tmp/phi1/dataset/002335.npy
2336,train,mixed,6345,/home/aidevcon/Downloads/DATASET/librispeech/LibriSpeech/dev-clean/6345/64257/6345-64257-0000.flac,130135,Attribution,-3,/tmp/phi1/dataset/002336.npy
2337,train,mixed,251,/home/aidevcon/Downloads/DATASET/librispeech/LibriSpeech/dev-clean/251/136532/251-136532-0017.flac,91621,Creative Commons Attribution,10,/tmp/phi1/dataset/002337.npy
2338,train,mixed,1988,/home/aidevcon/Downloads/DATASET/librispeech/LibriSpeech/dev-clean/1988/24833/1988-24833-0018.flac,130129,Attribution,-3,/tmp/phi1/dataset/002338.npy
2339,train,mixed,8297,/home/aidevcon/Downloads/DATASET/librispeech/LibriSpeech/dev-clean/8297/275156/8297-275156-0005.flac,58542,Attribution-ShareAlike 3.0 International,3,/tmp/phi1/dataset/002339.npy
2340,train,mixed,3170,/home/aidevcon/Downloads/DATASET/librispeech/LibriSpeech/dev-clean/3170/137482/3170-137482-0019.flac,6675,Creative Commons Attribution,10,/tmp/phi1/dataset/002340.npy
2341,train,mixed,1988,/home/aidevcon/Downloads/DATASET/librispeech/LibriSpeech/dev-clean/1988/24833/1988-24833-0003.flac,58543,Attribution-ShareAlike 3.0 International,-9,/tmp/phi1/dataset/002341.npy
2342,train,mixed,5694,/home/aidevcon/Downloads/DATASET/librispeech/LibriSpeech/dev-clean/5694/64038/5694-64038-0022.flac,85788,Attribution-ShareAlike 3.0 International,10,/tmp/phi1/dataset/002342.npy
2343,train,mixed,7850,/home/aidevcon/Downloads/DATASET/librispeech/LibriSpeech/dev-clean/7850/73752/7850-73752-0018.flac,115767,Attribution,-9,/tmp/phi1/dataset/002343.npy
2344,train,mixed,2086,/home/aidevcon/Downloads/DATASET/librispeech/LibriSpeech/dev-clean/2086/149220/2086-149220-0010.flac,24425,Creative Commons Attribution,10,/tmp/phi1/dataset/002344.npy
2345,train,mixed,7976,/home/aidevcon/Downloads/DATASET/librispeech/LibriSpeech/dev-clean/7976/110124/7976-110124-0003.flac,93518,Creative Commons Attribution,10,/tmp/phi1/dataset/002345.npy
2346,train,mixed,3752,/home/aidevcon/Downloads/DATASET/librispeech/LibriSpeech/dev-clean/3752/4943/3752-4943-0004.flac,98574,Attribution,10,/tmp/phi1/dataset/002346.npy
2347,train,mixed,3853,/home/aidevcon/Downloads/DATASET/librispeech/LibriSpeech/dev-clean/3853/163249/3853-163249-0001.flac,100497,Attribution-ShareAlike,10,/tmp/phi1/dataset/002347.npy
2348,train,mixed,6295,/home/aidevcon/Downloads/DATASET/librispeech/LibriSpeech/dev-clean/6295/64301/6295-64301-0026.flac,58540,Attribution-ShareAlike 3.0 International,-9,/tmp/phi1/dataset/002348.npy
2349,train,mixed,5536,/home/aidevcon/Downloads/DATASET/librispeech/LibriSpeech/dev-clean/5536/43358/5536-43358-0006.flac,133444,CC0 1.0 Universal,-3,/tmp/phi1/dataset/002349.npy
2350,train,mixed,3752,/home/aidevcon/Downloads/DATASET/librispeech/LibriSpeech/dev-clean/3752/4944/3752-4944-0022.flac,93520,Creative Commons Attribution,10,/tmp/phi1/dataset/002350.npy
2351,train,mixed,6345,/home/aidevcon/Downloads/DATASET/librispeech/LibriSpeech/dev-clean/6345/93306/6345-93306-0015.flac,127302,Attribution,3,/tmp/phi1/dataset/002351.npy
2352,train,mixed,3853,/home/aidevcon/Downloads/DATASET/librispeech/LibriSpeech/dev-clean/3853/163249/3853-163249-0010.flac,92888,Attribution-ShareAlike 3.0 International,10,/tmp/phi1/dataset/002352.npy
2353,train,mixed,2428,/home/aidevcon/Downloads/DATASET/librispeech/LibriSpeech/dev-clean/2428/83705/2428-83705-0026.flac,130136,Attribution,-9,/tmp/phi1/dataset/002353.npy
2354,train,mixed,174,/home/aidevcon/Downloads/DATASET/librispeech/LibriSpeech/dev-clean/174/84280/174-84280-0006.flac,133431,CC0 1.0 Universal,10,/tmp/phi1/dataset/002354.npy
2355,train,mixed,6345,/home/aidevcon/Downloads/DATASET/librispeech/LibriSpeech/dev-clean/6345/64257/6345-64257-0007.flac,126601,Attribution-ShareAlike,-3,/tmp/phi1/dataset/002355.npy
2356,train,mixed,1673,/home/aidevcon/Downloads/DATASET/librispeech/LibriSpeech/dev-clean/1673/143396/1673-143396-0012.flac,71511,Creative Commons Attribution,-9,/tmp/phi1/dataset/002356.npy
2357,train,mixed,6313,/home/aidevcon/Downloads/DATASET/librispeech/LibriSpeech/dev-clean/6313/76958/6313-76958-0021.flac,146018,Attribution,10,/tmp/phi1/dataset/002357.npy
2358,train,mixed,7850,/home/aidevcon/Downloads/DATASET/librispeech/LibriSpeech/dev-clean/7850/73752/7850-73752-0018.flac,133440,CC0 1.0 Universal,10,/tmp/phi1/dataset/002358.npy
2359,train,mixed,7976,/home/aidevcon/Downloads/DATASET/librispeech/LibriSpeech/dev-clean/7976/105575/7976-105575-0016.flac,52644,Attribution 3.0 United States,10,/tmp/phi1/dataset/002359.npy
2360,train,mixed,1993,/home/aidevcon/Downloads/DATASET/librispeech/LibriSpeech/dev-clean/1993/147149/1993-147149-0022.flac,62742,Attribution-ShareAlike 3.0 International,10,/tmp/phi1/dataset/002360.npy
2361,train,mixed,8842,/home/aidevcon/Downloads/DATASET/librispeech/LibriSpeech/dev-clean/8842/304647/8842-304647-0004.flac,133459,CC0 1.0 Universal,-3,/tmp/phi1/dataset/002361.npy
2362,train,mixed,174,/home/aidevcon/Downloads/DATASET/librispeech/LibriSpeech/dev-clean/174/84280/174-84280-0013.flac,68540,Creative Commons Attribution,-9,/tmp/phi1/dataset/002362.npy
2363,train,mixed,6295,/home/aidevcon/Downloads/DATASET/librispeech/LibriSpeech/dev-clean/6295/64301/6295-64301-0027.flac,99261,Attribution-ShareAlike,-9,/tmp/phi1/dataset/002363.npy
2364,train,mixed,6241,/home/aidevcon/Downloads/DATASET/librispeech/LibriSpeech/dev-clean/6241/66616/6241-66616-0010.flac,74390,Attribution-ShareAlike 3.0 International,10,/tmp/phi1/dataset/002364.npy
2365,train,mixed,2803,/home/aidevcon/Downloads/DATASET/librispeech/LibriSpeech/dev-clean/2803/154320/2803-154320-0004.flac,4072,Attribution,-9,/tmp/phi1/dataset/002365.npy
2366,train,mixed,652,/home/aidevcon/Downloads/DATASET/librispeech/LibriSpeech/dev-clean/652/130726/652-130726-0015.flac,130682,Attribution,3,/tmp/phi1/dataset/002366.npy
2367,train,mixed,2803,/home/aidevcon/Downloads/DATASET/librispeech/LibriSpeech/dev-clean/2803/161169/2803-161169-0003.flac,22472,Attribution 3.0 United States,10,/tmp/phi1/dataset/002367.npy
2368,train,mixed,3170,/home/aidevcon/Downloads/DATASET/librispeech/LibriSpeech/dev-clean/3170/137482/3170-137482-0007.flac,133772,Attribution-ShareAlike,-9,/tmp/phi1/dataset/002368.npy
2369,train,mixed,1993,/home/aidevcon/Downloads/DATASET/librispeech/LibriSpeech/dev-clean/1993/147149/1993-147149-0029.flac,148208,Attribution,-9,/tmp/phi1/dataset/002369.npy
2370,train,mixed,2803,/home/aidevcon/Downloads/DATASET/librispeech/LibriSpeech/dev-clean/2803/154328/2803-154328-0009.flac,114413,Attribution,-9,/tmp/phi1/dataset/002370.npy
2371,train,mixed,84,/home/aidevcon/Downloads/DATASET/librispeech/LibriSpeech/dev-clean/84/121123/84-121123-0020.flac,98770,Attribution-ShareAlike,-9,/tmp/phi1/dataset/002371.npy
2372,train,mixed,3752,/home/aidevcon/Downloads/DATASET/librispeech/LibriSpeech/dev-clean/3752/4943/3752-4943-0013.flac,38914,Public Domain,10,/tmp/phi1/dataset/002372.npy
2373,train,mixed,3576,/home/aidevcon/Downloads/DATASET/librispeech/LibriSpeech/dev-clean/3576/138058/3576-138058-0001.flac,122673,Attribution,-3,/tmp/phi1/dataset/002373.npy
2374,train,mixed,8297,/home/aidevcon/Downloads/DATASET/librispeech/LibriSpeech/dev-clean/8297/275156/8297-275156-0005.flac,46160,Attribution-ShareAlike 3.0 International,10,/tmp/phi1/dataset/002374.npy
2375,train,mixed,84,/home/aidevcon/Downloads/DATASET/librispeech/LibriSpeech/dev-clean/84/121123/84-121123-0002.flac,75428,Creative Commons Attribution,-9,/tmp/phi1/dataset/002375.npy
2376,train,mixed,777,/home/aidevcon/Downloads/DATASET/librispeech/LibriSpeech/dev-clean/777/126732/777-126732-0070.flac,52628,Attribution 3.0 United States,-3,/tmp/phi1/dataset/002376.npy
2377,train,mixed,8842,/home/aidevcon/Downloads/DATASET/librispeech/LibriSpeech/dev-clean/8842/302203/8842-302203-0004.flac,118196,Attribution,3,/tmp/phi1/dataset/002377.npy
2378,train,mixed,1673,/home/aidevcon/Downloads/DATASET/librispeech/LibriSpeech/dev-clean/1673/143397/1673-143397-0002.flac,75418,Creative Commons Attribution,10,/tmp/phi1/dataset/002378.npy
2379,train,mixed,84,/home/aidevcon/Downloads/DATASET/librispeech/LibriSpeech/dev-clean/84/121123/84-121123-0005.flac,107616,Attribution,10,/tmp/phi1/dataset/002379.npy
2380,train,mixed,777,/home/aidevcon/Downloads/DATASET/librispeech/LibriSpeech/dev-clean/777/126732/777-126732-0045.flac,113110,Attribution,10,/tmp/phi1/dataset/002380.npy
2381,train,mixed,1993,/home/aidevcon/Downloads/DATASET/librispeech/LibriSpeech/dev-clean/1993/147149/1993-147149-0012.flac,139681,Attribution-ShareAlike,10,/tmp/phi1/dataset/002381.npy
2382,train,mixed,174,/home/aidevcon/Downloads/DATASET/librispeech/LibriSpeech/dev-clean/174/168635/174-168635-0012.flac,112315,Attribution,3,/tmp/phi1/dataset/002382.npy
2383,train,mixed,3576,/home/aidevcon/Downloads/DATASET/librispeech/LibriSpeech/dev-clean/3576/138058/3576-138058-0020.flac,15770,Attribution 3.0 United States,3,/tmp/phi1/dataset/002383.npy
2384,train,mixed,6319,/home/aidevcon/Downloads/DATASET/librispeech/LibriSpeech/dev-clean/6319/57405/6319-57405-0000.flac,115775,Attribution,-3,/tmp/phi1/dataset/002384.npy
2385,train,mixed,6241,/home/aidevcon/Downloads/DATASET/librispeech/LibriSpeech/dev-clean/6241/66616/6241-66616-0005.flac,15769,Attribution 3.0 United States,-3,/tmp/phi1/dataset/002385.npy
2386,train,mixed,1993,/home/aidevcon/Downloads/DATASET/librispeech/LibriSpeech/dev-clean/1993/147149/1993-147149-0013.flac,141568,Attribution,-9,/tmp/phi1/dataset/002386.npy
2387,train,mixed,2078,/home/aidevcon/Downloads/DATASET/librispeech/LibriSpeech/dev-clean/2078/142845/2078-142845-0043.flac,112780,Attribution-ShareAlike,-9,/tmp/phi1/dataset/002387.npy
2388,train,mixed,1272,/home/aidevcon/Downloads/DATASET/librispeech/LibriSpeech/dev-clean/1272/128104/1272-128104-0005.flac,116882,Attribution,-9,/tmp/phi1/dataset/002388.npy
2389,train,mixed,3170,/home/aidevcon/Downloads/DATASET/librispeech/LibriSpeech/dev-clean/3170/137482/3170-137482-0047.flac,91621,Creative Commons Attribution,3,/tmp/phi1/dataset/002389.npy
2390,train,mixed,2803,/home/aidevcon/Downloads/DATASET/librispeech/LibriSpeech/dev-clean/2803/154328/2803-154328-0015.flac,126606,Attribution-ShareAlike,3,/tmp/phi1/dataset/002390.npy
2391,train,mixed,2803,/home/aidevcon/Downloads/DATASET/librispeech/LibriSpeech/dev-clean/2803/161169/2803-161169-0012.flac,124392,Attribution-ShareAlike,3,/tmp/phi1/dataset/002391.npy
2392,train,mixed,7976,/home/aidevcon/Downloads/DATASET/librispeech/LibriSpeech/dev-clean/7976/110523/7976-110523-0011.flac,98579,Attribution,10,/tmp/phi1/dataset/002392.npy
2393,train,mixed,652,/home/aidevcon/Downloads/DATASET/librispeech/LibriSpeech/dev-clean/652/130726/652-130726-0010.flac,38896,Public Domain,10,/tmp/phi1/dataset/002393.npy
2394,train,mixed,2428,/home/aidevcon/Downloads/DATASET/librispeech/LibriSpeech/dev-clean/2428/83705/2428-83705-0022.flac,69682,Attribution-ShareAlike 3.0 International,3,/tmp/phi1/dataset/002394.npy
2395,train,mixed,2078,/home/aidevcon/Downloads/DATASET/librispeech/LibriSpeech/dev-clean/2078/142845/2078-142845-0043.flac,133459,CC0 1.0 Universal,-3,/tmp/phi1/dataset/002395.npy
2396,train,mixed,1673,/home/aidevcon/Downloads/DATASET/librispeech/LibriSpeech/dev-clean/1673/143397/1673-143397-0015.flac,114414,Attribution,-9,/tmp/phi1/dataset/002396.npy
2397,train,mixed,2428,/home/aidevcon/Downloads/DATASET/librispeech/LibriSpeech/dev-clean/2428/83705/2428-83705-0015.flac,22472,Attribution 3.0 United States,-3,/tmp/phi1/dataset/002397.npy
2398,train,mixed,652,/home/aidevcon/Downloads/DATASET/librispeech/LibriSpeech/dev-clean/652/129742/652-129742-0015.flac,6854,Attribution,-3,/tmp/phi1/dataset/002398.npy
2399,train,mixed,6319,/home/aidevcon/Downloads/DATASET/librispeech/LibriSpeech/dev-clean/6319/57405/6319-57405-0008.flac,142084,Attribution,3,/tmp/phi1/dataset/002399.npy
2400,train,mixed,6313,/home/aidevcon/Downloads/DATASET/librispeech/LibriSpeech/dev-clean/6313/66125/6313-66125-0016.flac,107594,Attribution,3,/tmp/phi1/dataset/002400.npy
2401,train,mixed,1272,/home/aidevcon/Downloads/DATASET/librispeech/LibriSpeech/dev-clean/1272/141231/1272-141231-0011.flac,128448,Attribution-ShareAlike,-9,/tmp/phi1/dataset/002401.npy
2402,train,mixed,6241,/home/aidevcon/Downloads/DATASET/librispeech/LibriSpeech/dev-clean/6241/61943/6241-61943-0000.flac,118503,Attribution,-3,/tmp/phi1/dataset/002402.npy
2403,train,mixed,6319,/home/aidevcon/Downloads/DATASET/librispeech/LibriSpeech/dev-clean/6319/275224/6319-275224-0020.flac,118327,Attribution-ShareAlike,-3,/tmp/phi1/dataset/002403.npy
2404,train,mixed,6345,/home/aidevcon/Downloads/DATASET/librispeech/LibriSpeech/dev-clean/6345/64257/6345-64257-0001.flac,51113,Creative Commons Attribution,-3,/tmp/phi1/dataset/002404.npy
2405,train,mixed,6313,/home/aidevcon/Downloads/DATASET/librispeech/LibriSpeech/dev-clean/6313/76958/6313-76958-0013.flac,46157,Attribution-ShareAlike 3.0 International,-3,/tmp/phi1/dataset/002405.npy
2406,train,mixed,6313,/home/aidevcon/Downloads/DATASET/librispeech/LibriSpeech/dev-clean/6313/66129/6313-66129-0033.flac,115591,Attribution,10,/tmp/phi1/dataset/002406.npy
2407,train,mixed,7850,/home/aidevcon/Downloads/DATASET/librispeech/LibriSpeech/dev-clean/7850/286674/7850-286674-0016.flac,107591,Attribution,3,/tmp/phi1/dataset/002407.npy
2408,train,mixed,6241,/home/aidevcon/Downloads/DATASET/librispeech/LibriSpeech/dev-clean/6241/61946/6241-61946-0011.flac,149488,Attribution,10,/tmp/phi1/dataset/002408.npy
2409,train,mixed,3752,/home/aidevcon/Downloads/DATASET/librispeech/LibriSpeech/dev-clean/3752/4944/3752-4944-0068.flac,98574,Attribution,3,/tmp/phi1/dataset/002409.npy
2410,train,mixed,2412,/home/aidevcon/Downloads/DATASET/librispeech/LibriSpeech/dev-clean/2412/153954/2412-153954-0012.flac,62446,Attribution-ShareAlike 3.0 International,10,/tmp/phi1/dataset/002410.npy
2411,train,mixed,6241,/home/aidevcon/Downloads/DATASET/librispeech/LibriSpeech/dev-clean/6241/66616/6241-66616-0012.flac,141875,Attribution,-9,/tmp/phi1/dataset/002411.npy
2412,train,mixed,2428,/home/aidevcon/Downloads/DATASET/librispeech/LibriSpeech/dev-clean/2428/83705/2428-83705-0029.flac,114395,Attribution,-3,/tmp/phi1/dataset/002412.npy
2413,train,mixed,7850,/home/aidevcon/Downloads/DATASET/librispeech/LibriSpeech/dev-clean/7850/281318/7850-281318-0009.flac,64861,Creative Commons Attribution,3,/tmp/phi1/dataset/002413.npy
2414,train,mixed,1988,/home/aidevcon/Downloads/DATASET/librispeech/LibriSpeech/dev-clean/1988/24833/1988-24833-0005.flac,140922,Creative Commons Attribution,3,/tmp/phi1/dataset/002414.npy
2415,train,mixed,3170,/home/aidevcon/Downloads/DATASET/librispeech/LibriSpeech/dev-clean/3170/137482/3170-137482-0003.flac,71508,Creative Commons Attribution,3,/tmp/phi1/dataset/002415.npy
2416,train,mixed,8297,/home/aidevcon/Downloads/DATASET/librispeech/LibriSpeech/dev-clean/8297/275155/8297-275155-0011.flac,39291,Attribution-ShareAlike 3.0 International,10,/tmp/phi1/dataset/002416.npy
2417,train,mixed,3170,/home/aidevcon/Downloads/DATASET/librispeech/LibriSpeech/dev-clean/3170/137482/3170-137482-0021.flac,50752,Attribution-ShareAlike 3.0 International,-3,/tmp/phi1/dataset/002417.npy
2418,train,mixed,84,/home/aidevcon/Downloads/DATASET/librispeech/LibriSpeech/dev-clean/84/121550/84-121550-0000.flac,30059,Attribution-ShareAlike,3,/tmp/phi1/dataset/002418.npy
2419,train,mixed,2412,/home/aidevcon/Downloads/DATASET/librispeech/LibriSpeech/dev-clean/2412/153954/2412-153954-0004.flac,38830,Attribution-Share Alike 3.0 United States,-9,/tmp/phi1/dataset/002419.npy
2420,train,mixed,5536,/home/aidevcon/Downloads/DATASET/librispeech/LibriSpeech/dev-clean/5536/43358/5536-43358-0013.flac,107593,Attribution,-9,/tmp/phi1/dataset/002420.npy
2421,train,mixed,6319,/home/aidevcon/Downloads/DATASET/librispeech/LibriSpeech/dev-clean/6319/57405/6319-57405-0001.flac,24425,Creative Commons Attribution,-3,/tmp/phi1/dataset/002421.npy
2422,train,mixed,1993,/home/aidevcon/Downloads/DATASET/librispeech/LibriSpeech/dev-clean/1993/147149/1993-147149-0022.flac,134449,CC0 1.0 Universal,-3,/tmp/phi1/dataset/002422.npy
2423,train,mixed,2086,/home/aidevcon/Downloads/DATASET/librispeech/LibriSpeech/dev-clean/2086/149220/2086-149220-0011.flac,52645,Attribution 3.0 United States,-3,/tmp/phi1/dataset/002423.npy
2424,train,mixed,5694,/home/aidevcon/Downloads/DATASET/librispeech/LibriSpeech/dev-clean/5694/64025/5694-64025-0014.flac,71245,Attribution-ShareAlike 3.0 International,-9,/tmp/phi1/dataset/002424.npy
2425,train,mixed,6241,/home/aidevcon/Downloads/DATASET/librispeech/LibriSpeech/dev-clean/6241/66616/6241-66616-0013.flac,104278,Attribution-ShareAlike,-3,/tmp/phi1/dataset/002425.npy
2426,train,mixed,1988,/home/aidevcon/Downloads/DATASET/librispeech/LibriSpeech/dev-clean/1988/148538/1988-148538-0014.flac,10699,Creative Commons Attribution,3,/tmp/phi1/dataset/002426.npy
2427,train,mixed,3170,/home/aidevcon/Downloads/DATASET/librispeech/LibriSpeech/dev-clean/3170/137482/3170-137482-0047.flac,64523,Attribution-ShareAlike 3.0 International,10,/tmp/phi1/dataset/002427.npy
2428,train,mixed,2803,/home/aidevcon/Downloads/DATASET/librispeech/LibriSpeech/dev-clean/2803/161169/2803-161169-0005.flac,68840,Attribution 3.0 United States,-9,/tmp/phi1/dataset/002428.npy
2429,train,mixed,6295,/home/aidevcon/Downloads/DATASET/librispeech/LibriSpeech/dev-clean/6295/64301/6295-64301-0023.flac,74391,Attribution-ShareAlike 3.0 International,10,/tmp/phi1/dataset/002429.npy
2430,train,mixed,251,/home/aidevcon/Downloads/DATASET/librispeech/LibriSpeech/dev-clean/251/136532/251-136532-0004.flac,126226,Attribution-ShareAlike,-9,/tmp/phi1/dataset/002430.npy
2431,train,mixed,1673,/home/aidevcon/Downloads/DATASET/librispeech/LibriSpeech/dev-clean/1673/143396/1673-143396-0003.flac,154305,Attribution,3,/tmp/phi1/dataset/002431.npy
2432,train,mixed,8297,/home/aidevcon/Downloads/DATASET/librispeech/LibriSpeech/dev-clean/8297/275156/8297-275156-0008.flac,119940,Attribution-ShareAlike,10,/tmp/phi1/dataset/002432.npy
2433,train,mixed,3752,/home/aidevcon/Downloads/DATASET/librispeech/LibriSpeech/dev-clean/3752/4944/3752-4944-0022.flac,133450,CC0 1.0 Universal,3,/tmp/phi1/dataset/002433.npy
2434,train,mixed,7850,/home/aidevcon/Downloads/DATASET/librispeech/LibriSpeech/dev-clean/7850/73752/7850-73752-0003.flac,122084,Attribution-ShareAlike,3,/tmp/phi1/dataset/002434.npy
2435,train,mixed,8297,/home/aidevcon/Downloads/DATASET/librispeech/LibriSpeech/dev-clean/8297/275154/8297-275154-0006.flac,146019,Attribution,-9,/tmp/phi1/dataset/002435.npy
2436,train,mixed,3170,/home/aidevcon/Downloads/DATASET/librispeech/LibriSpeech/dev-clean/3170/137482/3170-137482-0042.flac,21999,Public Domain,3,/tmp/phi1/dataset/002436.npy
2437,train,mixed,3576,/home/aidevcon/Downloads/DATASET/librispeech/LibriSpeech/dev-clean/3576/138058/3576-138058-0034.flac,38884,Public Domain,3,/tmp/phi1/dataset/002437.npy
2438,train,mixed,8842,/home/aidevcon/Downloads/DATASET/librispeech/LibriSpeech/dev-clean/8842/302203/8842-302203-0005.flac,114388,Attribution,-9,/tmp/phi1/dataset/002438.npy
2439,train,mixed,6345,/home/aidevcon/Downloads/DATASET/librispeech/LibriSpeech/dev-clean/6345/93306/6345-93306-0010.flac,106568,Attribution-ShareAlike,-3,/tmp/phi1/dataset/002439.npy
2440,train,mixed,2803,/home/aidevcon/Downloads/DATASET/librispeech/LibriSpeech/dev-clean/2803/154328/2803-154328-0011.flac,64523,Attribution-ShareAlike 3.0 International,-9,/tmp/phi1/dataset/002440.npy
2441,train,mixed,8297,/home/aidevcon/Downloads/DATASET/librispeech/LibriSpeech/dev-clean/8297/275155/8297-275155-0005.flac,62750,Attribution-ShareAlike 3.0 International,3,/tmp/phi1/dataset/002441.npy
2442,train,mixed,6241,/home/aidevcon/Downloads/DATASET/librispeech/LibriSpeech/dev-clean/6241/61946/6241-61946-0000.flac,89815,Creative Commons Attribution,-9,/tmp/phi1/dataset/002442.npy
2443,train,mixed,6295,/home/aidevcon/Downloads/DATASET/librispeech/LibriSpeech/dev-clean/6295/244435/6295-244435-0008.flac,127559,Attribution,3,/tmp/phi1/dataset/002443.npy
2444,train,mixed,1673,/home/aidevcon/Downloads/DATASET/librispeech/LibriSpeech/dev-clean/1673/143396/1673-143396-0006.flac,114558,Attribution,10,/tmp/phi1/dataset/002444.npy
2445,train,mixed,6241,/home/aidevcon/Downloads/DATASET/librispeech/LibriSpeech/dev-clean/6241/61943/6241-61943-0026.flac,6679,Creative Commons Attribution,-3,/tmp/phi1/dataset/002445.npy
2446,train,mixed,8842,/home/aidevcon/Downloads/DATASET/librispeech/LibriSpeech/dev-clean/8842/302201/8842-302201-0003.flac,64519,Attribution-ShareAlike 3.0 International,10,/tmp/phi1/dataset/002446.npy
2447,train,mixed,8297,/home/aidevcon/Downloads/DATASET/librispeech/LibriSpeech/dev-clean/8297/275155/8297-275155-0009.flac,114388,Attribution,10,/tmp/phi1/dataset/002447.npy
2448,train,mixed,3170,/home/aidevcon/Downloads/DATASET/librispeech/LibriSpeech/dev-clean/3170/137482/3170-137482-0018.flac,64333,Creative Commons Attribution,-3,/tmp/phi1/dataset/002448.npy
2449,train,mixed,777,/home/aidevcon/Downloads/DATASET/librispeech/LibriSpeech/dev-clean/777/126732/777-126732-0024.flac,115815,Attribution,10,/tmp/phi1/dataset/002449.npy
2450,train,mixed,777,/home/aidevcon/Downloads/DATASET/librispeech/LibriSpeech/dev-clean/777/126732/777-126732-0037.flac,68549,Creative Commons Attribution,10,/tmp/phi1/dataset/002450.npy
2451,train,mixed,1988,/home/aidevcon/Downloads/DATASET/librispeech/LibriSpeech/dev-clean/1988/148538/1988-148538-0015.flac,55121,Attribution-ShareAlike 3.0 International,3,/tmp/phi1/dataset/002451.npy
2452,train,mixed,3752,/home/aidevcon/Downloads/DATASET/librispeech/LibriSpeech/dev-clean/3752/4944/3752-4944-0020.flac,144810,Attribution,-3,/tmp/phi1/dataset/002452.npy
2453,train,mixed,174,/home/aidevcon/Downloads/DATASET/librispeech/LibriSpeech/dev-clean/174/50561/174-50561-0010.flac,61174,Attribution-ShareAlike 3.0 International,-9,/tmp/phi1/dataset/002453.npy
2454,train,mixed,174,/home/aidevcon/Downloads/DATASET/librispeech/LibriSpeech/dev-clean/174/84280/174-84280-0013.flac,145004,Attribution,3,/tmp/phi1/dataset/002454.npy
2455,train,mixed,174,/home/aidevcon/Downloads/DATASET/librispeech/LibriSpeech/dev-clean/174/50561/174-50561-0016.flac,143061,Attribution,-3,/tmp/phi1/dataset/002455.npy
2456,train,mixed,174,/home/aidevcon/Downloads/DATASET/librispeech/LibriSpeech/dev-clean/174/168635/174-168635-0013.flac,134444,CC0 1.0 Universal,10,/tmp/phi1/dataset/002456.npy
2457,train,mixed,5536,/home/aidevcon/Downloads/DATASET/librispeech/LibriSpeech/dev-clean/5536/43359/5536-43359-0007.flac,92878,Attribution-ShareAlike 3.0 International,10,/tmp/phi1/dataset/002457.npy
2458,train,mixed,6345,/home/aidevcon/Downloads/DATASET/librispeech/LibriSpeech/dev-clean/6345/93302/6345-93302-0005.flac,62753,Attribution-ShareAlike 3.0 International,3,/tmp/phi1/dataset/002458.npy
2459,train,mixed,1993,/home/aidevcon/Downloads/DATASET/librispeech/LibriSpeech/dev-clean/1993/147149/1993-147149-0009.flac,64866,Creative Commons Attribution,3,/tmp/phi1/dataset/002459.npy
2460,train,mixed,3170,/home/aidevcon/Downloads/DATASET/librispeech/LibriSpeech/dev-clean/3170/137482/3170-137482-0048.flac,89456,Attribution-ShareAlike 3.0 International,-3,/tmp/phi1/dataset/002460.npy
2461,train,mixed,2412,/home/aidevcon/Downloads/DATASET/librispeech/LibriSpeech/dev-clean/2412/153947/2412-153947-0008.flac,106567,Attribution-ShareAlike,3,/tmp/phi1/dataset/002461.npy
2462,train,mixed,6345,/home/aidevcon/Downloads/DATASET/librispeech/LibriSpeech/dev-clean/6345/93306/6345-93306-0022.flac,133450,CC0 1.0 Universal,3,/tmp/phi1/dataset/002462.npy
2463,train,mixed,8297,/home/aidevcon/Downloads/DATASET/librispeech/LibriSpeech/dev-clean/8297/275154/8297-275154-0001.flac,75425,Creative Commons Attribution,-3,/tmp/phi1/dataset/002463.npy
2464,train,mixed,3752,/home/aidevcon/Downloads/DATASET/librispeech/LibriSpeech/dev-clean/3752/4944/3752-4944-0017.flac,61452,Attribution-ShareAlike 3.0 International,3,/tmp/phi1/dataset/002464.npy
2465,train,mixed,2803,/home/aidevcon/Downloads/DATASET/librispeech/LibriSpeech/dev-clean/2803/161169/2803-161169-0005.flac,76659,Attribution,-3,/tmp/phi1/dataset/002465.npy
2466,train,mixed,174,/home/aidevcon/Downloads/DATASET/librispeech/LibriSpeech/dev-clean/174/50561/174-50561-0001.flac,88875,Attribution 3.0 United States,3,/tmp/phi1/dataset/002466.npy
2467,train,mixed,777,/home/aidevcon/Downloads/DATASET/librispeech/LibriSpeech/dev-clean/777/126732/777-126732-0064.flac,118196,Attribution,3,/tmp/phi1/dataset/002467.npy
2468,train,mixed,3752,/home/aidevcon/Downloads/DATASET/librispeech/LibriSpeech/dev-clean/3752/4943/3752-4943-0000.flac,133445,CC0 1.0 Universal,3,/tmp/phi1/dataset/002468.npy
2469,train,mixed,3576,/home/aidevcon/Downloads/DATASET/librispeech/LibriSpeech/dev-clean/3576/138058/3576-138058-0037.flac,107617,Attribution,10,/tmp/phi1/dataset/002469.npy
2470,train,mixed,3853,/home/aidevcon/Downloads/DATASET/librispeech/LibriSpeech/dev-clean/3853/163249/3853-163249-0012.flac,141735,Attribution,3,/tmp/phi1/dataset/002470.npy
2471,train,mixed,2803,/home/aidevcon/Downloads/DATASET/librispeech/LibriSpeech/dev-clean/2803/154328/2803-154328-0015.flac,55124,Attribution-ShareAlike 3.0 International,-3,/tmp/phi1/dataset/002471.npy
2472,train,mixed,3752,/home/aidevcon/Downloads/DATASET/librispeech/LibriSpeech/dev-clean/3752/4943/3752-4943-0004.flac,38886,Public Domain,10,/tmp/phi1/dataset/002472.npy
2473,train,mixed,2412,/home/aidevcon/Downloads/DATASET/librispeech/LibriSpeech/dev-clean/2412/153954/2412-153954-0009.flac,75931,Creative Commons Attribution,10,/tmp/phi1/dataset/002473.npy
2474,train,mixed,3853,/home/aidevcon/Downloads/DATASET/librispeech/LibriSpeech/dev-clean/3853/163249/3853-163249-0016.flac,92878,Attribution-ShareAlike 3.0 International,3,/tmp/phi1/dataset/002474.npy
2475,train,mixed,3752,/home/aidevcon/Downloads/DATASET/librispeech/LibriSpeech/dev-clean/3752/4944/3752-4944-0021.flac,141283,Attribution-ShareAlike,-9,/tmp/phi1/dataset/002475.npy
2476,train,mixed,2086,/home/aidevcon/Downloads/DATASET/librispeech/LibriSpeech/dev-clean/2086/149220/2086-149220-0012.flac,133453,CC0 1.0 Universal,10,/tmp/phi1/dataset/002476.npy
2477,train,mixed,652,/home/aidevcon/Downloads/DATASET/librispeech/LibriSpeech/dev-clean/652/130726/652-130726-0017.flac,63755,Attribution-ShareAlike,-3,/tmp/phi1/dataset/002477.npy
2478,train,mixed,6241,/home/aidevcon/Downloads/DATASET/librispeech/LibriSpeech/dev-clean/6241/61943/6241-61943-0027.flac,4073,Attribution,3,/tmp/phi1/dataset/002478.npy
2479,train,mixed,7850,/home/aidevcon/Downloads/DATASET/librispeech/LibriSpeech/dev-clean/7850/286674/7850-286674-0000.flac,126221,Attribution-ShareAlike,-3,/tmp/phi1/dataset/002479.npy
2480,train,mixed,6319,/home/aidevcon/Downloads/DATASET/librispeech/LibriSpeech/dev-clean/6319/275224/6319-275224-0008.flac,52639,Attribution 3.0 United States,-9,/tmp/phi1/dataset/002480.npy
2481,train,mixed,6319,/home/aidevcon/Downloads/DATASET/librispeech/LibriSpeech/dev-clean/6319/275224/6319-275224-0005.flac,45100,Attribution,3,/tmp/phi1/dataset/002481.npy
2482,train,mixed,1988,/home/aidevcon/Downloads/DATASET/librispeech/LibriSpeech/dev-clean/1988/24833/1988-24833-0024.flac,62426,Attribution-ShareAlike 3.0 International,-3,/tmp/phi1/dataset/002482.npy
2483,train,mixed,652,/home/aidevcon/Downloads/DATASET/librispeech/LibriSpeech/dev-clean/652/130726/652-130726-0000.flac,127265,Attribution,-3,/tmp/phi1/dataset/002483.npy
2484,train,mixed,7976,/home/aidevcon/Downloads/DATASET/librispeech/LibriSpeech/dev-clean/7976/110523/7976-110523-0008.flac,38779,Attribution-Share Alike 3.0 United States,3,/tmp/phi1/dataset/002484.npy
2485,train,mixed,1988,/home/aidevcon/Downloads/DATASET/librispeech/LibriSpeech/dev-clean/1988/148538/1988-148538-0006.flac,141567,Attribution,-9,/tmp/phi1/dataset/002485.npy
2486,train,mixed,3752,/home/aidevcon/Downloads/DATASET/librispeech/LibriSpeech/dev-clean/3752/4944/3752-4944-0031.flac,141300,Attribution-ShareAlike,10,/tmp/phi1/dataset/002486.npy
2487,train,mixed,6295,/home/aidevcon/Downloads/DATASET/librispeech/LibriSpeech/dev-clean/6295/64301/6295-64301-0000.flac,141876,Attribution,10,/tmp/phi1/dataset/002487.npy
2488,train,mixed,5694,/home/aidevcon/Downloads/DATASET/librispeech/LibriSpeech/dev-clean/5694/64025/5694-64025-0020.flac,152543,Attribution-ShareAlike,3,/tmp/phi1/dataset/002488.npy
2489,train,mixed,3853,/home/aidevcon/Downloads/DATASET/librispeech/LibriSpeech/dev-clean/3853/163249/3853-163249-0031.flac,92881,Attribution-ShareAlike 3.0 International,3,/tmp/phi1/dataset/002489.npy
2490,train,mixed,251,/home/aidevcon/Downloads/DATASET/librispeech/LibriSpeech/dev-clean/251/118436/251-118436-0020.flac,122088,Attribution-ShareAlike,3,/tmp/phi1/dataset/002490.npy
2491,train,mixed,5895,/home/aidevcon/Downloads/DATASET/librispeech/LibriSpeech/dev-clean/5895/34622/5895-34622-0001.flac,154307,Attribution,3,/tmp/phi1/dataset/002491.npy
2492,train,mixed,6295,/home/aidevcon/Downloads/DATASET/librispeech/LibriSpeech/dev-clean/6295/64301/6295-64301-0006.flac,121595,Attribution,-9,/tmp/phi1/dataset/002492.npy
2493,train,mixed,3576,/home/aidevcon/Downloads/DATASET/librispeech/LibriSpeech/dev-clean/3576/138058/3576-138058-0014.flac,83719,Attribution-ShareAlike,-3,/tmp/phi1/dataset/002493.npy
2494,train,mixed,2803,/home/aidevcon/Downloads/DATASET/librispeech/LibriSpeech/dev-clean/2803/154320/2803-154320-0004.flac,88878,Attribution 3.0 United States,-3,/tmp/phi1/dataset/002494.npy
2495,train,mixed,84,/home/aidevcon/Downloads/DATASET/librispeech/LibriSpeech/dev-clean/84/121550/84-121550-0023.flac,38905,Public Domain,-9,/tmp/phi1/dataset/002495.npy
2496,train,mixed,5895,/home/aidevcon/Downloads/DATASET/librispeech/LibriSpeech/dev-clean/5895/34615/5895-34615-0003.flac,148215,Attribution,3,/tmp/phi1/dataset/002496.npy
2497,train,mixed,6295,/home/aidevcon/Downloads/DATASET/librispeech/LibriSpeech/dev-clean/6295/244435/6295-244435-0013.flac,88848,Attribution 3.0 United States,10,/tmp/phi1/dataset/002497.npy
2498,train,mixed,6319,/home/aidevcon/Downloads/DATASET/librispeech/LibriSpeech/dev-clean/6319/64726/6319-64726-0004.flac,52634,Attribution 3.0 United States,3,/tmp/phi1/dataset/002498.npy
2499,train,mixed,6313,/home/aidevcon/Downloads/DATASET/librispeech/LibriSpeech/dev-clean/6313/66129/6313-66129-0023.flac,7489,Attribution 3.0 United States,-3,/tmp/phi1/dataset/002499.npy
2500,train,mixed,2428,/home/aidevcon/Downloads/DATASET/librispeech/LibriSpeech/dev-clean/2428/83705/2428-83705-0028.flac,24432,Creative Commons Attribution,3,/tmp/phi1/dataset/002500.npy
2501,train,mixed,1993,/home/aidevcon/Downloads/DATASET/librispeech/LibriSpeech/dev-clean/1993/147966/1993-147966-0000.flac,134443,CC0 1.0 Universal,-3,/tmp/phi1/dataset/002501.npy
2502,train,mixed,174,/home/aidevcon/Downloads/DATASET/librispeech/LibriSpeech/dev-clean/174/168635/174-168635-0002.flac,92886,Attribution-ShareAlike 3.0 International,3,/tmp/phi1/dataset/002502.npy
2503,train,mixed,1993,/home/aidevcon/Downloads/DATASET/librispeech/LibriSpeech/dev-clean/1993/147149/1993-147149-0006.flac,143055,Attribution,10,/tmp/phi1/dataset/002503.npy
2504,train,mixed,6313,/home/aidevcon/Downloads/DATASET/librispeech/LibriSpeech/dev-clean/6313/66125/6313-66125-0011.flac,64860,Creative Commons Attribution,-3,/tmp/phi1/dataset/002504.npy
2505,train,mixed,2803,/home/aidevcon/Downloads/DATASET/librispeech/LibriSpeech/dev-clean/2803/161169/2803-161169-0006.flac,126608,Attribution-ShareAlike,3,/tmp/phi1/dataset/002505.npy
2506,train,mixed,174,/home/aidevcon/Downloads/DATASET/librispeech/LibriSpeech/dev-clean/174/84280/174-84280-0004.flac,152568,Attribution,-9,/tmp/phi1/dataset/002506.npy
2507,train,mixed,174,/home/aidevcon/Downloads/DATASET/librispeech/LibriSpeech/dev-clean/174/168635/174-168635-0004.flac,115767,Attribution,3,/tmp/phi1/dataset/002507.npy
2508,train,mixed,3853,/home/aidevcon/Downloads/DATASET/librispeech/LibriSpeech/dev-clean/3853/163249/3853-163249-0002.flac,39605,Creative Commons Attribution,10,/tmp/phi1/dataset/002508.npy
2509,train,mixed,652,/home/aidevcon/Downloads/DATASET/librispeech/LibriSpeech/dev-clean/652/130726/652-130726-0027.flac,4077,Attribution,-9,/tmp/phi1/dataset/002509.npy
2510,train,mixed,5536,/home/aidevcon/Downloads/DATASET/librispeech/LibriSpeech/dev-clean/5536/43363/5536-43363-0003.flac,114400,Attribution,10,/tmp/phi1/dataset/002510.npy
2511,train,mixed,1988,/home/aidevcon/Downloads/DATASET/librispeech/LibriSpeech/dev-clean/1988/148538/1988-148538-0012.flac,75401,Creative Commons Attribution,3,/tmp/phi1/dataset/002511.npy
2512,train,mixed,6345,/home/aidevcon/Downloads/DATASET/librispeech/LibriSpeech/dev-clean/6345/93302/6345-93302-0023.flac,4079,Attribution,-9,/tmp/phi1/dataset/002512.npy
2513,train,mixed,3752,/home/aidevcon/Downloads/DATASET/librispeech/LibriSpeech/dev-clean/3752/4944/3752-4944-0018.flac,122360,Attribution,-3,/tmp/phi1/dataset/002513.npy
2514,train,mixed,3576,/home/aidevcon/Downloads/DATASET/librispeech/LibriSpeech/dev-clean/3576/138058/3576-138058-0020.flac,38911,Public Domain,-9,/tmp/phi1/dataset/002514.npy
2515,train,mixed,5536,/home/aidevcon/Downloads/DATASET/librispeech/LibriSpeech/dev-clean/5536/43358/5536-43358-0002.flac,137170,Attribution-ShareAlike,-9,/tmp/phi1/dataset/002515.npy
2516,train,mixed,1673,/home/aidevcon/Downloads/DATASET/librispeech/LibriSpeech/dev-clean/1673/143396/1673-143396-0015.flac,75372,Creative Commons Attribution,3,/tmp/phi1/dataset/002516.npy
2517,train,mixed,1673,/home/aidevcon/Downloads/DATASET/librispeech/LibriSpeech/dev-clean/1673/143397/1673-143397-0002.flac,122081,Attribution-ShareAlike,-3,/tmp/phi1/dataset/002517.npy
2518,train,mixed,6319,/home/aidevcon/Downloads/DATASET/librispeech/LibriSpeech/dev-clean/6319/275224/6319-275224-0020.flac,133454,CC0 1.0 Universal,-3,/tmp/phi1/dataset/002518.npy
2519,train,mixed,3853,/home/aidevcon/Downloads/DATASET/librispeech/LibriSpeech/dev-clean/3853/163249/3853-163249-0054.flac,98557,Attribution,-9,/tmp/phi1/dataset/002519.npy
2520,train,mixed,251,/home/aidevcon/Downloads/DATASET/librispeech/LibriSpeech/dev-clean/251/137823/251-137823-0018.flac,110260,Attribution,-9,/tmp/phi1/dataset/002520.npy
2521,train,mixed,5694,/home/aidevcon/Downloads/DATASET/librispeech/LibriSpeech/dev-clean/5694/64029/5694-64029-0031.flac,112198,Attribution,-9,/tmp/phi1/dataset/002521.npy
2522,train,mixed,6319,/home/aidevcon/Downloads/DATASET/librispeech/LibriSpeech/dev-clean/6319/57405/6319-57405-0003.flac,118987,Attribution-ShareAlike,-3,/tmp/phi1/dataset/002522.npy
2523,train,mixed,7976,/home/aidevcon/Downloads/DATASET/librispeech/LibriSpeech/dev-clean/7976/105575/7976-105575-0012.flac,24912,Attribution 3.0 United States,-9,/tmp/phi1/dataset/002523.npy
2524,train,mixed,777,/home/aidevcon/Downloads/DATASET/librispeech/LibriSpeech/dev-clean/777/126732/777-126732-0041.flac,141292,Attribution-ShareAlike,10,/tmp/phi1/dataset/002524.npy
2525,train,mixed,1673,/home/aidevcon/Downloads/DATASET/librispeech/LibriSpeech/dev-clean/1673/143396/1673-143396-0005.flac,106569,Attribution-ShareAlike,3,/tmp/phi1/dataset/002525.npy
2526,train,mixed,6313,/home/aidevcon/Downloads/DATASET/librispeech/LibriSpeech/dev-clean/6313/76958/6313-76958-0004.flac,121319,Attribution,3,/tmp/phi1/dataset/002526.npy
2527,train,mixed,2086,/home/aidevcon/Downloads/DATASET/librispeech/LibriSpeech/dev-clean/2086/149220/2086-149220-0019.flac,123974,Attribution,3,/tmp/phi1/dataset/002527.npy
2528,train,mixed,5694,/home/aidevcon/Downloads/DATASET/librispeech/LibriSpeech/dev-clean/5694/64025/5694-64025-0016.flac,113265,Attribution-ShareAlike,-9,/tmp/phi1/dataset/002528.npy
2529,train,mixed,3853,/home/aidevcon/Downloads/DATASET/librispeech/LibriSpeech/dev-clean/3853/163249/3853-163249-0043.flac,75381,Creative Commons Attribution,3,/tmp/phi1/dataset/002529.npy
2530,train,mixed,1988,/home/aidevcon/Downloads/DATASET/librispeech/LibriSpeech/dev-clean/1988/148538/1988-148538-0004.flac,140134,Attribution,-9,/tmp/phi1/dataset/002530.npy
2531,train,mixed,6295,/home/aidevcon/Downloads/DATASET/librispeech/LibriSpeech/dev-clean/6295/64301/6295-64301-0010.flac,24421,Creative Commons Attribution,3,/tmp/phi1/dataset/002531.npy
2532,train,mixed,5694,/home/aidevcon/Downloads/DATASET/librispeech/LibriSpeech/dev-clean/5694/64038/5694-64038-0002.flac,115321,Attribution,-3,/tmp/phi1/dataset/002532.npy
2533,train,mixed,3170,/home/aidevcon/Downloads/DATASET/librispeech/LibriSpeech/dev-clean/3170/137482/3170-137482-0046.flac,142671,Attribution,-9,/tmp/phi1/dataset/002533.npy
2534,train,mixed,7976,/home/aidevcon/Downloads/DATASET/librispeech/LibriSpeech/dev-clean/7976/105575/7976-105575-0027.flac,107432,Attribution,-9,/tmp/phi1/dataset/002534.npy
2535,train,mixed,3853,/home/aidevcon/Downloads/DATASET/librispeech/LibriSpeech/dev-clean/3853/163249/3853-163249-0037.flac,121319,Attribution,3,/tmp/phi1/dataset/002535.npy
2536,train,mixed,5536,/home/aidevcon/Downloads/DATASET/librispeech/LibriSpeech/dev-clean/5536/43358/5536-43358-0017.flac,24427,Creative Commons Attribution,-3,/tmp/phi1/dataset/002536.npy
2537,train,mixed,1673,/home/aidevcon/Downloads/DATASET/librispeech/LibriSpeech/dev-clean/1673/143396/1673-143396-0001.flac,118084,Attribution,-3,/tmp/phi1/dataset/002537.npy
2538,train,mixed,777,/home/aidevcon/Downloads/DATASET/librispeech/LibriSpeech/dev-clean/777/126732/777-126732-0079.flac,52644,Attribution 3.0 United States,10,/tmp/phi1/dataset/002538.npy
2539,train,mixed,1988,/home/aidevcon/Downloads/DATASET/librispeech/LibriSpeech/dev-clean/1988/24833/1988-24833-0013.flac,107429,Attribution,3,/tmp/phi1/dataset/002539.npy
2540,train,mixed,5895,/home/aidevcon/Downloads/DATASET/librispeech/LibriSpeech/dev-clean/5895/34622/5895-34622-0020.flac,55100,Attribution-ShareAlike 3.0 International,10,/tmp/phi1/dataset/002540.npy
2541,train,mixed,3752,/home/aidevcon/Downloads/DATASET/librispeech/LibriSpeech/dev-clean/3752/4944/3752-4944-0053.flac,86634,Creative Commons Attribution,-3,/tmp/phi1/dataset/002541.npy
2542,train,mixed,777,/home/aidevcon/Downloads/DATASET/librispeech/LibriSpeech/dev-clean/777/126732/777-126732-0036.flac,106563,Attribution-ShareAlike,-9,/tmp/phi1/dataset/002542.npy
2543,train,mixed,1993,/home/aidevcon/Downloads/DATASET/librispeech/LibriSpeech/dev-clean/1993/147966/1993-147966-0000.flac,107594,Attribution,-3,/tmp/phi1/dataset/002543.npy
2544,train,mixed,1673,/home/aidevcon/Downloads/DATASET/librispeech/LibriSpeech/dev-clean/1673/143396/1673-143396-0019.flac,116877,Attribution,3,/tmp/phi1/dataset/002544.npy
2545,train,mixed,2428,/home/aidevcon/Downloads/DATASET/librispeech/LibriSpeech/dev-clean/2428/83699/2428-83699-0016.flac,142089,Attribution,10,/tmp/phi1/dataset/002545.npy
2546,train,mixed,2078,/home/aidevcon/Downloads/DATASET/librispeech/LibriSpeech/dev-clean/2078/142845/2078-142845-0015.flac,150267,Attribution,-9,/tmp/phi1/dataset/002546.npy
2547,train,mixed,1272,/home/aidevcon/Downloads/DATASET/librispeech/LibriSpeech/dev-clean/1272/128104/1272-128104-0006.flac,122671,Attribution,-3,/tmp/phi1/dataset/002547.npy
2548,train,mixed,2803,/home/aidevcon/Downloads/DATASET/librispeech/LibriSpeech/dev-clean/2803/161169/2803-161169-0015.flac,88870,Attribution 3.0 United States,-9,/tmp/phi1/dataset/002548.npy
2549,train,mixed,6295,/home/aidevcon/Downloads/DATASET/librispeech/LibriSpeech/dev-clean/6295/244435/6295-244435-0010.flac,113972,Attribution,-9,/tmp/phi1/dataset/002549.npy
2550,train,mixed,2412,/home/aidevcon/Downloads/DATASET/librispeech/LibriSpeech/dev-clean/2412/153948/2412-153948-0004.flac,122077,Attribution-ShareAlike,-9,/tmp/phi1/dataset/002550.npy
2551,train,mixed,7976,/home/aidevcon/Downloads/DATASET/librispeech/LibriSpeech/dev-clean/7976/110124/7976-110124-0002.flac,71514,Creative Commons Attribution,-9,/tmp/phi1/dataset/002551.npy
2552,train,mixed,7976,/home/aidevcon/Downloads/DATASET/librispeech/LibriSpeech/dev-clean/7976/110124/7976-110124-0013.flac,63747,Attribution-ShareAlike,-9,/tmp/phi1/dataset/002552.npy
2553,train,mixed,3170,/home/aidevcon/Downloads/DATASET/librispeech/LibriSpeech/dev-clean/3170/137482/3170-137482-0022.flac,35535,Attribution-ShareAlike 3.0 International,-3,/tmp/phi1/dataset/002553.npy
2554,train,mixed,1272,/home/aidevcon/Downloads/DATASET/librispeech/LibriSpeech/dev-clean/1272/128104/1272-128104-0002.flac,6684,Creative Commons Attribution,-9,/tmp/phi1/dataset/002554.npy
2555,train,mixed,1993,/home/aidevcon/Downloads/DATASET/librispeech/LibriSpeech/dev-clean/1993/147964/1993-147964-0010.flac,107020,Attribution-ShareAlike,-3,/tmp/phi1/dataset/002555.npy
2556,train,mixed,1272,/home/aidevcon/Downloads/DATASET/librispeech/LibriSpeech/dev-clean/1272/141231/1272-141231-0002.flac,64630,Creative Commons Attribution,-3,/tmp/phi1/dataset/002556.npy
2557,train,mixed,8842,/home/aidevcon/Downloads/DATASET/librispeech/LibriSpeech/dev-clean/8842/304647/8842-304647-0009.flac,141875,Attribution,-9,/tmp/phi1/dataset/002557.npy
2558,train,mixed,6319,/home/aidevcon/Downloads/DATASET/librispeech/LibriSpeech/dev-clean/6319/57405/6319-57405-0002.flac,14344,Creative Commons Attribution,10,/tmp/phi1/dataset/002558.npy
2559,train,mixed,1988,/home/aidevcon/Downloads/DATASET/librispeech/LibriSpeech/dev-clean/1988/24833/1988-24833-0011.flac,133440,CC0 1.0 Universal,3,/tmp/phi1/dataset/002559.npy
2560,train,mixed,2078,/home/aidevcon/Downloads/DATASET/librispeech/LibriSpeech/dev-clean/2078/142845/2078-142845-0007.flac,107426,Attribution,-9,/tmp/phi1/dataset/002560.npy
2561,train,mixed,7976,/home/aidevcon/Downloads/DATASET/librispeech/LibriSpeech/dev-clean/7976/110523/7976-110523-0000.flac,118507,Attribution,3,/tmp/phi1/dataset/002561.npy
2562,train,mixed,2412,/home/aidevcon/Downloads/DATASET/librispeech/LibriSpeech/dev-clean/2412/153947/2412-153947-0004.flac,38834,Attribution-Share Alike 3.0 United States,-3,/tmp/phi1/dataset/002562.npy
2563,train,mixed,5895,/home/aidevcon/Downloads/DATASET/librispeech/LibriSpeech/dev-clean/5895/34629/5895-34629-0033.flac,64858,Creative Commons Attribution,10,/tmp/phi1/dataset/002563.npy
2564,train,mixed,1993,/home/aidevcon/Downloads/DATASET/librispeech/LibriSpeech/dev-clean/1993/147964/1993-147964-0008.flac,148234,Attribution,-3,/tmp/phi1/dataset/002564.npy
2565,train,mixed,1993,/home/aidevcon/Downloads/DATASET/librispeech/LibriSpeech/dev-clean/1993/147149/1993-147149-0028.flac,122261,Attribution,10,/tmp/phi1/dataset/002565.npy
2566,train,mixed,8842,/home/aidevcon/Downloads/DATASET/librispeech/LibriSpeech/dev-clean/8842/304647/8842-304647-0006.flac,45099,Attribution,-3,/tmp/phi1/dataset/002566.npy
2567,train,mixed,2428,/home/aidevcon/Downloads/DATASET/librispeech/LibriSpeech/dev-clean/2428/83705/2428-83705-0037.flac,15469,Attribution 3.0 United States,10,/tmp/phi1/dataset/002567.npy
2568,train,mixed,1272,/home/aidevcon/Downloads/DATASET/librispeech/LibriSpeech/dev-clean/1272/135031/1272-135031-0002.flac,126589,Attribution-ShareAlike,-3,/tmp/phi1/dataset/002568.npy
2569,train,mixed,6295,/home/aidevcon/Downloads/DATASET/librispeech/LibriSpeech/dev-clean/6295/64301/6295-64301-0002.flac,38894,Public Domain,3,/tmp/phi1/dataset/002569.npy
2570,train,mixed,7976,/home/aidevcon/Downloads/DATASET/librispeech/LibriSpeech/dev-clean/7976/110124/7976-110124-0015.flac,71506,Creative Commons Attribution,10,/tmp/phi1/dataset/002570.npy
2571,train,mixed,1993,/home/aidevcon/Downloads/DATASET/librispeech/LibriSpeech/dev-clean/1993/147149/1993-147149-0006.flac,118196,Attribution,10,/tmp/phi1/dataset/002571.npy
2572,train,mixed,7850,/home/aidevcon/Downloads/DATASET/librispeech/LibriSpeech/dev-clean/7850/111771/7850-111771-0007.flac,98227,Attribution-ShareAlike,10,/tmp/phi1/dataset/002572.npy
2573,train,mixed,2803,/home/aidevcon/Downloads/DATASET/librispeech/LibriSpeech/dev-clean/2803/154320/2803-154320-0001.flac,141562,Attribution,-3,/tmp/phi1/dataset/002573.npy
2574,train,mixed,2412,/home/aidevcon/Downloads/DATASET/librispeech/LibriSpeech/dev-clean/2412/153954/2412-153954-0007.flac,116881,Attribution,10,/tmp/phi1/dataset/002574.npy
2575,train,mixed,8842,/home/aidevcon/Downloads/DATASET/librispeech/LibriSpeech/dev-clean/8842/302201/8842-302201-0002.flac,134922,Attribution,3,/tmp/phi1/dataset/002575.npy
2576,train,mixed,8297,/home/aidevcon/Downloads/DATASET/librispeech/LibriSpeech/dev-clean/8297/275155/8297-275155-0029.flac,75372,Creative Commons Attribution,-3,/tmp/phi1/dataset/002576.npy
2577,train,mixed,2086,/home/aidevcon/Downloads/DATASET/librispeech/LibriSpeech/dev-clean/2086/149220/2086-149220-0010.flac,118195,Attribution,3,/tmp/phi1/dataset/002577.npy
2578,train,mixed,6295,/home/aidevcon/Downloads/DATASET/librispeech/LibriSpeech/dev-clean/6295/244435/6295-244435-0022.flac,98548,Attribution,-3,/tmp/phi1/dataset/002578.npy
2579,train,mixed,2086,/home/aidevcon/Downloads/DATASET/librispeech/LibriSpeech/dev-clean/2086/149220/2086-149220-0013.flac,130135,Attribution,-3,/tmp/phi1/dataset/002579.npy
2580,train,mixed,6241,/home/aidevcon/Downloads/DATASET/librispeech/LibriSpeech/dev-clean/6241/61943/6241-61943-0013.flac,118276,Attribution,-3,/tmp/phi1/dataset/002580.npy
2581,train,mixed,7850,/home/aidevcon/Downloads/DATASET/librispeech/LibriSpeech/dev-clean/7850/286674/7850-286674-0010.flac,130132,Attribution,-3,/tmp/phi1/dataset/002581.npy
2582,train,mixed,8297,/home/aidevcon/Downloads/DATASET/librispeech/LibriSpeech/dev-clean/8297/275156/8297-275156-0013.flac,118277,Attribution,3,/tmp/phi1/dataset/002582.npy
2583,train,mixed,174,/home/aidevcon/Downloads/DATASET/librispeech/LibriSpeech/dev-clean/174/168635/174-168635-0010.flac,114412,Attribution,3,/tmp/phi1/dataset/002583.npy
2584,train,mixed,2086,/home/aidevcon/Downloads/DATASET/librispeech/LibriSpeech/dev-clean/2086/149220/2086-149220-0006.flac,38907,Public Domain,-3,/tmp/phi1/dataset/002584.npy
2585,train,mixed,6241,/home/aidevcon/Downloads/DATASET/librispeech/LibriSpeech/dev-clean/6241/61946/6241-61946-0020.flac,62751,Attribution-ShareAlike 3.0 International,10,/tmp/phi1/dataset/002585.npy
2586,train,mixed,8842,/home/aidevcon/Downloads/DATASET/librispeech/LibriSpeech/dev-clean/8842/302203/8842-302203-0011.flac,146017,Attribution,-3,/tmp/phi1/dataset/002586.npy
2587,train,mixed,1993,/home/aidevcon/Downloads/DATASET/librispeech/LibriSpeech/dev-clean/1993/147966/1993-147966-0001.flac,72070,Attribution,-3,/tmp/phi1/dataset/002587.npy
2588,train,mixed,2412,/home/aidevcon/Downloads/DATASET/librispeech/LibriSpeech/dev-clean/2412/153948/2412-153948-0008.flac,88848,Attribution 3.0 United States,-3,/tmp/phi1/dataset/002588.npy
2589,train,mixed,2803,/home/aidevcon/Downloads/DATASET/librispeech/LibriSpeech/dev-clean/2803/154328/2803-154328-0004.flac,64331,Creative Commons Attribution,-9,/tmp/phi1/dataset/002589.npy
2590,train,mixed,7976,/home/aidevcon/Downloads/DATASET/librispeech/LibriSpeech/dev-clean/7976/110124/7976-110124-0014.flac,89445,Creative Commons Attribution,-9,/tmp/phi1/dataset/002590.npy
2591,train,mixed,1673,/home/aidevcon/Downloads/DATASET/librispeech/LibriSpeech/dev-clean/1673/143396/1673-143396-0016.flac,24427,Creative Commons Attribution,10,/tmp/phi1/dataset/002591.npy
2592,train,mixed,1272,/home/aidevcon/Downloads/DATASET/librispeech/LibriSpeech/dev-clean/1272/141231/1272-141231-0029.flac,149416,Attribution,-9,/tmp/phi1/dataset/002592.npy
2593,train,mixed,6295,/home/aidevcon/Downloads/DATASET/librispeech/LibriSpeech/dev-clean/6295/64301/6295-64301-0012.flac,142668,Attribution,3,/tmp/phi1/dataset/002593.npy
2594,train,mixed,6319,/home/aidevcon/Downloads/DATASET/librispeech/LibriSpeech/dev-clean/6319/64726/6319-64726-0018.flac,113110,Attribution,-9,/tmp/phi1/dataset/002594.npy
2595,train,mixed,6319,/home/aidevcon/Downloads/DATASET/librispeech/LibriSpeech/dev-clean/6319/64726/6319-64726-0011.flac,98547,Attribution,3,/tmp/phi1/dataset/002595.npy
2596,train,mixed,2086,/home/aidevcon/Downloads/DATASET/librispeech/LibriSpeech/dev-clean/2086/149220/2086-149220-0007.flac,38914,Public Domain,3,/tmp/phi1/dataset/002596.npy
2597,train,mixed,6345,/home/aidevcon/Downloads/DATASET/librispeech/LibriSpeech/dev-clean/6345/93306/6345-93306-0020.flac,38819,Attribution-Share Alike 3.0 United States,3,/tmp/phi1/dataset/002597.npy
2598,train,mixed,174,/home/aidevcon/Downloads/DATASET/librispeech/LibriSpeech/dev-clean/174/50561/174-50561-0008.flac,52644,Attribution 3.0 United States,-9,/tmp/phi1/dataset/002598.npy
2599,train,mixed,3853,/home/aidevcon/Downloads/DATASET/librispeech/LibriSpeech/dev-clean/3853/163249/3853-163249-0014.flac,54463,Creative Commons Attribution,3,/tmp/phi1/dataset/002599.npy
2600,train,mixed,8297,/home/aidevcon/Downloads/DATASET/librispeech/LibriSpeech/dev-clean/8297/275156/8297-275156-0010.flac,42376,Creative Commons Attribution,-9,/tmp/phi1/dataset/002600.npy
2601,train,mixed,84,/home/aidevcon/Downloads/DATASET/librispeech/LibriSpeech/dev-clean/84/121550/84-121550-0019.flac,133437,CC0 1.0 Universal,-9,/tmp/phi1/dataset/002601.npy
2602,train,mixed,1988,/home/aidevcon/Downloads/DATASET/librispeech/LibriSpeech/dev-clean/1988/147956/1988-147956-0019.flac,107595,Attribution,-3,/tmp/phi1/dataset/002602.npy
2603,train,mixed,2078,/home/aidevcon/Downloads/DATASET/librispeech/LibriSpeech/dev-clean/2078/142845/2078-142845-0039.flac,91205,Attribution-ShareAlike 3.0 International,10,/tmp/phi1/dataset/002603.npy
2604,train,mixed,2428,/home/aidevcon/Downloads/DATASET/librispeech/LibriSpeech/dev-clean/2428/83705/2428-83705-0002.flac,137175,Attribution-ShareAlike,-3,/tmp/phi1/dataset/002604.npy
2605,val,clean_speech,1462,/home/aidevcon/Downloads/DATASET/librispeech/LibriSpeech/dev-clean/1462/170142/1462-170142-0012.flac,,,,/tmp/phi1/dataset/002605.npy
2606,val,clean_speech,3081,/home/aidevcon/Downloads/DATASET/librispeech/LibriSpeech/dev-clean/3081/166546/3081-166546-0061.flac,,,,/tmp/phi1/dataset/002606.npy
2607,val,clean_speech,2035,/home/aidevcon/Downloads/DATASET/librispeech/LibriSpeech/dev-clean/2035/147961/2035-147961-0000.flac,,,,/tmp/phi1/dataset/002607.npy
2608,val,clean_speech,3000,/home/aidevcon/Downloads/DATASET/librispeech/LibriSpeech/dev-clean/3000/15664/3000-15664-0012.flac,,,,/tmp/phi1/dataset/002608.npy
2609,val,clean_speech,1462,/home/aidevcon/Downloads/DATASET/librispeech/LibriSpeech/dev-clean/1462/170138/1462-170138-0024.flac,,,,/tmp/phi1/dataset/002609.npy
2610,val,clean_speech,1919,/home/aidevcon/Downloads/DATASET/librispeech/LibriSpeech/dev-clean/1919/142785/1919-142785-0002.flac,,,,/tmp/phi1/dataset/002610.npy
2611,val,clean_speech,3000,/home/aidevcon/Downloads/DATASET/librispeech/LibriSpeech/dev-clean/3000/15664/3000-15664-0008.flac,,,,/tmp/phi1/dataset/002611.npy
2612,val,clean_speech,3000,/home/aidevcon/Downloads/DATASET/librispeech/LibriSpeech/dev-clean/3000/15664/3000-15664-0034.flac,,,,/tmp/phi1/dataset/002612.npy
2613,val,clean_speech,3536,/home/aidevcon/Downloads/DATASET/librispeech/LibriSpeech/dev-clean/3536/8226/3536-8226-0006.flac,,,,/tmp/phi1/dataset/002613.npy
2614,val,clean_speech,3081,/home/aidevcon/Downloads/DATASET/librispeech/LibriSpeech/dev-clean/3081/166546/3081-166546-0088.flac,,,,/tmp/phi1/dataset/002614.npy
2615,val,clean_speech,3081,/home/aidevcon/Downloads/DATASET/librispeech/LibriSpeech/dev-clean/3081/166546/3081-166546-0059.flac,,,,/tmp/phi1/dataset/002615.npy
2616,val,clean_speech,3000,/home/aidevcon/Downloads/DATASET/librispeech/LibriSpeech/dev-clean/3000/15664/3000-15664-0033.flac,,,,/tmp/phi1/dataset/002616.npy
2617,val,clean_speech,1919,/home/aidevcon/Downloads/DATASET/librispeech/LibriSpeech/dev-clean/1919/142785/1919-142785-0008.flac,,,,/tmp/phi1/dataset/002617.npy
2618,val,clean_speech,3000,/home/aidevcon/Downloads/DATASET/librispeech/LibriSpeech/dev-clean/3000/15664/3000-15664-0010.flac,,,,/tmp/phi1/dataset/002618.npy
2619,val,clean_speech,2035,/home/aidevcon/Downloads/DATASET/librispeech/LibriSpeech/dev-clean/2035/152373/2035-152373-0009.flac,,,,/tmp/phi1/dataset/002619.npy
2620,val,clean_speech,2035,/home/aidevcon/Downloads/DATASET/librispeech/LibriSpeech/dev-clean/2035/152373/2035-152373-0011.flac,,,,/tmp/phi1/dataset/002620.npy
2621,val,clean_speech,3081,/home/aidevcon/Downloads/DATASET/librispeech/LibriSpeech/dev-clean/3081/166546/3081-166546-0089.flac,,,,/tmp/phi1/dataset/002621.npy
2622,val,clean_speech,3000,/home/aidevcon/Downloads/DATASET/librispeech/LibriSpeech/dev-clean/3000/15664/3000-15664-0041.flac,,,,/tmp/phi1/dataset/002622.npy
2623,val,clean_speech,1919,/home/aidevcon/Downloads/DATASET/librispeech/LibriSpeech/dev-clean/1919/142785/1919-142785-0002.flac,,,,/tmp/phi1/dataset/002623.npy
2624,val,clean_speech,3000,/home/aidevcon/Downloads/DATASET/librispeech/LibriSpeech/dev-clean/3000/15664/3000-15664-0044.flac,,,,/tmp/phi1/dataset/002624.npy
2625,val,clean_speech,3081,/home/aidevcon/Downloads/DATASET/librispeech/LibriSpeech/dev-clean/3081/166546/3081-166546-0045.flac,,,,/tmp/phi1/dataset/002625.npy
2626,val,clean_speech,1919,/home/aidevcon/Downloads/DATASET/librispeech/LibriSpeech/dev-clean/1919/142785/1919-142785-0043.flac,,,,/tmp/phi1/dataset/002626.npy
2627,val,clean_speech,3081,/home/aidevcon/Downloads/DATASET/librispeech/LibriSpeech/dev-clean/3081/166546/3081-166546-0029.flac,,,,/tmp/phi1/dataset/002627.npy
2628,val,clean_speech,3536,/home/aidevcon/Downloads/DATASET/librispeech/LibriSpeech/dev-clean/3536/23268/3536-23268-0018.flac,,,,/tmp/phi1/dataset/002628.npy
2629,val,clean_speech,3536,/home/aidevcon/Downloads/DATASET/librispeech/LibriSpeech/dev-clean/3536/23268/3536-23268-0019.flac,,,,/tmp/phi1/dataset/002629.npy
2630,val,clean_speech,2035,/home/aidevcon/Downloads/DATASET/librispeech/LibriSpeech/dev-clean/2035/152373/2035-152373-0013.flac,,,,/tmp/phi1/dataset/002630.npy
2631,val,clean_speech,1919,/home/aidevcon/Downloads/DATASET/librispeech/LibriSpeech/dev-clean/1919/142785/1919-142785-0001.flac,,,,/tmp/phi1/dataset/002631.npy
2632,val,clean_speech,2035,/home/aidevcon/Downloads/DATASET/librispeech/LibriSpeech/dev-clean/2035/152373/2035-152373-0011.flac,,,,/tmp/phi1/dataset/002632.npy
2633,val,clean_speech,3000,/home/aidevcon/Downloads/DATASET/librispeech/LibriSpeech/dev-clean/3000/15664/3000-15664-0035.flac,,,,/tmp/phi1/dataset/002633.npy
2634,val,clean_speech,1919,/home/aidevcon/Downloads/DATASET/librispeech/LibriSpeech/dev-clean/1919/142785/1919-142785-0014.flac,,,,/tmp/phi1/dataset/002634.npy
2635,val,clean_speech,3536,/home/aidevcon/Downloads/DATASET/librispeech/LibriSpeech/dev-clean/3536/8226/3536-8226-0005.flac,,,,/tmp/phi1/dataset/002635.npy
2636,val,clean_speech,1919,/home/aidevcon/Downloads/DATASET/librispeech/LibriSpeech/dev-clean/1919/142785/1919-142785-0031.flac,,,,/tmp/phi1/dataset/002636.npy
2637,val,clean_speech,2035,/home/aidevcon/Downloads/DATASET/librispeech/LibriSpeech/dev-clean/2035/147960/2035-147960-0003.flac,,,,/tmp/phi1/dataset/002637.npy
2638,val,clean_speech,1462,/home/aidevcon/Downloads/DATASET/librispeech/LibriSpeech/dev-clean/1462/170138/1462-170138-0023.flac,,,,/tmp/phi1/dataset/002638.npy
2639,val,clean_speech,3081,/home/aidevcon/Downloads/DATASET/librispeech/LibriSpeech/dev-clean/3081/166546/3081-166546-0051.flac,,,,/tmp/phi1/dataset/002639.npy
2640,val,clean_speech,3536,/home/aidevcon/Downloads/DATASET/librispeech/LibriSpeech/dev-clean/3536/23268/3536-23268-0016.flac,,,,/tmp/phi1/dataset/002640.npy
2641,val,clean_speech,2035,/home/aidevcon/Downloads/DATASET/librispeech/LibriSpeech/dev-clean/2035/152373/2035-152373-0009.flac,,,,/tmp/phi1/dataset/002641.npy
2642,val,clean_speech,3000,/home/aidevcon/Downloads/DATASET/librispeech/LibriSpeech/dev-clean/3000/15664/3000-15664-0040.flac,,,,/tmp/phi1/dataset/002642.npy
2643,val,clean_speech,3000,/home/aidevcon/Downloads/DATASET/librispeech/LibriSpeech/dev-clean/3000/15664/3000-15664-0016.flac,,,,/tmp/phi1/dataset/002643.npy
2644,val,clean_speech,1462,/home/aidevcon/Downloads/DATASET/librispeech/LibriSpeech/dev-clean/1462/170138/1462-170138-0027.flac,,,,/tmp/phi1/dataset/002644.npy
2645,val,clean_speech,2035,/home/aidevcon/Downloads/DATASET/librispeech/LibriSpeech/dev-clean/2035/152373/2035-152373-0005.flac,,,,/tmp/phi1/dataset/002645.npy
2646,val,clean_speech,3000,/home/aidevcon/Downloads/DATASET/librispeech/LibriSpeech/dev-clean/3000/15664/3000-15664-0029.flac,,,,/tmp/phi1/dataset/002646.npy
2647,val,clean_speech,1919,/home/aidevcon/Downloads/DATASET/librispeech/LibriSpeech/dev-clean/1919/142785/1919-142785-0041.flac,,,,/tmp/phi1/dataset/002647.npy
2648,val,clean_speech,2035,/home/aidevcon/Downloads/DATASET/librispeech/LibriSpeech/dev-clean/2035/152373/2035-152373-0001.flac,,,,/tmp/phi1/dataset/002648.npy
2649,val,clean_speech,3000,/home/aidevcon/Downloads/DATASET/librispeech/LibriSpeech/dev-clean/3000/15664/3000-15664-0008.flac,,,,/tmp/phi1/dataset/002649.npy
2650,val,clean_speech,3000,/home/aidevcon/Downloads/DATASET/librispeech/LibriSpeech/dev-clean/3000/15664/3000-15664-0033.flac,,,,/tmp/phi1/dataset/002650.npy
2651,val,clean_speech,2035,/home/aidevcon/Downloads/DATASET/librispeech/LibriSpeech/dev-clean/2035/147960/2035-147960-0010.flac,,,,/tmp/phi1/dataset/002651.npy
2652,val,clean_speech,1919,/home/aidevcon/Downloads/DATASET/librispeech/LibriSpeech/dev-clean/1919/142785/1919-142785-0047.flac,,,,/tmp/phi1/dataset/002652.npy
2653,val,clean_speech,3000,/home/aidevcon/Downloads/DATASET/librispeech/LibriSpeech/dev-clean/3000/15664/3000-15664-0034.flac,,,,/tmp/phi1/dataset/002653.npy
2654,val,clean_speech,3000,/home/aidevcon/Downloads/DATASET/librispeech/LibriSpeech/dev-clean/3000/15664/3000-15664-0046.flac,,,,/tmp/phi1/dataset/002654.npy
2655,val,clean_speech,2035,/home/aidevcon/Downloads/DATASET/librispeech/LibriSpeech/dev-clean/2035/147961/2035-147961-0021.flac,,,,/tmp/phi1/dataset/002655.npy
2656,val,clean_speech,1462,/home/aidevcon/Downloads/DATASET/librispeech/LibriSpeech/dev-clean/1462/170145/1462-170145-0015.flac,,,,/tmp/phi1/dataset/002656.npy
2657,val,clean_speech,1919,/home/aidevcon/Downloads/DATASET/librispeech/LibriSpeech/dev-clean/1919/142785/1919-142785-0044.flac,,,,/tmp/phi1/dataset/002657.npy
2658,val,clean_speech,3000,/home/aidevcon/Downloads/DATASET/librispeech/LibriSpeech/dev-clean/3000/15664/3000-15664-0043.flac,,,,/tmp/phi1/dataset/002658.npy
2659,val,clean_speech,1919,/home/aidevcon/Downloads/DATASET/librispeech/LibriSpeech/dev-clean/1919/142785/1919-142785-0010.flac,,,,/tmp/phi1/dataset/002659.npy
2660,val,clean_speech,1919,/home/aidevcon/Downloads/DATASET/librispeech/LibriSpeech/dev-clean/1919/142785/1919-142785-0057.flac,,,,/tmp/phi1/dataset/002660.npy
2661,val,clean_speech,3536,/home/aidevcon/Downloads/DATASET/librispeech/LibriSpeech/dev-clean/3536/23268/3536-23268-0001.flac,,,,/tmp/phi1/dataset/002661.npy
2662,val,clean_speech,3081,/home/aidevcon/Downloads/DATASET/librispeech/LibriSpeech/dev-clean/3081/166546/3081-166546-0031.flac,,,,/tmp/phi1/dataset/002662.npy
2663,val,clean_speech,2035,/home/aidevcon/Downloads/DATASET/librispeech/LibriSpeech/dev-clean/2035/147961/2035-147961-0002.flac,,,,/tmp/phi1/dataset/002663.npy
2664,val,clean_speech,3081,/home/aidevcon/Downloads/DATASET/librispeech/LibriSpeech/dev-clean/3081/166546/3081-166546-0042.flac,,,,/tmp/phi1/dataset/002664.npy
2665,val,clean_speech,3536,/home/aidevcon/Downloads/DATASET/librispeech/LibriSpeech/dev-clean/3536/23268/3536-23268-0026.flac,,,,/tmp/phi1/dataset/002665.npy
2666,val,clean_speech,1462,/home/aidevcon/Downloads/DATASET/librispeech/LibriSpeech/dev-clean/1462/170145/1462-170145-0003.flac,,,,/tmp/phi1/dataset/002666.npy
2667,val,clean_speech,3081,/home/aidevcon/Downloads/DATASET/librispeech/LibriSpeech/dev-clean/3081/166546/3081-166546-0043.flac,,,,/tmp/phi1/dataset/002667.npy
2668,val,clean_speech,3081,/home/aidevcon/Downloads/DATASET/librispeech/LibriSpeech/dev-clean/3081/166546/3081-166546-0010.flac,,,,/tmp/phi1/dataset/002668.npy
2669,val,clean_speech,3000,/home/aidevcon/Downloads/DATASET/librispeech/LibriSpeech/dev-clean/3000/15664/3000-15664-0019.flac,,,,/tmp/phi1/dataset/002669.npy
2670,val,clean_speech,3536,/home/aidevcon/Downloads/DATASET/librispeech/LibriSpeech/dev-clean/3536/23268/3536-23268-0028.flac,,,,/tmp/phi1/dataset/002670.npy
2671,val,clean_speech,3536,/home/aidevcon/Downloads/DATASET/librispeech/LibriSpeech/dev-clean/3536/23268/3536-23268-0001.flac,,,,/tmp/phi1/dataset/002671.npy
2672,val,clean_speech,1919,/home/aidevcon/Downloads/DATASET/librispeech/LibriSpeech/dev-clean/1919/142785/1919-142785-0022.flac,,,,/tmp/phi1/dataset/002672.npy
2673,val,clean_speech,1919,/home/aidevcon/Downloads/DATASET/librispeech/LibriSpeech/dev-clean/1919/142785/1919-142785-0028.flac,,,,/tmp/phi1/dataset/002673.npy
2674,val,clean_speech,3081,/home/aidevcon/Downloads/DATASET/librispeech/LibriSpeech/dev-clean/3081/166546/3081-166546-0016.flac,,,,/tmp/phi1/dataset/002674.npy
2675,val,clean_speech,3081,/home/aidevcon/Downloads/DATASET/librispeech/LibriSpeech/dev-clean/3081/166546/3081-166546-0030.flac,,,,/tmp/phi1/dataset/002675.npy
2676,val,clean_speech,3000,/home/aidevcon/Downloads/DATASET/librispeech/LibriSpeech/dev-clean/3000/15664/3000-15664-0042.flac,,,,/tmp/phi1/dataset/002676.npy
2677,val,clean_speech,3000,/home/aidevcon/Downloads/DATASET/librispeech/LibriSpeech/dev-clean/3000/15664/3000-15664-0035.flac,,,,/tmp/phi1/dataset/002677.npy
2678,val,clean_speech,3000,/home/aidevcon/Downloads/DATASET/librispeech/LibriSpeech/dev-clean/3000/15664/3000-15664-0009.flac,,,,/tmp/phi1/dataset/002678.npy
2679,val,clean_speech,2035,/home/aidevcon/Downloads/DATASET/librispeech/LibriSpeech/dev-clean/2035/152373/2035-152373-0013.flac,,,,/tmp/phi1/dataset/002679.npy
2680,val,clean_speech,3000,/home/aidevcon/Downloads/DATASET/librispeech/LibriSpeech/dev-clean/3000/15664/3000-15664-0020.flac,,,,/tmp/phi1/dataset/002680.npy
2681,val,clean_speech,3536,/home/aidevcon/Downloads/DATASET/librispeech/LibriSpeech/dev-clean/3536/23268/3536-23268-0011.flac,,,,/tmp/phi1/dataset/002681.npy
2682,val,clean_speech,2035,/home/aidevcon/Downloads/DATASET/librispeech/LibriSpeech/dev-clean/2035/147961/2035-147961-0011.flac,,,,/tmp/phi1/dataset/002682.npy
2683,val,clean_speech,3081,/home/aidevcon/Downloads/DATASET/librispeech/LibriSpeech/dev-clean/3081/166546/3081-166546-0077.flac,,,,/tmp/phi1/dataset/002683.npy
2684,val,clean_speech,3081,/home/aidevcon/Downloads/DATASET/librispeech/LibriSpeech/dev-clean/3081/166546/3081-166546-0022.flac,,,,/tmp/phi1/dataset/002684.npy
2685,val,clean_speech,2035,/home/aidevcon/Downloads/DATASET/librispeech/LibriSpeech/dev-clean/2035/152373/2035-152373-0001.flac,,,,/tmp/phi1/dataset/002685.npy
2686,val,clean_speech,1462,/home/aidevcon/Downloads/DATASET/librispeech/LibriSpeech/dev-clean/1462/170142/1462-170142-0004.flac,,,,/tmp/phi1/dataset/002686.npy
2687,val,clean_speech,1462,/home/aidevcon/Downloads/DATASET/librispeech/LibriSpeech/dev-clean/1462/170138/1462-170138-0000.flac,,,,/tmp/phi1/dataset/002687.npy
2688,val,clean_speech,1462,/home/aidevcon/Downloads/DATASET/librispeech/LibriSpeech/dev-clean/1462/170142/1462-170142-0041.flac,,,,/tmp/phi1/dataset/002688.npy
2689,val,clean_speech,3536,/home/aidevcon/Downloads/DATASET/librispeech/LibriSpeech/dev-clean/3536/23268/3536-23268-0030.flac,,,,/tmp/phi1/dataset/002689.npy
2690,val,clean_speech,2035,/home/aidevcon/Downloads/DATASET/librispeech/LibriSpeech/dev-clean/2035/152373/2035-152373-0005.flac,,,,/tmp/phi1/dataset/002690.npy
2691,val,clean_speech,3081,/home/aidevcon/Downloads/DATASET/librispeech/LibriSpeech/dev-clean/3081/166546/3081-166546-0012.flac,,,,/tmp/phi1/dataset/002691.npy
2692,val,clean_speech,1462,/home/aidevcon/Downloads/DATASET/librispeech/LibriSpeech/dev-clean/1462/170142/1462-170142-0009.flac,,,,/tmp/phi1/dataset/002692.npy
2693,val,clean_speech,3081,/home/aidevcon/Downloads/DATASET/librispeech/LibriSpeech/dev-clean/3081/166546/3081-166546-0023.flac,,,,/tmp/phi1/dataset/002693.npy
2694,val,clean_speech,3081,/home/aidevcon/Downloads/DATASET/librispeech/LibriSpeech/dev-clean/3081/166546/3081-166546-0001.flac,,,,/tmp/phi1/dataset/002694.npy
2695,val,clean_speech,3536,/home/aidevcon/Downloads/DATASET/librispeech/LibriSpeech/dev-clean/3536/23268/3536-23268-0021.flac,,,,/tmp/phi1/dataset/002695.npy
2696,val,clean_speech,3536,/home/aidevcon/Downloads/DATASET/librispeech/LibriSpeech/dev-clean/3536/8226/3536-8226-0023.flac,,,,/tmp/phi1/dataset/002696.npy
2697,val,clean_speech,1462,/home/aidevcon/Downloads/DATASET/librispeech/LibriSpeech/dev-clean/1462/170138/1462-170138-0011.flac,,,,/tmp/phi1/dataset/002697.npy
2698,val,clean_speech,3536,/home/aidevcon/Downloads/DATASET/librispeech/LibriSpeech/dev-clean/3536/8226/3536-8226-0020.flac,,,,/tmp/phi1/dataset/002698.npy
2699,val,clean_speech,2035,/home/aidevcon/Downloads/DATASET/librispeech/LibriSpeech/dev-clean/2035/152373/2035-152373-0005.flac,,,,/tmp/phi1/dataset/002699.npy
2700,val,clean_speech,2035,/home/aidevcon/Downloads/DATASET/librispeech/LibriSpeech/dev-clean/2035/152373/2035-152373-0003.flac,,,,/tmp/phi1/dataset/002700.npy
2701,val,clean_speech,1919,/home/aidevcon/Downloads/DATASET/librispeech/LibriSpeech/dev-clean/1919/142785/1919-142785-0049.flac,,,,/tmp/phi1/dataset/002701.npy
2702,val,clean_speech,2035,/home/aidevcon/Downloads/DATASET/librispeech/LibriSpeech/dev-clean/2035/152373/2035-152373-0005.flac,,,,/tmp/phi1/dataset/002702.npy
2703,val,clean_speech,1462,/home/aidevcon/Downloads/DATASET/librispeech/LibriSpeech/dev-clean/1462/170142/1462-170142-0005.flac,,,,/tmp/phi1/dataset/002703.npy
2704,val,clean_speech,3536,/home/aidevcon/Downloads/DATASET/librispeech/LibriSpeech/dev-clean/3536/23268/3536-23268-0002.flac,,,,/tmp/phi1/dataset/002704.npy
2705,val,clean_speech,3536,/home/aidevcon/Downloads/DATASET/librispeech/LibriSpeech/dev-clean/3536/23268/3536-23268-0000.flac,,,,/tmp/phi1/dataset/002705.npy
2706,val,clean_speech,3536,/home/aidevcon/Downloads/DATASET/librispeech/LibriSpeech/dev-clean/3536/23268/3536-23268-0020.flac,,,,/tmp/phi1/dataset/002706.npy
2707,val,clean_speech,2035,/home/aidevcon/Downloads/DATASET/librispeech/LibriSpeech/dev-clean/2035/152373/2035-152373-0007.flac,,,,/tmp/phi1/dataset/002707.npy
2708,val,clean_speech,3000,/home/aidevcon/Downloads/DATASET/librispeech/LibriSpeech/dev-clean/3000/15664/3000-15664-0041.flac,,,,/tmp/phi1/dataset/002708.npy
2709,val,clean_speech,3000,/home/aidevcon/Downloads/DATASET/librispeech/LibriSpeech/dev-clean/3000/15664/3000-15664-0001.flac,,,,/tmp/phi1/dataset/002709.npy
2710,val,clean_speech,3536,/home/aidevcon/Downloads/DATASET/librispeech/LibriSpeech/dev-clean/3536/8226/3536-8226-0019.flac,,,,/tmp/phi1/dataset/002710.npy
2711,val,clean_speech,2035,/home/aidevcon/Downloads/DATASET/librispeech/LibriSpeech/dev-clean/2035/147961/2035-147961-0000.flac,,,,/tmp/phi1/dataset/002711.npy
2712,val,clean_speech,2035,/home/aidevcon/Downloads/DATASET/librispeech/LibriSpeech/dev-clean/2035/147961/2035-147961-0035.flac,,,,/tmp/phi1/dataset/002712.npy
2713,val,clean_speech,3536,/home/aidevcon/Downloads/DATASET/librispeech/LibriSpeech/dev-clean/3536/8226/3536-8226-0000.flac,,,,/tmp/phi1/dataset/002713.npy
2714,val,clean_speech,1919,/home/aidevcon/Downloads/DATASET/librispeech/LibriSpeech/dev-clean/1919/142785/1919-142785-0005.flac,,,,/tmp/phi1/dataset/002714.npy
2715,val,clean_speech,3081,/home/aidevcon/Downloads/DATASET/librispeech/LibriSpeech/dev-clean/3081/166546/3081-166546-0070.flac,,,,/tmp/phi1/dataset/002715.npy
2716,val,clean_speech,1919,/home/aidevcon/Downloads/DATASET/librispeech/LibriSpeech/dev-clean/1919/142785/1919-142785-0019.flac,,,,/tmp/phi1/dataset/002716.npy
2717,val,clean_speech,1919,/home/aidevcon/Downloads/DATASET/librispeech/LibriSpeech/dev-clean/1919/142785/1919-142785-0005.flac,,,,/tmp/phi1/dataset/002717.npy
2718,val,clean_speech,3536,/home/aidevcon/Downloads/DATASET/librispeech/LibriSpeech/dev-clean/3536/23268/3536-23268-0002.flac,,,,/tmp/phi1/dataset/002718.npy
2719,val,clean_speech,3000,/home/aidevcon/Downloads/DATASET/librispeech/LibriSpeech/dev-clean/3000/15664/3000-15664-0010.flac,,,,/tmp/phi1/dataset/002719.npy
2720,val,clean_speech,1919,/home/aidevcon/Downloads/DATASET/librispeech/LibriSpeech/dev-clean/1919/142785/1919-142785-0007.flac,,,,/tmp/phi1/dataset/002720.npy
2721,val,clean_speech,3536,/home/aidevcon/Downloads/DATASET/librispeech/LibriSpeech/dev-clean/3536/23268/3536-23268-0008.flac,,,,/tmp/phi1/dataset/002721.npy
2722,val,clean_speech,2035,/home/aidevcon/Downloads/DATASET/librispeech/LibriSpeech/dev-clean/2035/152373/2035-152373-0016.flac,,,,/tmp/phi1/dataset/002722.npy
2723,val,clean_speech,1919,/home/aidevcon/Downloads/DATASET/librispeech/LibriSpeech/dev-clean/1919/142785/1919-142785-0061.flac,,,,/tmp/phi1/dataset/002723.npy
2724,val,clean_speech,1919,/home/aidevcon/Downloads/DATASET/librispeech/LibriSpeech/dev-clean/1919/142785/1919-142785-0017.flac,,,,/tmp/phi1/dataset/002724.npy
2725,val,clean_speech,3081,/home/aidevcon/Downloads/DATASET/librispeech/LibriSpeech/dev-clean/3081/166546/3081-166546-0051.flac,,,,/tmp/phi1/dataset/002725.npy
2726,val,clean_speech,3000,/home/aidevcon/Downloads/DATASET/librispeech/LibriSpeech/dev-clean/3000/15664/3000-15664-0001.flac,,,,/tmp/phi1/dataset/002726.npy
2727,val,clean_speech,1919,/home/aidevcon/Downloads/DATASET/librispeech/LibriSpeech/dev-clean/1919/142785/1919-142785-0007.flac,,,,/tmp/phi1/dataset/002727.npy
2728,val,clean_speech,1462,/home/aidevcon/Downloads/DATASET/librispeech/LibriSpeech/dev-clean/1462/170138/1462-170138-0000.flac,,,,/tmp/phi1/dataset/002728.npy
2729,val,clean_speech,1462,/home/aidevcon/Downloads/DATASET/librispeech/LibriSpeech/dev-clean/1462/170138/1462-170138-0022.flac,,,,/tmp/phi1/dataset/002729.npy
2730,val,clean_speech,2035,/home/aidevcon/Downloads/DATASET/librispeech/LibriSpeech/dev-clean/2035/152373/2035-152373-0017.flac,,,,/tmp/phi1/dataset/002730.npy
2731,val,clean_speech,3081,/home/aidevcon/Downloads/DATASET/librispeech/LibriSpeech/dev-clean/3081/166546/3081-166546-0022.flac,,,,/tmp/phi1/dataset/002731.npy
2732,val,clean_speech,1462,/home/aidevcon/Downloads/DATASET/librispeech/LibriSpeech/dev-clean/1462/170138/1462-170138-0010.flac,,,,/tmp/phi1/dataset/002732.npy
2733,val,clean_speech,1919,/home/aidevcon/Downloads/DATASET/librispeech/LibriSpeech/dev-clean/1919/142785/1919-142785-0061.flac,,,,/tmp/phi1/dataset/002733.npy
2734,val,clean_speech,3536,/home/aidevcon/Downloads/DATASET/librispeech/LibriSpeech/dev-clean/3536/23268/3536-23268-0011.flac,,,,/tmp/phi1/dataset/002734.npy
2735,val,clean_speech,3000,/home/aidevcon/Downloads/DATASET/librispeech/LibriSpeech/dev-clean/3000/15664/3000-15664-0045.flac,,,,/tmp/phi1/dataset/002735.npy
2736,val,clean_speech,2035,/home/aidevcon/Downloads/DATASET/librispeech/LibriSpeech/dev-clean/2035/152373/2035-152373-0015.flac,,,,/tmp/phi1/dataset/002736.npy
2737,val,clean_speech,3000,/home/aidevcon/Downloads/DATASET/librispeech/LibriSpeech/dev-clean/3000/15664/3000-15664-0037.flac,,,,/tmp/phi1/dataset/002737.npy
2738,val,clean_speech,3081,/home/aidevcon/Downloads/DATASET/librispeech/LibriSpeech/dev-clean/3081/166546/3081-166546-0071.flac,,,,/tmp/phi1/dataset/002738.npy
2739,val,clean_speech,1919,/home/aidevcon/Downloads/DATASET/librispeech/LibriSpeech/dev-clean/1919/142785/1919-142785-0036.flac,,,,/tmp/phi1/dataset/002739.npy
2740,val,clean_speech,3000,/home/aidevcon/Downloads/DATASET/librispeech/LibriSpeech/dev-clean/3000/15664/3000-15664-0001.flac,,,,/tmp/phi1/dataset/002740.npy
2741,val,clean_speech,1462,/home/aidevcon/Downloads/DATASET/librispeech/LibriSpeech/dev-clean/1462/170138/1462-170138-0013.flac,,,,/tmp/phi1/dataset/002741.npy
2742,val,clean_speech,3536,/home/aidevcon/Downloads/DATASET/librispeech/LibriSpeech/dev-clean/3536/23268/3536-23268-0023.flac,,,,/tmp/phi1/dataset/002742.npy
2743,val,clean_speech,1919,/home/aidevcon/Downloads/DATASET/librispeech/LibriSpeech/dev-clean/1919/142785/1919-142785-0055.flac,,,,/tmp/phi1/dataset/002743.npy
2744,val,clean_speech,1919,/home/aidevcon/Downloads/DATASET/librispeech/LibriSpeech/dev-clean/1919/142785/1919-142785-0033.flac,,,,/tmp/phi1/dataset/002744.npy
2745,val,clean_speech,3536,/home/aidevcon/Downloads/DATASET/librispeech/LibriSpeech/dev-clean/3536/23268/3536-23268-0027.flac,,,,/tmp/phi1/dataset/002745.npy
2746,val,clean_speech,2035,/home/aidevcon/Downloads/DATASET/librispeech/LibriSpeech/dev-clean/2035/147961/2035-147961-0021.flac,,,,/tmp/phi1/dataset/002746.npy
2747,val,clean_speech,3081,/home/aidevcon/Downloads/DATASET/librispeech/LibriSpeech/dev-clean/3081/166546/3081-166546-0023.flac,,,,/tmp/phi1/dataset/002747.npy
2748,val,clean_speech,2035,/home/aidevcon/Downloads/DATASET/librispeech/LibriSpeech/dev-clean/2035/147961/2035-147961-0005.flac,,,,/tmp/phi1/dataset/002748.npy
2749,val,clean_speech,1919,/home/aidevcon/Downloads/DATASET/librispeech/LibriSpeech/dev-clean/1919/142785/1919-142785-0008.flac,,,,/tmp/phi1/dataset/002749.npy
2750,val,clean_speech,2035,/home/aidevcon/Downloads/DATASET/librispeech/LibriSpeech/dev-clean/2035/152373/2035-152373-0013.flac,,,,/tmp/phi1/dataset/002750.npy
2751,val,clean_speech,1462,/home/aidevcon/Downloads/DATASET/librispeech/LibriSpeech/dev-clean/1462/170145/1462-170145-0007.flac,,,,/tmp/phi1/dataset/002751.npy
2752,val,clean_speech,3000,/home/aidevcon/Downloads/DATASET/librispeech/LibriSpeech/dev-clean/3000/15664/3000-15664-0017.flac,,,,/tmp/phi1/dataset/002752.npy
2753,val,clean_speech,3081,/home/aidevcon/Downloads/DATASET/librispeech/LibriSpeech/dev-clean/3081/166546/3081-166546-0000.flac,,,,/tmp/phi1/dataset/002753.npy
2754,val,clean_speech,2035,/home/aidevcon/Downloads/DATASET/librispeech/LibriSpeech/dev-clean/2035/152373/2035-152373-0012.flac,,,,/tmp/phi1/dataset/002754.npy
2755,val,clean_speech,3000,/home/aidevcon/Downloads/DATASET/librispeech/LibriSpeech/dev-clean/3000/15664/3000-15664-0040.flac,,,,/tmp/phi1/dataset/002755.npy
2756,val,clean_speech,3536,/home/aidevcon/Downloads/DATASET/librispeech/LibriSpeech/dev-clean/3536/23268/3536-23268-0017.flac,,,,/tmp/phi1/dataset/002756.npy
2757,val,clean_speech,1462,/home/aidevcon/Downloads/DATASET/librispeech/LibriSpeech/dev-clean/1462/170138/1462-170138-0024.flac,,,,/tmp/phi1/dataset/002757.npy
2758,val,clean_speech,3536,/home/aidevcon/Downloads/DATASET/librispeech/LibriSpeech/dev-clean/3536/23268/3536-23268-0000.flac,,,,/tmp/phi1/dataset/002758.npy
2759,val,clean_speech,3536,/home/aidevcon/Downloads/DATASET/librispeech/LibriSpeech/dev-clean/3536/23268/3536-23268-0019.flac,,,,/tmp/phi1/dataset/002759.npy
2760,val,clean_speech,1462,/home/aidevcon/Downloads/DATASET/librispeech/LibriSpeech/dev-clean/1462/170142/1462-170142-0016.flac,,,,/tmp/phi1/dataset/002760.npy
2761,val,clean_speech,1462,/home/aidevcon/Downloads/DATASET/librispeech/LibriSpeech/dev-clean/1462/170142/1462-170142-0025.flac,,,,/tmp/phi1/dataset/002761.npy
2762,val,clean_speech,3536,/home/aidevcon/Downloads/DATASET/librispeech/LibriSpeech/dev-clean/3536/23268/3536-23268-0022.flac,,,,/tmp/phi1/dataset/002762.npy
2763,val,clean_speech,1919,/home/aidevcon/Downloads/DATASET/librispeech/LibriSpeech/dev-clean/1919/142785/1919-142785-0049.flac,,,,/tmp/phi1/dataset/002763.npy
2764,val,clean_speech,3081,/home/aidevcon/Downloads/DATASET/librispeech/LibriSpeech/dev-clean/3081/166546/3081-166546-0088.flac,,,,/tmp/phi1/dataset/002764.npy
2765,val,clean_speech,3081,/home/aidevcon/Downloads/DATASET/librispeech/LibriSpeech/dev-clean/3081/166546/3081-166546-0077.flac,,,,/tmp/phi1/dataset/002765.npy
2766,val,clean_speech,1919,/home/aidevcon/Downloads/DATASET/librispeech/LibriSpeech/dev-clean/1919/142785/1919-142785-0053.flac,,,,/tmp/phi1/dataset/002766.npy
2767,val,clean_speech,3000,/home/aidevcon/Downloads/DATASET/librispeech/LibriSpeech/dev-clean/3000/15664/3000-15664-0041.flac,,,,/tmp/phi1/dataset/002767.npy
2768,val,clean_speech,1462,/home/aidevcon/Downloads/DATASET/librispeech/LibriSpeech/dev-clean/1462/170145/1462-170145-0000.flac,,,,/tmp/phi1/dataset/002768.npy
2769,val,clean_speech,1462,/home/aidevcon/Downloads/DATASET/librispeech/LibriSpeech/dev-clean/1462/170142/1462-170142-0006.flac,,,,/tmp/phi1/dataset/002769.npy
2770,val,clean_speech,3000,/home/aidevcon/Downloads/DATASET/librispeech/LibriSpeech/dev-clean/3000/15664/3000-15664-0005.flac,,,,/tmp/phi1/dataset/002770.npy
2771,val,clean_speech,3000,/home/aidevcon/Downloads/DATASET/librispeech/LibriSpeech/dev-clean/3000/15664/3000-15664-0011.flac,,,,/tmp/phi1/dataset/002771.npy
2772,val,clean_speech,3000,/home/aidevcon/Downloads/DATASET/librispeech/LibriSpeech/dev-clean/3000/15664/3000-15664-0015.flac,,,,/tmp/phi1/dataset/002772.npy
2773,val,clean_speech,3536,/home/aidevcon/Downloads/DATASET/librispeech/LibriSpeech/dev-clean/3536/8226/3536-8226-0026.flac,,,,/tmp/phi1/dataset/002773.npy
2774,val,clean_speech,1919,/home/aidevcon/Downloads/DATASET/librispeech/LibriSpeech/dev-clean/1919/142785/1919-142785-0032.flac,,,,/tmp/phi1/dataset/002774.npy
2775,val,clean_speech,1919,/home/aidevcon/Downloads/DATASET/librispeech/LibriSpeech/dev-clean/1919/142785/1919-142785-0023.flac,,,,/tmp/phi1/dataset/002775.npy
2776,val,clean_speech,3536,/home/aidevcon/Downloads/DATASET/librispeech/LibriSpeech/dev-clean/3536/23268/3536-23268-0017.flac,,,,/tmp/phi1/dataset/002776.npy
2777,val,clean_speech,3536,/home/aidevcon/Downloads/DATASET/librispeech/LibriSpeech/dev-clean/3536/23268/3536-23268-0012.flac,,,,/tmp/phi1/dataset/002777.npy
2778,val,clean_speech,1919,/home/aidevcon/Downloads/DATASET/librispeech/LibriSpeech/dev-clean/1919/142785/1919-142785-0005.flac,,,,/tmp/phi1/dataset/002778.npy
2779,val,clean_speech,2035,/home/aidevcon/Downloads/DATASET/librispeech/LibriSpeech/dev-clean/2035/152373/2035-152373-0018.flac,,,,/tmp/phi1/dataset/002779.npy
2780,val,clean_speech,1462,/home/aidevcon/Downloads/DATASET/librispeech/LibriSpeech/dev-clean/1462/170138/1462-170138-0021.flac,,,,/tmp/phi1/dataset/002780.npy
2781,val,clean_speech,1462,/home/aidevcon/Downloads/DATASET/librispeech/LibriSpeech/dev-clean/1462/170145/1462-170145-0004.flac,,,,/tmp/phi1/dataset/002781.npy
2782,val,clean_speech,1919,/home/aidevcon/Downloads/DATASET/librispeech/LibriSpeech/dev-clean/1919/142785/1919-142785-0003.flac,,,,/tmp/phi1/dataset/002782.npy
2783,val,clean_speech,1462,/home/aidevcon/Downloads/DATASET/librispeech/LibriSpeech/dev-clean/1462/170138/1462-170138-0011.flac,,,,/tmp/phi1/dataset/002783.npy
2784,val,clean_speech,2035,/home/aidevcon/Downloads/DATASET/librispeech/LibriSpeech/dev-clean/2035/152373/2035-152373-0013.flac,,,,/tmp/phi1/dataset/002784.npy
2785,val,clean_speech,3081,/home/aidevcon/Downloads/DATASET/librispeech/LibriSpeech/dev-clean/3081/166546/3081-166546-0074.flac,,,,/tmp/phi1/dataset/002785.npy
2786,val,clean_speech,2035,/home/aidevcon/Downloads/DATASET/librispeech/LibriSpeech/dev-clean/2035/152373/2035-152373-0007.flac,,,,/tmp/phi1/dataset/002786.npy
2787,val,clean_speech,3536,/home/aidevcon/Downloads/DATASET/librispeech/LibriSpeech/dev-clean/3536/8226/3536-8226-0008.flac,,,,/tmp/phi1/dataset/002787.npy
2788,val,clean_speech,3000,/home/aidevcon/Downloads/DATASET/librispeech/LibriSpeech/dev-clean/3000/15664/3000-15664-0011.flac,,,,/tmp/phi1/dataset/002788.npy
2789,val,clean_speech,1462,/home/aidevcon/Downloads/DATASET/librispeech/LibriSpeech/dev-clean/1462/170145/1462-170145-0000.flac,,,,/tmp/phi1/dataset/002789.npy
2790,val,clean_speech,3000,/home/aidevcon/Downloads/DATASET/librispeech/LibriSpeech/dev-clean/3000/15664/3000-15664-0024.flac,,,,/tmp/phi1/dataset/002790.npy
2791,val,clean_speech,1919,/home/aidevcon/Downloads/DATASET/librispeech/LibriSpeech/dev-clean/1919/142785/1919-142785-0036.flac,,,,/tmp/phi1/dataset/002791.npy
2792,val,clean_speech,2035,/home/aidevcon/Downloads/DATASET/librispeech/LibriSpeech/dev-clean/2035/152373/2035-152373-0014.flac,,,,/tmp/phi1/dataset/002792.npy
2793,val,clean_speech,2035,/home/aidevcon/Downloads/DATASET/librispeech/LibriSpeech/dev-clean/2035/147960/2035-147960-0000.flac,,,,/tmp/phi1/dataset/002793.npy
2794,val,clean_speech,3536,/home/aidevcon/Downloads/DATASET/librispeech/LibriSpeech/dev-clean/3536/23268/3536-23268-0007.flac,,,,/tmp/phi1/dataset/002794.npy
2795,val,clean_speech,3081,/home/aidevcon/Downloads/DATASET/librispeech/LibriSpeech/dev-clean/3081/166546/3081-166546-0082.flac,,,,/tmp/phi1/dataset/002795.npy
2796,val,clean_speech,1919,/home/aidevcon/Downloads/DATASET/librispeech/LibriSpeech/dev-clean/1919/142785/1919-142785-0008.flac,,,,/tmp/phi1/dataset/002796.npy
2797,val,clean_speech,3536,/home/aidevcon/Downloads/DATASET/librispeech/LibriSpeech/dev-clean/3536/23268/3536-23268-0024.flac,,,,/tmp/phi1/dataset/002797.npy
2798,val,clean_speech,3536,/home/aidevcon/Downloads/DATASET/librispeech/LibriSpeech/dev-clean/3536/8226/3536-8226-0000.flac,,,,/tmp/phi1/dataset/002798.npy
2799,val,clean_speech,3000,/home/aidevcon/Downloads/DATASET/librispeech/LibriSpeech/dev-clean/3000/15664/3000-15664-0038.flac,,,,/tmp/phi1/dataset/002799.npy
2800,val,clean_speech,1462,/home/aidevcon/Downloads/DATASET/librispeech/LibriSpeech/dev-clean/1462/170138/1462-170138-0005.flac,,,,/tmp/phi1/dataset/002800.npy
2801,val,clean_music,,,144587,Attribution-ShareAlike,,/tmp/phi1/dataset/002801.npy
2802,val,clean_music,,,133456,CC0 1.0 Universal,,/tmp/phi1/dataset/002802.npy
2803,val,clean_music,,,133441,CC0 1.0 Universal,,/tmp/phi1/dataset/002803.npy
2804,val,clean_music,,,139226,Attribution,,/tmp/phi1/dataset/002804.npy
2805,val,clean_music,,,75933,Creative Commons Attribution,,/tmp/phi1/dataset/002805.npy
2806,val,clean_music,,,122364,Attribution,,/tmp/phi1/dataset/002806.npy
2807,val,clean_music,,,113970,Attribution,,/tmp/phi1/dataset/002807.npy
2808,val,clean_music,,,148218,Attribution,,/tmp/phi1/dataset/002808.npy
2809,val,clean_music,,,141617,Attribution,,/tmp/phi1/dataset/002809.npy
2810,val,clean_music,,,80517,Attribution-ShareAlike 3.0 International,,/tmp/phi1/dataset/002810.npy
2811,val,clean_music,,,123966,Attribution,,/tmp/phi1/dataset/002811.npy
2812,val,clean_music,,,139226,Attribution,,/tmp/phi1/dataset/002812.npy
2813,val,clean_music,,,115812,Attribution,,/tmp/phi1/dataset/002813.npy
2814,val,clean_music,,,62458,Attribution-ShareAlike 3.0 International,,/tmp/phi1/dataset/002814.npy
2815,val,clean_music,,,121314,Attribution,,/tmp/phi1/dataset/002815.npy
2816,val,clean_music,,,143058,Attribution,,/tmp/phi1/dataset/002816.npy
2817,val,clean_music,,,114404,Attribution,,/tmp/phi1/dataset/002817.npy
2818,val,clean_music,,,113702,Attribution-ShareAlike,,/tmp/phi1/dataset/002818.npy
2819,val,clean_music,,,143046,Attribution,,/tmp/phi1/dataset/002819.npy
2820,val,clean_music,,,148233,Attribution,,/tmp/phi1/dataset/002820.npy
2821,val,clean_music,,,22477,Attribution 3.0 United States,,/tmp/phi1/dataset/002821.npy
2822,val,clean_music,,,115771,Attribution,,/tmp/phi1/dataset/002822.npy
2823,val,clean_music,,,88860,Attribution 3.0 United States,,/tmp/phi1/dataset/002823.npy
2824,val,clean_music,,,147413,Attribution,,/tmp/phi1/dataset/002824.npy
2825,val,clean_music,,,75750,Creative Commons Attribution,,/tmp/phi1/dataset/002825.npy
2826,val,clean_music,,,54467,Creative Commons Attribution,,/tmp/phi1/dataset/002826.npy
2827,val,clean_music,,,133452,CC0 1.0 Universal,,/tmp/phi1/dataset/002827.npy
2828,val,clean_music,,,38880,Public Domain,,/tmp/phi1/dataset/002828.npy
2829,val,clean_music,,,152569,Attribution,,/tmp/phi1/dataset/002829.npy
2830,val,clean_music,,,55102,Attribution-ShareAlike 3.0 International,,/tmp/phi1/dataset/002830.npy
2831,val,clean_music,,,64856,Creative Commons Attribution,,/tmp/phi1/dataset/002831.npy
2832,val,clean_music,,,115772,Attribution,,/tmp/phi1/dataset/002832.npy
2833,val,clean_music,,,24428,Creative Commons Attribution,,/tmp/phi1/dataset/002833.npy
2834,val,clean_music,,,30058,Attribution-ShareAlike,,/tmp/phi1/dataset/002834.npy
2835,val,clean_music,,,75750,Creative Commons Attribution,,/tmp/phi1/dataset/002835.npy
2836,val,clean_music,,,7487,Attribution 3.0 United States,,/tmp/phi1/dataset/002836.npy
2837,val,clean_music,,,73170,Attribution 3.0 United States,,/tmp/phi1/dataset/002837.npy
2838,val,clean_music,,,114405,Attribution,,/tmp/phi1/dataset/002838.npy
2839,val,clean_music,,,93917,Attribution-ShareAlike 3.0 International,,/tmp/phi1/dataset/002839.npy
2840,val,clean_music,,,115772,Attribution,,/tmp/phi1/dataset/002840.npy
2841,val,clean_music,,,46158,Attribution-ShareAlike 3.0 International,,/tmp/phi1/dataset/002841.npy
2842,val,clean_music,,,73172,Attribution 3.0 United States,,/tmp/phi1/dataset/002842.npy
2843,val,clean_music,,,38901,Public Domain,,/tmp/phi1/dataset/002843.npy
2844,val,clean_music,,,147409,Attribution,,/tmp/phi1/dataset/002844.npy
2845,val,clean_music,,,141594,Attribution,,/tmp/phi1/dataset/002845.npy
2846,val,clean_music,,,75755,Creative Commons Attribution,,/tmp/phi1/dataset/002846.npy
2847,val,clean_music,,,128759,Attribution,,/tmp/phi1/dataset/002847.npy
2848,val,clean_music,,,141291,Attribution-ShareAlike,,/tmp/phi1/dataset/002848.npy
2849,val,clean_music,,,124175,Attribution,,/tmp/phi1/dataset/002849.npy
2850,val,clean_music,,,83715,Attribution-ShareAlike,,/tmp/phi1/dataset/002850.npy
2851,val,clean_music,,,63733,Attribution-ShareAlike,,/tmp/phi1/dataset/002851.npy
2852,val,clean_music,,,149775,Attribution,,/tmp/phi1/dataset/002852.npy
2853,val,clean_music,,,127193,Attribution-ShareAlike,,/tmp/phi1/dataset/002853.npy
2854,val,clean_music,,,129399,Attribution,,/tmp/phi1/dataset/002854.npy
2855,val,clean_music,,,75377,Creative Commons Attribution,,/tmp/phi1/dataset/002855.npy
2856,val,clean_music,,,133441,CC0 1.0 Universal,,/tmp/phi1/dataset/002856.npy
2857,val,clean_music,,,116880,Attribution,,/tmp/phi1/dataset/002857.npy
2858,val,clean_music,,,108421,Attribution,,/tmp/phi1/dataset/002858.npy
2859,val,clean_music,,,107025,Attribution-ShareAlike,,/tmp/phi1/dataset/002859.npy
2860,val,clean_music,,,118505,Attribution,,/tmp/phi1/dataset/002860.npy
2861,val,clean_music,,,136276,Attribution,,/tmp/phi1/dataset/002861.npy
2862,val,clean_music,,,75386,Creative Commons Attribution,,/tmp/phi1/dataset/002862.npy
2863,val,clean_music,,,107569,Attribution,,/tmp/phi1/dataset/002863.npy
2864,val,clean_music,,,123972,Attribution,,/tmp/phi1/dataset/002864.npy
2865,val,clean_music,,,58212,Attribution-ShareAlike 3.0 International,,/tmp/phi1/dataset/002865.npy
2866,val,clean_music,,,73169,Attribution 3.0 United States,,/tmp/phi1/dataset/002866.npy
2867,val,clean_music,,,126602,Attribution-ShareAlike,,/tmp/phi1/dataset/002867.npy
2868,val,clean_music,,,15487,Public Domain,,/tmp/phi1/dataset/002868.npy
2869,val,clean_music,,,121317,Attribution,,/tmp/phi1/dataset/002869.npy
2870,val,clean_music,,,107592,Attribution,,/tmp/phi1/dataset/002870.npy
2871,val,clean_music,,,143057,Attribution,,/tmp/phi1/dataset/002871.npy
2872,val,clean_music,,,63655,Attribution-ShareAlike 3.0 International,,/tmp/phi1/dataset/002872.npy
2873,val,clean_music,,,61012,Creative Commons Attribution,,/tmp/phi1/dataset/002873.npy
2874,val,clean_music,,,135365,Attribution,,/tmp/phi1/dataset/002874.npy
2875,val,clean_music,,,54467,Creative Commons Attribution,,/tmp/phi1/dataset/002875.npy
2876,val,clean_music,,,75933,Creative Commons Attribution,,/tmp/phi1/dataset/002876.npy
2877,val,clean_music,,,126300,Attribution,,/tmp/phi1/dataset/002877.npy
2878,val,clean_music,,,118478,Attribution,,/tmp/phi1/dataset/002878.npy
2879,val,clean_music,,,145003,Attribution,,/tmp/phi1/dataset/002879.npy
2880,val,clean_music,,,114404,Attribution,,/tmp/phi1/dataset/002880.npy
2881,val,clean_music,,,114275,Attribution,,/tmp/phi1/dataset/002881.npy
2882,val,clean_music,,,134359,Attribution,,/tmp/phi1/dataset/002882.npy
2883,val,clean_music,,,141561,Attribution,,/tmp/phi1/dataset/002883.npy
2884,val,clean_music,,,75933,Creative Commons Attribution,,/tmp/phi1/dataset/002884.npy
2885,val,clean_music,,,22477,Attribution 3.0 United States,,/tmp/phi1/dataset/002885.npy
2886,val,clean_music,,,114405,Attribution,,/tmp/phi1/dataset/002886.npy
2887,val,clean_music,,,22477,Attribution 3.0 United States,,/tmp/phi1/dataset/002887.npy
2888,val,clean_music,,,21997,Public Domain,,/tmp/phi1/dataset/002888.npy
2889,val,clean_music,,,10696,Creative Commons Attribution,,/tmp/phi1/dataset/002889.npy
2890,val,clean_music,,,98573,Attribution,,/tmp/phi1/dataset/002890.npy
2891,val,clean_music,,,88879,Attribution 3.0 United States,,/tmp/phi1/dataset/002891.npy
2892,val,clean_music,,,24428,Creative Commons Attribution,,/tmp/phi1/dataset/002892.npy
2893,val,clean_music,,,141561,Attribution,,/tmp/phi1/dataset/002893.npy
2894,val,clean_music,,,130131,Attribution,,/tmp/phi1/dataset/002894.npy
2895,val,clean_music,,,10696,Creative Commons Attribution,,/tmp/phi1/dataset/002895.npy
2896,val,clean_music,,,141903,Attribution-ShareAlike,,/tmp/phi1/dataset/002896.npy
2897,val,clean_music,,,114398,Attribution,,/tmp/phi1/dataset/002897.npy
2898,val,clean_music,,,24426,Creative Commons Attribution,,/tmp/phi1/dataset/002898.npy
2899,val,clean_music,,,107569,Attribution,,/tmp/phi1/dataset/002899.npy
2900,val,clean_music,,,145257,Attribution-ShareAlike,,/tmp/phi1/dataset/002900.npy
2901,val,clean_music,,,122364,Attribution,,/tmp/phi1/dataset/002901.npy
2902,val,clean_music,,,122086,Attribution-ShareAlike,,/tmp/phi1/dataset/002902.npy
2903,val,clean_music,,,75937,Creative Commons Attribution,,/tmp/phi1/dataset/002903.npy
2904,val,clean_music,,,148212,Attribution,,/tmp/phi1/dataset/002904.npy
2905,val,clean_music,,,135365,Attribution,,/tmp/phi1/dataset/002905.npy
2906,val,clean_music,,,44169,Attribution-ShareAlike 3.0 International,,/tmp/phi1/dataset/002906.npy
2907,val,clean_music,,,61010,Creative Commons Attribution,,/tmp/phi1/dataset/002907.npy
2908,val,clean_music,,,121314,Attribution,,/tmp/phi1/dataset/002908.npy
2909,val,clean_music,,,107425,Attribution,,/tmp/phi1/dataset/002909.npy
2910,val,clean_music,,,122359,Attribution,,/tmp/phi1/dataset/002910.npy
2911,val,clean_music,,,141291,Attribution-ShareAlike,,/tmp/phi1/dataset/002911.npy
2912,val,clean_music,,,135375,Attribution,,/tmp/phi1/dataset/002912.npy
2913,val,clean_music,,,139226,Attribution,,/tmp/phi1/dataset/002913.npy
2914,val,clean_music,,,133441,CC0 1.0 Universal,,/tmp/phi1/dataset/002914.npy
2915,val,clean_music,,,73822,Attribution-ShareAlike 3.0 International,,/tmp/phi1/dataset/002915.npy
2916,val,clean_music,,,112199,Attribution,,/tmp/phi1/dataset/002916.npy
2917,val,clean_music,,,52646,Attribution 3.0 United States,,/tmp/phi1/dataset/002917.npy
2918,val,clean_music,,,130131,Attribution,,/tmp/phi1/dataset/002918.npy
2919,val,clean_music,,,80516,Attribution-ShareAlike 3.0 International,,/tmp/phi1/dataset/002919.npy
2920,val,clean_music,,,126295,Attribution,,/tmp/phi1/dataset/002920.npy
2921,val,clean_music,,,134942,Attribution,,/tmp/phi1/dataset/002921.npy
2922,val,clean_music,,,114272,Attribution,,/tmp/phi1/dataset/002922.npy
2923,val,clean_music,,,123966,Attribution,,/tmp/phi1/dataset/002923.npy
2924,val,clean_music,,,121312,Attribution,,/tmp/phi1/dataset/002924.npy
2925,val,clean_music,,,91164,Creative Commons Attribution,,/tmp/phi1/dataset/002925.npy
2926,val,clean_music,,,147409,Attribution,,/tmp/phi1/dataset/002926.npy
2927,val,clean_music,,,135375,Attribution,,/tmp/phi1/dataset/002927.npy
2928,val,clean_music,,,114384,Attribution,,/tmp/phi1/dataset/002928.npy
2929,val,clean_music,,,122086,Attribution-ShareAlike,,/tmp/phi1/dataset/002929.npy
2930,val,clean_music,,,121320,Attribution,,/tmp/phi1/dataset/002930.npy
2931,val,clean_music,,,129399,Attribution,,/tmp/phi1/dataset/002931.npy
2932,val,clean_music,,,141593,Attribution,,/tmp/phi1/dataset/002932.npy
2933,val,clean_music,,,145609,Attribution,,/tmp/phi1/dataset/002933.npy
2934,val,clean_music,,,85791,Attribution-ShareAlike 3.0 International,,/tmp/phi1/dataset/002934.npy
2935,val,clean_music,,,38782,Attribution-Share Alike 3.0 United States,,/tmp/phi1/dataset/002935.npy
2936,val,clean_music,,,114268,Attribution,,/tmp/phi1/dataset/002936.npy
2937,val,clean_music,,,133456,CC0 1.0 Universal,,/tmp/phi1/dataset/002937.npy
2938,val,clean_music,,,71253,Attribution-ShareAlike 3.0 International,,/tmp/phi1/dataset/002938.npy
2939,val,clean_music,,,148233,Attribution,,/tmp/phi1/dataset/002939.npy
2940,val,clean_music,,,68839,Attribution 3.0 United States,,/tmp/phi1/dataset/002940.npy
2941,val,clean_music,,,148218,Attribution,,/tmp/phi1/dataset/002941.npy
2942,val,clean_music,,,115772,Attribution,,/tmp/phi1/dataset/002942.npy
2943,val,clean_music,,,141594,Attribution,,/tmp/phi1/dataset/002943.npy
2944,val,clean_music,,,88879,Attribution 3.0 United States,,/tmp/phi1/dataset/002944.npy
2945,val,clean_music,,,75386,Creative Commons Attribution,,/tmp/phi1/dataset/002945.npy
2946,val,clean_music,,,122364,Attribution,,/tmp/phi1/dataset/002946.npy
2947,val,clean_music,,,126602,Attribution-ShareAlike,,/tmp/phi1/dataset/002947.npy
2948,val,mixed,3536,/home/aidevcon/Downloads/DATASET/librispeech/LibriSpeech/dev-clean/3536/23268/3536-23268-0016.flac,148214,Attribution,3,/tmp/phi1/dataset/002948.npy
2949,val,mixed,3000,/home/aidevcon/Downloads/DATASET/librispeech/LibriSpeech/dev-clean/3000/15664/3000-15664-0020.flac,127193,Attribution-ShareAlike,-3,/tmp/phi1/dataset/002949.npy
2950,val,mixed,1919,/home/aidevcon/Downloads/DATASET/librispeech/LibriSpeech/dev-clean/1919/142785/1919-142785-0011.flac,134359,Attribution,10,/tmp/phi1/dataset/002950.npy
2951,val,mixed,3536,/home/aidevcon/Downloads/DATASET/librispeech/LibriSpeech/dev-clean/3536/8226/3536-8226-0001.flac,12179,Attribution-ShareAlike 3.0 International,3,/tmp/phi1/dataset/002951.npy
2952,val,mixed,1919,/home/aidevcon/Downloads/DATASET/librispeech/LibriSpeech/dev-clean/1919/142785/1919-142785-0053.flac,114268,Attribution,10,/tmp/phi1/dataset/002952.npy
2953,val,mixed,3000,/home/aidevcon/Downloads/DATASET/librispeech/LibriSpeech/dev-clean/3000/15664/3000-15664-0034.flac,114393,Attribution,10,/tmp/phi1/dataset/002953.npy
2954,val,mixed,2035,/home/aidevcon/Downloads/DATASET/librispeech/LibriSpeech/dev-clean/2035/147961/2035-147961-0000.flac,141617,Attribution,10,/tmp/phi1/dataset/002954.npy
2955,val,mixed,3000,/home/aidevcon/Downloads/DATASET/librispeech/LibriSpeech/dev-clean/3000/15664/3000-15664-0032.flac,91624,Creative Commons Attribution,-3,/tmp/phi1/dataset/002955.npy
2956,val,mixed,3081,/home/aidevcon/Downloads/DATASET/librispeech/LibriSpeech/dev-clean/3081/166546/3081-166546-0074.flac,144587,Attribution-ShareAlike,3,/tmp/phi1/dataset/002956.npy
2957,val,mixed,1919,/home/aidevcon/Downloads/DATASET/librispeech/LibriSpeech/dev-clean/1919/142785/1919-142785-0011.flac,114411,Attribution,-3,/tmp/phi1/dataset/002957.npy
2958,val,mixed,3000,/home/aidevcon/Downloads/DATASET/librispeech/LibriSpeech/dev-clean/3000/15664/3000-15664-0018.flac,80516,Attribution-ShareAlike 3.0 International,-9,/tmp/phi1/dataset/002958.npy
2959,val,mixed,1919,/home/aidevcon/Downloads/DATASET/librispeech/LibriSpeech/dev-clean/1919/142785/1919-142785-0012.flac,143059,Attribution,-3,/tmp/phi1/dataset/002959.npy
2960,val,mixed,1919,/home/aidevcon/Downloads/DATASET/librispeech/LibriSpeech/dev-clean/1919/142785/1919-142785-0040.flac,149712,Attribution,10,/tmp/phi1/dataset/002960.npy
2961,val,mixed,3000,/home/aidevcon/Downloads/DATASET/librispeech/LibriSpeech/dev-clean/3000/15664/3000-15664-0044.flac,64856,Creative Commons Attribution,-9,/tmp/phi1/dataset/002961.npy
2962,val,mixed,3081,/home/aidevcon/Downloads/DATASET/librispeech/LibriSpeech/dev-clean/3081/166546/3081-166546-0020.flac,88860,Attribution 3.0 United States,3,/tmp/phi1/dataset/002962.npy
2963,val,mixed,3536,/home/aidevcon/Downloads/DATASET/librispeech/LibriSpeech/dev-clean/3536/23268/3536-23268-0023.flac,75937,Creative Commons Attribution,-3,/tmp/phi1/dataset/002963.npy
2964,val,mixed,1919,/home/aidevcon/Downloads/DATASET/librispeech/LibriSpeech/dev-clean/1919/142785/1919-142785-0054.flac,107592,Attribution,-9,/tmp/phi1/dataset/002964.npy
2965,val,mixed,1919,/home/aidevcon/Downloads/DATASET/librispeech/LibriSpeech/dev-clean/1919/142785/1919-142785-0041.flac,141877,Attribution,-3,/tmp/phi1/dataset/002965.npy
2966,val,mixed,3000,/home/aidevcon/Downloads/DATASET/librispeech/LibriSpeech/dev-clean/3000/15664/3000-15664-0019.flac,10695,Creative Commons Attribution,-3,/tmp/phi1/dataset/002966.npy
2967,val,mixed,3000,/home/aidevcon/Downloads/DATASET/librispeech/LibriSpeech/dev-clean/3000/15664/3000-15664-0013.flac,116880,Attribution,-3,/tmp/phi1/dataset/002967.npy
2968,val,mixed,3000,/home/aidevcon/Downloads/DATASET/librispeech/LibriSpeech/dev-clean/3000/15664/3000-15664-0036.flac,143058,Attribution,10,/tmp/phi1/dataset/002968.npy
2969,val,mixed,3000,/home/aidevcon/Downloads/DATASET/librispeech/LibriSpeech/dev-clean/3000/15664/3000-15664-0020.flac,133441,CC0 1.0 Universal,10,/tmp/phi1/dataset/002969.npy
2970,val,mixed,1919,/home/aidevcon/Downloads/DATASET/librispeech/LibriSpeech/dev-clean/1919/142785/1919-142785-0007.flac,114275,Attribution,10,/tmp/phi1/dataset/002970.npy
2971,val,mixed,2035,/home/aidevcon/Downloads/DATASET/librispeech/LibriSpeech/dev-clean/2035/147961/2035-147961-0018.flac,55101,Attribution-ShareAlike 3.0 International,3,/tmp/phi1/dataset/002971.npy
2972,val,mixed,3000,/home/aidevcon/Downloads/DATASET/librispeech/LibriSpeech/dev-clean/3000/15664/3000-15664-0010.flac,149775,Attribution,-3,/tmp/phi1/dataset/002972.npy
2973,val,mixed,1919,/home/aidevcon/Downloads/DATASET/librispeech/LibriSpeech/dev-clean/1919/142785/1919-142785-0010.flac,128710,Attribution,-3,/tmp/phi1/dataset/002973.npy
2974,val,mixed,1462,/home/aidevcon/Downloads/DATASET/librispeech/LibriSpeech/dev-clean/1462/170138/1462-170138-0005.flac,145003,Attribution,-3,/tmp/phi1/dataset/002974.npy
2975,val,mixed,3081,/home/aidevcon/Downloads/DATASET/librispeech/LibriSpeech/dev-clean/3081/166546/3081-166546-0085.flac,38781,Attribution-Share Alike 3.0 United States,-3,/tmp/phi1/dataset/002975.npy
2976,val,mixed,1462,/home/aidevcon/Downloads/DATASET/librispeech/LibriSpeech/dev-clean/1462/170142/1462-170142-0021.flac,44169,Attribution-ShareAlike 3.0 International,3,/tmp/phi1/dataset/002976.npy
2977,val,mixed,3081,/home/aidevcon/Downloads/DATASET/librispeech/LibriSpeech/dev-clean/3081/166546/3081-166546-0087.flac,75745,Creative Commons Attribution,-3,/tmp/phi1/dataset/002977.npy
2978,val,mixed,2035,/home/aidevcon/Downloads/DATASET/librispeech/LibriSpeech/dev-clean/2035/147961/2035-147961-0032.flac,88877,Attribution 3.0 United States,3,/tmp/phi1/dataset/002978.npy
2979,val,mixed,3081,/home/aidevcon/Downloads/DATASET/librispeech/LibriSpeech/dev-clean/3081/166546/3081-166546-0011.flac,22477,Attribution 3.0 United States,-9,/tmp/phi1/dataset/002979.npy
2980,val,mixed,2035,/home/aidevcon/Downloads/DATASET/librispeech/LibriSpeech/dev-clean/2035/152373/2035-152373-0012.flac,24428,Creative Commons Attribution,10,/tmp/phi1/dataset/002980.npy
2981,val,mixed,3000,/home/aidevcon/Downloads/DATASET/librispeech/LibriSpeech/dev-clean/3000/15664/3000-15664-0028.flac,24901,Attribution 3.0 United States,10,/tmp/phi1/dataset/002981.npy
2982,val,mixed,3536,/home/aidevcon/Downloads/DATASET/librispeech/LibriSpeech/dev-clean/3536/8226/3536-8226-0004.flac,38895,Public Domain,3,/tmp/phi1/dataset/002982.npy
2983,val,mixed,1919,/home/aidevcon/Downloads/DATASET/librispeech/LibriSpeech/dev-clean/1919/142785/1919-142785-0001.flac,24901,Attribution 3.0 United States,10,/tmp/phi1/dataset/002983.npy
2984,val,mixed,2035,/home/aidevcon/Downloads/DATASET/librispeech/LibriSpeech/dev-clean/2035/152373/2035-152373-0004.flac,118478,Attribution,10,/tmp/phi1/dataset/002984.npy
2985,val,mixed,1919,/home/aidevcon/Downloads/DATASET/librispeech/LibriSpeech/dev-clean/1919/142785/1919-142785-0008.flac,134942,Attribution,3,/tmp/phi1/dataset/002985.npy
2986,val,mixed,3536,/home/aidevcon/Downloads/DATASET/librispeech/LibriSpeech/dev-clean/3536/23268/3536-23268-0000.flac,142666,Attribution,3,/tmp/phi1/dataset/002986.npy
2987,val,mixed,3081,/home/aidevcon/Downloads/DATASET/librispeech/LibriSpeech/dev-clean/3081/166546/3081-166546-0026.flac,73822,Attribution-ShareAlike 3.0 International,-9,/tmp/phi1/dataset/002987.npy
2988,val,mixed,1919,/home/aidevcon/Downloads/DATASET/librispeech/LibriSpeech/dev-clean/1919/142785/1919-142785-0050.flac,71249,Attribution-ShareAlike 3.0 International,10,/tmp/phi1/dataset/002988.npy
2989,val,mixed,3000,/home/aidevcon/Downloads/DATASET/librispeech/LibriSpeech/dev-clean/3000/15664/3000-15664-0038.flac,35008,Creative Commons Attribution,10,/tmp/phi1/dataset/002989.npy
2990,val,mixed,3536,/home/aidevcon/Downloads/DATASET/librispeech/LibriSpeech/dev-clean/3536/8226/3536-8226-0005.flac,149775,Attribution,-3,/tmp/phi1/dataset/002990.npy
2991,val,mixed,2035,/home/aidevcon/Downloads/DATASET/librispeech/LibriSpeech/dev-clean/2035/147961/2035-147961-0004.flac,38781,Attribution-Share Alike 3.0 United States,-3,/tmp/phi1/dataset/002991.npy
2992,val,mixed,1462,/home/aidevcon/Downloads/DATASET/librispeech/LibriSpeech/dev-clean/1462/170138/1462-170138-0008.flac,141594,Attribution,-9,/tmp/phi1/dataset/002992.npy
2993,val,mixed,1462,/home/aidevcon/Downloads/DATASET/librispeech/LibriSpeech/dev-clean/1462/170142/1462-170142-0005.flac,38781,Attribution-Share Alike 3.0 United States,3,/tmp/phi1/dataset/002993.npy
2994,val,mixed,3081,/home/aidevcon/Downloads/DATASET/librispeech/LibriSpeech/dev-clean/3081/166546/3081-166546-0000.flac,127298,Attribution,3,/tmp/phi1/dataset/002994.npy
2995,val,mixed,1919,/home/aidevcon/Downloads/DATASET/librispeech/LibriSpeech/dev-clean/1919/142785/1919-142785-0061.flac,61491,Creative Commons Attribution,10,/tmp/phi1/dataset/002995.npy
2996,val,mixed,2035,/home/aidevcon/Downloads/DATASET/librispeech/LibriSpeech/dev-clean/2035/147961/2035-147961-0025.flac,148233,Attribution,3,/tmp/phi1/dataset/002996.npy
2997,val,mixed,3000,/home/aidevcon/Downloads/DATASET/librispeech/LibriSpeech/dev-clean/3000/15664/3000-15664-0045.flac,35537,Attribution-ShareAlike 3.0 International,3,/tmp/phi1/dataset/002997.npy
2998,val,mixed,3000,/home/aidevcon/Downloads/DATASET/librispeech/LibriSpeech/dev-clean/3000/15664/3000-15664-0017.flac,63655,Attribution-ShareAlike 3.0 International,-9,/tmp/phi1/dataset/002998.npy
2999,val,mixed,2035,/home/aidevcon/Downloads/DATASET/librispeech/LibriSpeech/dev-clean/2035/152373/2035-152373-0000.flac,91788,Attribution 3.0 United States,-3,/tmp/phi1/dataset/002999.npy
3000,val,mixed,1919,/home/aidevcon/Downloads/DATASET/librispeech/LibriSpeech/dev-clean/1919/142785/1919-142785-0059.flac,71249,Attribution-ShareAlike 3.0 International,-3,/tmp/phi1/dataset/003000.npy
3001,val,mixed,2035,/home/aidevcon/Downloads/DATASET/librispeech/LibriSpeech/dev-clean/2035/152373/2035-152373-0009.flac,10696,Creative Commons Attribution,-3,/tmp/phi1/dataset/003001.npy
3002,val,mixed,1919,/home/aidevcon/Downloads/DATASET/librispeech/LibriSpeech/dev-clean/1919/142785/1919-142785-0051.flac,114245,Attribution,-9,/tmp/phi1/dataset/003002.npy
3003,val,mixed,3081,/home/aidevcon/Downloads/DATASET/librispeech/LibriSpeech/dev-clean/3081/166546/3081-166546-0079.flac,114272,Attribution,10,/tmp/phi1/dataset/003003.npy
3004,val,mixed,2035,/home/aidevcon/Downloads/DATASET/librispeech/LibriSpeech/dev-clean/2035/152373/2035-152373-0001.flac,114398,Attribution,-9,/tmp/phi1/dataset/003004.npy
3005,val,mixed,2035,/home/aidevcon/Downloads/DATASET/librispeech/LibriSpeech/dev-clean/2035/152373/2035-152373-0010.flac,80516,Attribution-ShareAlike 3.0 International,10,/tmp/phi1/dataset/003005.npy
3006,val,mixed,1462,/home/aidevcon/Downloads/DATASET/librispeech/LibriSpeech/dev-clean/1462/170138/1462-170138-0007.flac,141894,Attribution,-9,/tmp/phi1/dataset/003006.npy
3007,val,mixed,3536,/home/aidevcon/Downloads/DATASET/librispeech/LibriSpeech/dev-clean/3536/23268/3536-23268-0021.flac,134452,CC0 1.0 Universal,-9,/tmp/phi1/dataset/003007.npy
3008,val,mixed,3000,/home/aidevcon/Downloads/DATASET/librispeech/LibriSpeech/dev-clean/3000/15664/3000-15664-0033.flac,121320,Attribution,10,/tmp/phi1/dataset/003008.npy
3009,val,mixed,2035,/home/aidevcon/Downloads/DATASET/librispeech/LibriSpeech/dev-clean/2035/147960/2035-147960-0002.flac,61010,Creative Commons Attribution,3,/tmp/phi1/dataset/003009.npy
3010,val,mixed,3081,/home/aidevcon/Downloads/DATASET/librispeech/LibriSpeech/dev-clean/3081/166546/3081-166546-0070.flac,107425,Attribution,-3,/tmp/phi1/dataset/003010.npy
3011,val,mixed,3536,/home/aidevcon/Downloads/DATASET/librispeech/LibriSpeech/dev-clean/3536/8226/3536-8226-0022.flac,50754,Attribution-ShareAlike 3.0 International,3,/tmp/phi1/dataset/003011.npy
3012,val,mixed,3536,/home/aidevcon/Downloads/DATASET/librispeech/LibriSpeech/dev-clean/3536/8226/3536-8226-0004.flac,63655,Attribution-ShareAlike 3.0 International,-3,/tmp/phi1/dataset/003012.npy
3013,val,mixed,3000,/home/aidevcon/Downloads/DATASET/librispeech/LibriSpeech/dev-clean/3000/15664/3000-15664-0002.flac,38908,Public Domain,10,/tmp/phi1/dataset/003013.npy
3014,val,mixed,3081,/home/aidevcon/Downloads/DATASET/librispeech/LibriSpeech/dev-clean/3081/166546/3081-166546-0062.flac,61010,Creative Commons Attribution,10,/tmp/phi1/dataset/003014.npy
3015,val,mixed,3081,/home/aidevcon/Downloads/DATASET/librispeech/LibriSpeech/dev-clean/3081/166546/3081-166546-0030.flac,137167,Attribution-ShareAlike,3,/tmp/phi1/dataset/003015.npy
3016,val,mixed,3536,/home/aidevcon/Downloads/DATASET/librispeech/LibriSpeech/dev-clean/3536/23268/3536-23268-0017.flac,121312,Attribution,-9,/tmp/phi1/dataset/003016.npy
3017,val,mixed,1919,/home/aidevcon/Downloads/DATASET/librispeech/LibriSpeech/dev-clean/1919/142785/1919-142785-0018.flac,137054,Attribution,-9,/tmp/phi1/dataset/003017.npy
3018,val,mixed,1919,/home/aidevcon/Downloads/DATASET/librispeech/LibriSpeech/dev-clean/1919/142785/1919-142785-0047.flac,35008,Creative Commons Attribution,10,/tmp/phi1/dataset/003018.npy
3019,val,mixed,1919,/home/aidevcon/Downloads/DATASET/librispeech/LibriSpeech/dev-clean/1919/142785/1919-142785-0020.flac,54470,Creative Commons Attribution,3,/tmp/phi1/dataset/003019.npy
3020,val,mixed,3536,/home/aidevcon/Downloads/DATASET/librispeech/LibriSpeech/dev-clean/3536/23268/3536-23268-0029.flac,63655,Attribution-ShareAlike 3.0 International,-9,/tmp/phi1/dataset/003020.npy
3021,val,mixed,3000,/home/aidevcon/Downloads/DATASET/librispeech/LibriSpeech/dev-clean/3000/15664/3000-15664-0038.flac,144587,Attribution-ShareAlike,-9,/tmp/phi1/dataset/003021.npy
3022,val,mixed,3000,/home/aidevcon/Downloads/DATASET/librispeech/LibriSpeech/dev-clean/3000/15664/3000-15664-0021.flac,71510,Creative Commons Attribution,-9,/tmp/phi1/dataset/003022.npy
3023,val,mixed,3536,/home/aidevcon/Downloads/DATASET/librispeech/LibriSpeech/dev-clean/3536/23268/3536-23268-0025.flac,52648,Attribution 3.0 United States,-9,/tmp/phi1/dataset/003023.npy
3024,val,mixed,1462,/home/aidevcon/Downloads/DATASET/librispeech/LibriSpeech/dev-clean/1462/170142/1462-170142-0019.flac,121314,Attribution,-3,/tmp/phi1/dataset/003024.npy
3025,val,mixed,3081,/home/aidevcon/Downloads/DATASET/librispeech/LibriSpeech/dev-clean/3081/166546/3081-166546-0013.flac,141293,Attribution-ShareAlike,3,/tmp/phi1/dataset/003025.npy
3026,val,mixed,3000,/home/aidevcon/Downloads/DATASET/librispeech/LibriSpeech/dev-clean/3000/15664/3000-15664-0032.flac,61010,Creative Commons Attribution,3,/tmp/phi1/dataset/003026.npy
3027,val,mixed,1462,/home/aidevcon/Downloads/DATASET/librispeech/LibriSpeech/dev-clean/1462/170138/1462-170138-0006.flac,133456,CC0 1.0 Universal,10,/tmp/phi1/dataset/003027.npy
3028,val,mixed,3000,/home/aidevcon/Downloads/DATASET/librispeech/LibriSpeech/dev-clean/3000/15664/3000-15664-0023.flac,50754,Attribution-ShareAlike 3.0 International,3,/tmp/phi1/dataset/003028.npy
3029,val,mixed,3536,/home/aidevcon/Downloads/DATASET/librispeech/LibriSpeech/dev-clean/3536/8226/3536-8226-0015.flac,126300,Attribution,3,/tmp/phi1/dataset/003029.npy
3030,val,mixed,3081,/home/aidevcon/Downloads/DATASET/librispeech/LibriSpeech/dev-clean/3081/166546/3081-166546-0007.flac,130131,Attribution,10,/tmp/phi1/dataset/003030.npy
3031,val,mixed,2035,/home/aidevcon/Downloads/DATASET/librispeech/LibriSpeech/dev-clean/2035/152373/2035-152373-0006.flac,13596,Attribution-ShareAlike 3.0 International,-9,/tmp/phi1/dataset/003031.npy
3032,val,mixed,2035,/home/aidevcon/Downloads/DATASET/librispeech/LibriSpeech/dev-clean/2035/147961/2035-147961-0032.flac,141894,Attribution,-3,/tmp/phi1/dataset/003032.npy
3033,val,mixed,1919,/home/aidevcon/Downloads/DATASET/librispeech/LibriSpeech/dev-clean/1919/142785/1919-142785-0060.flac,142666,Attribution,-3,/tmp/phi1/dataset/003033.npy
3034,val,mixed,2035,/home/aidevcon/Downloads/DATASET/librispeech/LibriSpeech/dev-clean/2035/152373/2035-152373-0008.flac,127298,Attribution,3,/tmp/phi1/dataset/003034.npy
3035,val,mixed,3536,/home/aidevcon/Downloads/DATASET/librispeech/LibriSpeech/dev-clean/3536/8226/3536-8226-0018.flac,64515,Attribution-ShareAlike 3.0 International,-3,/tmp/phi1/dataset/003035.npy
3036,val,mixed,1462,/home/aidevcon/Downloads/DATASET/librispeech/LibriSpeech/dev-clean/1462/170138/1462-170138-0017.flac,52646,Attribution 3.0 United States,-3,/tmp/phi1/dataset/003036.npy
3037,val,mixed,1919,/home/aidevcon/Downloads/DATASET/librispeech/LibriSpeech/dev-clean/1919/142785/1919-142785-0026.flac,91164,Creative Commons Attribution,10,/tmp/phi1/dataset/003037.npy
3038,val,mixed,1919,/home/aidevcon/Downloads/DATASET/librispeech/LibriSpeech/dev-clean/1919/142785/1919-142785-0025.flac,71249,Attribution-ShareAlike 3.0 International,3,/tmp/phi1/dataset/003038.npy
3039,val,mixed,1462,/home/aidevcon/Downloads/DATASET/librispeech/LibriSpeech/dev-clean/1462/170142/1462-170142-0002.flac,148212,Attribution,3,/tmp/phi1/dataset/003039.npy
3040,val,mixed,3081,/home/aidevcon/Downloads/DATASET/librispeech/LibriSpeech/dev-clean/3081/166546/3081-166546-0067.flac,113970,Attribution,10,/tmp/phi1/dataset/003040.npy
3041,val,mixed,3536,/home/aidevcon/Downloads/DATASET/librispeech/LibriSpeech/dev-clean/3536/23268/3536-23268-0027.flac,133446,CC0 1.0 Universal,3,/tmp/phi1/dataset/003041.npy
3042,val,mixed,1919,/home/aidevcon/Downloads/DATASET/librispeech/LibriSpeech/dev-clean/1919/142785/1919-142785-0007.flac,141877,Attribution,-3,/tmp/phi1/dataset/003042.npy
3043,val,mixed,3536,/home/aidevcon/Downloads/DATASET/librispeech/LibriSpeech/dev-clean/3536/8226/3536-8226-0015.flac,98573,Attribution,10,/tmp/phi1/dataset/003043.npy
3044,val,mixed,1919,/home/aidevcon/Downloads/DATASET/librispeech/LibriSpeech/dev-clean/1919/142785/1919-142785-0045.flac,52646,Attribution 3.0 United States,3,/tmp/phi1/dataset/003044.npy
3045,val,mixed,1919,/home/aidevcon/Downloads/DATASET/librispeech/LibriSpeech/dev-clean/1919/142785/1919-142785-0007.flac,126300,Attribution,-3,/tmp/phi1/dataset/003045.npy
3046,val,mixed,1919,/home/aidevcon/Downloads/DATASET/librispeech/LibriSpeech/dev-clean/1919/142785/1919-142785-0049.flac,64515,Attribution-ShareAlike 3.0 International,3,/tmp/phi1/dataset/003046.npy
3047,val,mixed,2035,/home/aidevcon/Downloads/DATASET/librispeech/LibriSpeech/dev-clean/2035/147960/2035-147960-0008.flac,148233,Attribution,-3,/tmp/phi1/dataset/003047.npy
3048,val,mixed,3000,/home/aidevcon/Downloads/DATASET/librispeech/LibriSpeech/dev-clean/3000/15664/3000-15664-0031.flac,118478,Attribution,10,/tmp/phi1/dataset/003048.npy
3049,val,mixed,3536,/home/aidevcon/Downloads/DATASET/librispeech/LibriSpeech/dev-clean/3536/8226/3536-8226-0011.flac,73170,Attribution 3.0 United States,3,/tmp/phi1/dataset/003049.npy
3050,val,mixed,3000,/home/aidevcon/Downloads/DATASET/librispeech/LibriSpeech/dev-clean/3000/15664/3000-15664-0021.flac,134452,CC0 1.0 Universal,3,/tmp/phi1/dataset/003050.npy
3051,val,mixed,1919,/home/aidevcon/Downloads/DATASET/librispeech/LibriSpeech/dev-clean/1919/142785/1919-142785-0047.flac,63733,Attribution-ShareAlike,10,/tmp/phi1/dataset/003051.npy
3052,val,mixed,3081,/home/aidevcon/Downloads/DATASET/librispeech/LibriSpeech/dev-clean/3081/166546/3081-166546-0089.flac,145003,Attribution,10,/tmp/phi1/dataset/003052.npy
3053,val,mixed,3536,/home/aidevcon/Downloads/DATASET/librispeech/LibriSpeech/dev-clean/3536/23268/3536-23268-0020.flac,91788,Attribution 3.0 United States,-3,/tmp/phi1/dataset/003053.npy
3054,val,mixed,3000,/home/aidevcon/Downloads/DATASET/librispeech/LibriSpeech/dev-clean/3000/15664/3000-15664-0035.flac,83718,Attribution-ShareAlike,-3,/tmp/phi1/dataset/003054.npy
3055,val,mixed,3081,/home/aidevcon/Downloads/DATASET/librispeech/LibriSpeech/dev-clean/3081/166546/3081-166546-0037.flac,12179,Attribution-ShareAlike 3.0 International,-3,/tmp/phi1/dataset/003055.npy
3056,val,mixed,1462,/home/aidevcon/Downloads/DATASET/librispeech/LibriSpeech/dev-clean/1462/170138/1462-170138-0024.flac,124391,Attribution-ShareAlike,10,/tmp/phi1/dataset/003056.npy
3057,val,mixed,3536,/home/aidevcon/Downloads/DATASET/librispeech/LibriSpeech/dev-clean/3536/23268/3536-23268-0006.flac,137054,Attribution,-3,/tmp/phi1/dataset/003057.npy
3058,val,mixed,1919,/home/aidevcon/Downloads/DATASET/librispeech/LibriSpeech/dev-clean/1919/142785/1919-142785-0027.flac,22474,Attribution 3.0 United States,3,/tmp/phi1/dataset/003058.npy
3059,val,mixed,3000,/home/aidevcon/Downloads/DATASET/librispeech/LibriSpeech/dev-clean/3000/15664/3000-15664-0037.flac,136276,Attribution,-9,/tmp/phi1/dataset/003059.npy
3060,val,mixed,3000,/home/aidevcon/Downloads/DATASET/librispeech/LibriSpeech/dev-clean/3000/15664/3000-15664-0019.flac,88863,Attribution 3.0 United States,-3,/tmp/phi1/dataset/003060.npy
3061,val,mixed,3536,/home/aidevcon/Downloads/DATASET/librispeech/LibriSpeech/dev-clean/3536/8226/3536-8226-0002.flac,21997,Public Domain,-3,/tmp/phi1/dataset/003061.npy
3062,val,mixed,3536,/home/aidevcon/Downloads/DATASET/librispeech/LibriSpeech/dev-clean/3536/23268/3536-23268-0013.flac,126295,Attribution,10,/tmp/phi1/dataset/003062.npy
3063,val,mixed,3536,/home/aidevcon/Downloads/DATASET/librispeech/LibriSpeech/dev-clean/3536/23268/3536-23268-0003.flac,114398,Attribution,10,/tmp/phi1/dataset/003063.npy
3064,val,mixed,3000,/home/aidevcon/Downloads/DATASET/librispeech/LibriSpeech/dev-clean/3000/15664/3000-15664-0024.flac,75746,Creative Commons Attribution,-3,/tmp/phi1/dataset/003064.npy
3065,val,mixed,1919,/home/aidevcon/Downloads/DATASET/librispeech/LibriSpeech/dev-clean/1919/142785/1919-142785-0004.flac,68839,Attribution 3.0 United States,3,/tmp/phi1/dataset/003065.npy
3066,val,mixed,3536,/home/aidevcon/Downloads/DATASET/librispeech/LibriSpeech/dev-clean/3536/23268/3536-23268-0001.flac,91164,Creative Commons Attribution,-3,/tmp/phi1/dataset/003066.npy
3067,val,mixed,1462,/home/aidevcon/Downloads/DATASET/librispeech/LibriSpeech/dev-clean/1462/170145/1462-170145-0000.flac,114398,Attribution,3,/tmp/phi1/dataset/003067.npy
3068,val,mixed,3536,/home/aidevcon/Downloads/DATASET/librispeech/LibriSpeech/dev-clean/3536/8226/3536-8226-0003.flac,38882,Public Domain,-3,/tmp/phi1/dataset/003068.npy
3069,val,mixed,1462,/home/aidevcon/Downloads/DATASET/librispeech/LibriSpeech/dev-clean/1462/170142/1462-170142-0001.flac,68839,Attribution 3.0 United States,10,/tmp/phi1/dataset/003069.npy
3070,val,mixed,3536,/home/aidevcon/Downloads/DATASET/librispeech/LibriSpeech/dev-clean/3536/8226/3536-8226-0010.flac,61012,Creative Commons Attribution,10,/tmp/phi1/dataset/003070.npy
3071,val,mixed,3000,/home/aidevcon/Downloads/DATASET/librispeech/LibriSpeech/dev-clean/3000/15664/3000-15664-0022.flac,38912,Public Domain,-9,/tmp/phi1/dataset/003071.npy
3072,val,mixed,2035,/home/aidevcon/Downloads/DATASET/librispeech/LibriSpeech/dev-clean/2035/152373/2035-152373-0002.flac,123975,Attribution,-3,/tmp/phi1/dataset/003072.npy
3073,val,mixed,3081,/home/aidevcon/Downloads/DATASET/librispeech/LibriSpeech/dev-clean/3081/166546/3081-166546-0085.flac,148231,Attribution,3,/tmp/phi1/dataset/003073.npy
3074,val,mixed,3000,/home/aidevcon/Downloads/DATASET/librispeech/LibriSpeech/dev-clean/3000/15664/3000-15664-0001.flac,127267,Attribution,-9,/tmp/phi1/dataset/003074.npy
3075,val,mixed,3000,/home/aidevcon/Downloads/DATASET/librispeech/LibriSpeech/dev-clean/3000/15664/3000-15664-0041.flac,52648,Attribution 3.0 United States,3,/tmp/phi1/dataset/003075.npy
3076,val,mixed,3000,/home/aidevcon/Downloads/DATASET/librispeech/LibriSpeech/dev-clean/3000/15664/3000-15664-0036.flac,145003,Attribution,-3,/tmp/phi1/dataset/003076.npy
3077,val,mixed,2035,/home/aidevcon/Downloads/DATASET/librispeech/LibriSpeech/dev-clean/2035/147961/2035-147961-0039.flac,35537,Attribution-ShareAlike 3.0 International,-3,/tmp/phi1/dataset/003077.npy
3078,val,mixed,3000,/home/aidevcon/Downloads/DATASET/librispeech/LibriSpeech/dev-clean/3000/15664/3000-15664-0015.flac,63655,Attribution-ShareAlike 3.0 International,3,/tmp/phi1/dataset/003078.npy
3079,val,mixed,3000,/home/aidevcon/Downloads/DATASET/librispeech/LibriSpeech/dev-clean/3000/15664/3000-15664-0014.flac,114411,Attribution,-9,/tmp/phi1/dataset/003079.npy
3080,val,mixed,3081,/home/aidevcon/Downloads/DATASET/librispeech/LibriSpeech/dev-clean/3081/166546/3081-166546-0031.flac,113702,Attribution-ShareAlike,3,/tmp/phi1/dataset/003080.npy
3081,val,mixed,1462,/home/aidevcon/Downloads/DATASET/librispeech/LibriSpeech/dev-clean/1462/170142/1462-170142-0019.flac,54470,Creative Commons Attribution,-9,/tmp/phi1/dataset/003081.npy
3082,val,mixed,2035,/home/aidevcon/Downloads/DATASET/librispeech/LibriSpeech/dev-clean/2035/147960/2035-147960-0005.flac,13596,Attribution-ShareAlike 3.0 International,3,/tmp/phi1/dataset/003082.npy
3083,val,mixed,1919,/home/aidevcon/Downloads/DATASET/librispeech/LibriSpeech/dev-clean/1919/142785/1919-142785-0009.flac,38908,Public Domain,-9,/tmp/phi1/dataset/003083.npy
3084,val,mixed,3536,/home/aidevcon/Downloads/DATASET/librispeech/LibriSpeech/dev-clean/3536/8226/3536-8226-0024.flac,115812,Attribution,-3,/tmp/phi1/dataset/003084.npy
3085,val,mixed,1919,/home/aidevcon/Downloads/DATASET/librispeech/LibriSpeech/dev-clean/1919/142785/1919-142785-0038.flac,148217,Attribution,3,/tmp/phi1/dataset/003085.npy
3086,val,mixed,3000,/home/aidevcon/Downloads/DATASET/librispeech/LibriSpeech/dev-clean/3000/15664/3000-15664-0012.flac,114268,Attribution,-9,/tmp/phi1/dataset/003086.npy
3087,val,mixed,1462,/home/aidevcon/Downloads/DATASET/librispeech/LibriSpeech/dev-clean/1462/170145/1462-170145-0022.flac,30058,Attribution-ShareAlike,10,/tmp/phi1/dataset/003087.npy
3088,val,mixed,3536,/home/aidevcon/Downloads/DATASET/librispeech/LibriSpeech/dev-clean/3536/8226/3536-8226-0023.flac,64862,Creative Commons Attribution,-9,/tmp/phi1/dataset/003088.npy
3089,val,mixed,3000,/home/aidevcon/Downloads/DATASET/librispeech/LibriSpeech/dev-clean/3000/15664/3000-15664-0031.flac,143057,Attribution,3,/tmp/phi1/dataset/003089.npy
3090,val,mixed,3000,/home/aidevcon/Downloads/DATASET/librispeech/LibriSpeech/dev-clean/3000/15664/3000-15664-0033.flac,148233,Attribution,-9,/tmp/phi1/dataset/003090.npy
3091,val,mixed,1919,/home/aidevcon/Downloads/DATASET/librispeech/LibriSpeech/dev-clean/1919/142785/1919-142785-0013.flac,128710,Attribution,3,/tmp/phi1/dataset/003091.npy
3092,val,mixed,3000,/home/aidevcon/Downloads/DATASET/librispeech/LibriSpeech/dev-clean/3000/15664/3000-15664-0007.flac,64515,Attribution-ShareAlike 3.0 International,3,/tmp/phi1/dataset/003092.npy
3093,val,mixed,3000,/home/aidevcon/Downloads/DATASET/librispeech/LibriSpeech/dev-clean/3000/15664/3000-15664-0041.flac,58212,Attribution-ShareAlike 3.0 International,3,/tmp/phi1/dataset/003093.npy
3094,val,mixed,1919,/home/aidevcon/Downloads/DATASET/librispeech/LibriSpeech/dev-clean/1919/142785/1919-142785-0030.flac,114393,Attribution,-9,/tmp/phi1/dataset/003094.npy
